playerid,PlayerName,position,PA_atc,composite_zscore,z_HR,z_R,z_RBI,z_SB,z_OBP,z_SLG
2396,Carlos Santana,1B,283.232,-0.4226964976882017,-0.32971630314592226,-0.5572825948273356,-0.3907763733498454,-0.6245636050355127,-0.17497442910315006,-0.45886568066744454
2967,Tommy Pham,OF,332.152,-0.28034324362420476,-0.4777684610590664,-0.2900567649345023,-0.3467427498806831,-0.30131667976122367,0.12382456942073035,-0.38999937553048325
4949,Giancarlo Stanton,DH/OF,434.832,0.7687229824888425,2.3129948650419383,0.094970236684561,1.4149150433907343,-0.833068167156777,0.013596886349009706,1.6089290306235886
5235,Justin Turner,3B,197.76,-0.7304246256594519,-0.8436606144021052,-0.9622480495355678,-0.8102385042848613,-0.7777662718946503,-0.19360303636631954,-0.7950312774732061
5361,Freddie Freeman,1B,621.944,1.3561359214778783,1.0066428595308055,1.666666914575162,1.5075419164386168,0.1980484566377397,2.3116962994706776,1.4462190822142689
5417,Jose Altuve,2B,598.91,0.9712526697822202,0.6906899367310769,1.4398340816005282,0.7646619132267304,0.7369044870257445,1.4074007881296344,0.7880248119796073
5517,Kyle Higashioka,C,271.751,-0.27725692703425153,0.19923749976327854,-0.5915428085050018,-0.09748029210472689,-0.7195002945490787,-1.0239656715413035,0.569710004731323
5827,Wilmer Flores,1B,249.481,-0.5338951463071829,-0.4005405873045905,-0.7705672581690497,-0.4643743731919189,-0.8236003765427119,-0.4744494604509419,-0.2698388221838848
7304,Salvador Perez,C,591.35,0.24133446188656726,1.2302559537073283,0.20397563488055884,1.5110413867434445,-0.8296445407933802,-0.883887201813778,0.21626553859523048
7739,Travis d'Arnaud,C,231.18,-0.7690173143832307,-0.42520855549833153,-0.890372236063763,-0.5846851692937275,-0.8262380717831679,-1.417778705761509,-0.469821147898886
7802,Miguel Rojas,SS,178.689,-0.6387669498234486,-0.9537001177246571,-0.9588345776400659,-1.0164964573929038,-0.5178096253358144,0.11256380885497651,-0.4983247297022263
9218,Paul Goldschmidt,1B,437.633,-0.03617490549658257,-0.22792410375503808,0.1965712664761113,0.011657630888514535,-0.22332025236084982,0.36575163003603217,-0.3397856042642655
9241,Starling Marte,OF,255.717,-0.41496465144297034,-0.7710511954901221,-0.5755657168673988,-0.688998017584191,-0.09599496307480601,0.12192140454155997,-0.48009942018286417
9774,Christian Vázquez,C,185.323,-1.3396157574238428,-1.0073784359562628,-1.1362886067624582,-1.0690307011003297,-0.7597585297556663,-2.157910587978823,-1.9073276829895163
9777,Nolan Arenado,3B,552.159,0.015236479592288132,0.18515638909843662,0.3737939133649496,0.7625937329974081,-0.577515359301273,-0.38225392396455754,-0.27035587464123484
9847,Andrew McCutchen,OF,317.312,-0.353344354146619,-0.4508491621589965,-0.42504081302280816,-0.4264887829804325,-0.6323271553428781,0.3145113910950089,-0.4998716024696079
9874,DJ LeMahieu,2B,126.585,-0.9920942915399754,-1.0567059338328768,-1.2434423624434146,-1.2425492722954292,-0.818729508761504,-0.2515620788169516,-1.339576593089675
10155,Mike Trout,OF,518.082,0.383571261649738,0.9271441421716113,0.7126927800993925,0.6523171033204651,-0.5118296372620439,0.2950222471178438,0.22608093445115923
10231,Jose Iglesias,SS,180.857,-0.6567312156674432,-1.0231912662151634,-0.974633571690453,-1.031779801087474,-0.6000414547445565,0.40180195565962706,-0.7125431559266391
10243,Randal Grichuk,OF,226.68,-0.3057798087039374,-0.4320449780497734,-0.7165626447176368,-0.5279627801903548,-0.7774582396153872,0.11882917363613708,0.500520616713391
10324,Marcell Ozuna,DH/OF,466.713,0.8219177076100745,1.2642136778855224,0.48339858969500044,0.9955073502674884,-0.7857880663814516,1.3983423508810782,1.575832343312809
10472,Enrique Hernández,OF,250.041,-0.77692086899554,-0.4861139729689614,-0.7537067641446419,-0.5780055109352085,-0.7942657280326958,-1.3523004524504392,-0.6971327854412933
10681,Gio Urshela,3B,167.139,-1.0154115391570873,-1.0132036110606406,-1.1663535849432503,-1.03350159784768,-0.8164206812171871,-0.8561495101636414,-1.2068402497101238
10815,Jurickson Profar,OF,598.934,1.2410121533946044,1.2234604254637822,1.5745476769173763,1.3255234548744763,0.05953031973426363,1.8766695826169288,1.3863414607607993
11442,Gary Sánchez,C,222.738,-0.20811123036193316,0.14175857929437238,-0.754286073839269,-0.32781904687572977,-0.8101446542360642,-0.2625542780863615,0.7643780915714534
11445,Mark Canha,OF,152.031,-0.9586828984103892,-1.0372587252358714,-1.1251576440615638,-1.1544878058449195,-0.7021169068565997,-0.27647173258076696,-1.4566045758826143
11477,Christian Yelich,OF,585.32,1.8415665705145334,1.516637855894737,1.8883234393660673,1.5826082995236275,1.5945021638658388,2.408389044150896,2.058938620286033
11493,Manny Machado,3B,629.777,1.0628384558594879,1.3923642124626747,1.3101011413712056,1.7651709568442286,0.27072857114611,0.5734850717698721,1.065180781562836
11579,Bryce Harper,OF,611.718,1.049946538422062,1.1829054062603377,1.3848070203393616,1.3236172083544044,0.05063913776179993,1.349137303429452,1.008573154387016
11609,Willson Contreras,C,550.442,0.8939076159570626,1.0020317307087787,0.9934879064241274,1.0379405332677452,-0.25218143236760476,1.5293665641649092,1.0528003935444186
11680,Elias Díaz,C,146.577,-0.9604980979867653,-0.8941075200439756,-1.2085940310506256,-1.021004245376541,-0.8376329299586798,-1.018028769468495,-0.7836210920222745
11737,Nick Castellanos,3B/OF,290.523,-0.4407385725745426,-0.40115571616144396,-0.5167250999781569,-0.3353564915953159,-0.5826498133320285,-0.6762885948776012,-0.13225571950270926
11739,J.T. Realmuto,C,470.576,0.04388709974741004,-0.046485015591323287,0.2395186749065242,0.2801443340066749,-0.05612054560748944,-0.025099714294920156,-0.12863513493500592
11899,Joc Pederson,OF,410.979,-0.04303564142873998,0.20926508816164396,0.07685970115017848,0.1645866981684356,-0.5681662943260357,-0.05733315567394707,-0.08342588605271513
12037,Jon Berti,3B,180.205,-0.8467342052080123,-1.1108094029682223,-0.9983186211600708,-1.2033568560741303,0.9286157233864981,-0.6862240738283171,-2.0103120006038315
12144,Max Kepler,OF,165.378,-0.5095279216653139,-0.6519008526255681,-0.9586548629812525,-0.8774669623523702,-0.7692820353075316,0.08220089790253979,0.11793628537229944
12158,Austin Barnes,C,103.573,-1.15879055722886,-1.0989677910600522,-1.3084892580653287,-1.311226782188413,-0.7220984689897116,-0.8725536720329033,-1.63940737103675
12161,Xander Bogaerts,SS,567.108,0.2887573488293153,-0.3257652807901039,0.7550062782358112,0.21589228430347154,1.545462467737564,0.13849312595872654,-0.5965447824695778
12533,Marcus Semien,2B/SS,584.205,0.18920564740064463,0.35882370934489616,0.8755325892124981,0.624073088074669,0.07782106437019086,-0.4482400907987929,-0.3527764757995934
12552,Eugenio Suárez,3B,576.418,1.2955030786314337,2.835885969502292,1.1376119014200379,2.0773311163651296,-0.6016970864801718,0.6308839612925079,1.6930026096888071
12564,Trevor Story,SS,581.646,0.9989273166471597,0.9160195657951593,1.1185928145875876,1.1201571829029362,2.565780160319584,-0.20066756871826574,0.4736817449959572
12856,George Springer,OF,574.473,1.1026593712849955,0.9640197886482126,1.4323698620243457,0.9900807491549987,1.0043808876024645,1.2649791379200122,0.9601258023599378
12859,James McCann,C,202.58,-0.48114810137568625,-0.5021516345504969,-0.8513185064944081,-0.637817947031486,-0.7073977908588864,-0.41934326515905695,0.23114053584021688
12916,Francisco Lindor,SS,673.796,2.0522726947413132,1.925895916045019,2.2578738878523485,1.8287918185946441,3.0963439402726154,1.5165300701547306,1.6882005355285188
12927,Brandon Nimmo,OF,632.581,1.001890515957925,1.2890864716724193,1.5425089502441829,1.4038506555520203,0.232838339159674,0.7662823076465032,0.7767763714727505
12976,Austin Hedges,C,141.492,-1.648576294472929,-1.0346735323858591,-1.2802551528876271,-1.22560556123917,-0.7660018153687969,-3.1584344760099685,-2.426487228946152
12979,Javier Báez,SS,327.898,-0.8141188163128361,-0.5042771657406702,-0.519728535084357,-0.3989746546901692,-0.34720073608043356,-2.0277858320687874,-1.0867459742125993
13066,Teoscar Hernández,OF,561.473,0.5158104245609415,1.1823159456719352,0.7257959723829817,1.3622748091324435,-0.2746897855964977,-0.4872748273124231,0.5864404330872092
13145,Josh Bell,1B,529.965,0.04313412437404757,0.372038158082011,0.21281939334489416,0.6582375813247234,-0.8206179249177423,0.07180426229928034,-0.23547672388888125
13152,Jorge Polanco,2B/SS,507.815,0.2881378964790824,0.7095779430262847,0.5142045814028506,0.7546236401648353,-0.40323041810830196,-0.16409183531241983,0.31774346770124556
13185,Orlando Arcia,SS,150.212,-1.3798549063250871,-1.0167757069010686,-1.223270470219164,-1.172309676076169,-0.809260381816995,-2.197966572724612,-1.8595466302125145
13301,Max Muncy,1B/3B,457.741,0.8514707743272981,1.5744594776209135,0.68384205772994,1.0604810250668575,-0.5922897725349262,1.1848123879254473,1.1975194701555565
13324,Ildemaro Vargas,2B/3B,86.7384,-0.9483493242972417,-1.0942624649460309,-1.3501414676094412,-1.2836215323050997,-0.7299053709440899,-0.5086426384653427,-0.7235224715134452
13355,Luke Maile,C,134.138,-1.3023356395296244,-1.0505205079994393,-1.2553938796467208,-1.216233385232002,-0.7738154490332958,-1.6790712521079847,-1.8389793631583036
13419,Christian Walker,1B,584.33,0.8517956611561166,1.7835624851553955,1.0165625920776304,1.6174183274912175,-0.49622062958743507,0.28369417055956436,0.9057570212403262
13510,José Ramírez,3B,658.363,2.123001581362513,1.6109256305328965,2.0042782941162516,1.8959262777882857,4.205214837806356,1.445939730168276,1.5757247177630143
13590,Jesse Winker,OF,289.165,-0.5701984050335872,-0.6777673296985709,-0.49784692106155387,-0.6517646275243,-0.3736559382573436,-0.28063641866011463,-0.9395191949996401
13611,Mookie Betts,OF,629.315,1.2677736133008066,1.2731576853315227,1.7591610494415169,1.3884729282419042,0.35580352860700143,1.6290703509029132,1.2009761372799812
13613,Ketel Marte,2B,624.186,1.725426247497836,2.4174137139968614,1.8811441573924692,1.9465680143914244,-0.1855630807824082,1.9996209376639622,2.2933737423247056
13620,Carson Kelly,C,366.669,-0.1163873318961101,-0.049103274940482285,-0.16542245730478938,0.0023368655944636116,-0.6909415279870611,0.14627858941874133,0.05852781384246719
13621,Jeimer Candelario,3B,204.339,-0.431440746556671,-0.4730735714382347,-0.7798831030119734,-0.6516286863299374,-0.663646646424564,-0.2633334564769204,0.24292098434160392
13624,Corey Seager,SS,536.949,1.1133562486287574,1.522749095015927,1.0629946160346437,1.2872046365548653,-0.5753004534629651,1.5992278475766402,1.783261750053434
13675,Tyrone Taylor,OF,323.446,-0.5455130316578357,-0.6519638161318647,-0.3916469063225511,-0.5411974460377633,0.41891649197961234,-1.0544345485815252,-1.0527519648529229
13723,Jacob Stallings,C,125.657,-1.5806121590578741,-1.0950198632821468,-1.3811388972419205,-1.2624151696964332,-0.8455768985524976,-2.496834053176309,-2.4026880723979387
13757,Chris Taylor,OF,219.795,-1.0091443178300763,-0.8109127981680029,-0.8486318148815951,-0.8896502595320346,-0.35303791568840875,-1.6624759427056404,-1.490157176004777
13770,Rob Refsnyder,OF,237.721,0.1735457947683274,-0.41994862737278965,-0.47552314311259514,-0.4504685079231408,-0.5677451314774701,1.8264742352619256,1.1284859432340342
13897,Tyler Heineman,C,141.059,-0.3624739720512597,-0.9552920137624712,-1.043145492309063,-1.0699465758932922,-0.6681297933679676,1.4346432066169679,0.12702683640826842
14161,Byron Buxton,OF,529.751,1.346648222306043,1.9223365957559526,1.3499178728893688,1.27758893864871,1.209873191001365,0.766083455561264,1.554089279979597
14162,Carlos Correa,SS,541.304,0.27435944817600266,0.09931332345156874,0.5583495956522084,0.5161153246297796,-0.7454608712351848,1.0342993018079238,0.1835400147497201
14221,Jorge Soler,DH/OF,485.783,0.28713564585916446,0.8395005839594939,0.40980749907757497,0.6083139165566326,-0.7674024802021384,0.28293824796691963,0.34965610779650397
14344,Matt Olson,1B,675.374,1.168223453324042,1.8811072016370376,1.4412102662046766,1.9223314994963459,-0.7219342777297953,1.3811175610889428,1.105508469247045
14366,Joey Meneses,1B/DH,58.1909,-1.138238074814744,-1.139296403346083,-1.4822172143224175,-1.3811005558743483,-0.8379066028624501,-0.903496365238771,-1.0854113072443945
14551,Anthony Santander,OF,536.832,0.1762467958829119,1.25072389785639,0.48465144260491666,0.95388598092004,-0.6480565929348325,-0.9851086865760202,0.0013847334269773916
14712,Manuel Margot,OF,69.3733,-1.008585212997861,-1.1231991733904232,-1.3979965389545979,-1.359702860769697,-0.7169733214487721,-0.5976395832527699,-0.8559998001709068
14813,Kyle Farmer,2B/SS,166.461,-0.9293282817002569,-0.8584130411474081,-1.0864213055459522,-0.956096726503738,-0.7869381885480973,-1.1063462235583417,-0.7817542048980046
14854,Mike Yastrzemski,OF,435.267,0.026091730390564893,0.13183119692322165,0.27931936811763164,0.097883207071132,-0.45033178215606895,0.1984258506849144,-0.10057745829744137
14968,Victor Caratini,C,362.086,0.11656795283689785,-0.04634005588164212,-0.16581647756780238,0.0924265805682829,-0.7481201826485274,0.9682284477286177,0.5990294048224584
15112,Ryan McMahon,3B,485.511,-0.19615238894382903,0.0143450271718134,0.21017767873461116,0.20958897356974754,-0.5383008863102453,-0.4644017581585176,-0.6083233686703835
15161,Mitch Garver,C/DH,208.238,-0.8474287671139497,-0.5897992309283088,-0.9435302552495988,-0.7855750055327952,-0.7955066588506284,-1.0774833463391735,-0.892678105783194
15172,Tim Anderson,SS,43.9577,-1.7621146111959523,-1.219361816788315,-1.5461194149651956,-1.5221636109883576,-0.7675557521912837,-2.5354415875393292,-2.982045484703233
15194,Jake Bauers,1B/OF,323,0.32956845079877056,0.2549241007789625,-0.03179026268771931,-0.012854949122934304,0.3535145521685792,0.5909467418019225,0.8226705218538126
15223,Adam Frazier,2B/OF,287.937,-0.6527260404206937,-0.7854558788274686,-0.548893882885815,-0.6654735629619942,-0.4033658629112766,-0.5853842438048292,-0.9277828111327784
15271,Austin Wynns,C,152.861,-0.28117813534977326,-0.587310039456094,-1.0258590614197014,-0.781839027598878,-0.7894427915932535,0.47145071579655073,1.0259313921727362
15274,Mike Tauchman,OF,307.284,0.11112414883474163,-0.43538236767707633,-0.17133748513029465,-0.38839232590842737,-0.5258920997342453,1.8147172822432207,0.37303188921527275
15362,Jeff McNeil,2B/OF,529.751,0.06914274547773969,-0.12765214025237973,0.4948421431359793,0.38149799518504524,-0.4225311680344867,0.2850288438109035,-0.19632920097862352
15429,Kris Bryant,3B/OF,115.757,-1.0511450120475752,-1.0489231952701745,-1.2684310212432421,-1.244648512233576,-0.8042003702542198,-0.6350422926939464,-1.3056246805902918
15491,J.P. Crawford,SS,590.016,0.20791687254523694,-0.035877694899700795,0.9094822903157421,0.40071874545042363,-0.17022111614849653,0.5298175194357353,-0.386418508882282
15518,Amed Rosario,SS,273.081,-0.3465273660876312,-0.7115122283671286,-0.512602558365407,-0.5695223720435604,-0.19374146450114516,0.049253574652185016,-0.14103914790073077
15640,Aaron Judge,OF,646.074,3.4089065443911295,4.807304595591213,3.0130814777797306,3.135077618530955,0.265362702570184,4.495763180719637,4.736849691155057
15653,Dominic Smith,1B/OF,264.807,-0.18986249195831398,-0.5486824189491265,-0.5658143826896173,-0.46051361474384084,-0.688548983398639,0.8235100690295046,0.3008743790018352
15674,Reese McGuire,C,168.849,-0.7663333480498647,-0.7380338482869785,-1.0258462087710947,-0.8514504440337163,-0.7489625936041653,-0.9613256390904092,-0.27238135451282364
15679,Rowdy Tellez,1B,309.261,-0.22880382914545452,0.1886964472404071,-0.45650997070276433,2.0564775155607046e-4,-0.7759954184796962,-0.6013703491704808,0.272150668488251
15711,Tyler O'Neill,OF,365.848,-0.20602295341316004,0.2732534496973209,-0.10184039645613702,-0.0024893693022164155,-0.4177629526203829,-0.8301587310225431,-0.15713972077500185
15730,Tyler Wade,2B/OF,42.3392,-1.3893369266387012,-1.2050191921566331,-1.5163477300973025,-1.5059205985942843,-0.7409892358353531,-1.1576019415708985,-2.210142861577737
15878,Miguel Andujar,3B/OF,325.262,0.21516779763974878,-0.36495028557200426,-0.19017542816472885,-0.08541990467142942,-0.5402441148782233,1.4190032947324274,1.0527932243924512
15905,Luis Torrens,C,225.489,-0.8168871135236916,-0.7610428475409586,-0.8950144688870922,-0.7646384068716245,-0.7857912055666775,-0.8318670692389025,-0.8629686830368937
15986,Willy Adames,SS,655.935,0.9946560624759472,1.6977526319764578,1.476079779028764,1.5355207373914161,0.8010785251648835,-0.1027723610593394,0.5602770623535009
15998,Cody Bellinger,1B/OF,608.676,1.8882464716047522,2.1101143994270983,1.7566601978173915,2.094785648903096,0.7369087906385897,2.131097889572809,2.499911903269527
16153,Austin Slater,OF,162.57,-0.9512151145145226,-0.9502962962375157,-1.0526046223604795,-1.0919188689412855,-0.6638166839157487,-0.7290408543189303,-1.2196133613131745
16252,Trea Turner,SS,624.53,1.177190641193994,0.4489751839049943,1.5335133330259176,1.0006820111525982,2.2875699275764934,1.0361418884398141,0.7562615030641461
16376,Michael Conforto,OF,314.442,-0.4434070187267957,-0.30098068289288143,-0.43738492331785356,-0.3670375684875467,-0.7511645215578615,-0.3342285329400484,-0.4696458831645827
16426,Thairo Estrada,2B,299.52,-0.7098634278201083,-0.6253154165315208,-0.5513415619963674,-0.552767003724637,-0.43544282492847786,-1.192953009780141,-0.9013607499595054
16442,Ryan O'Hearn,1B/DH,506.013,0.794185417785758,0.550218661105164,0.7283253855034714,0.9705815551187806,-0.3986423223621015,1.6191532940710713,1.2954759332781625
16472,Rhys Hoskins,1B,407.716,0.004481812813644378,0.47400733180598,0.011373840297511399,0.3518609836041436,-0.6658425664721764,-0.23750378070550912,0.09299506835191688
16478,Kyle Schwarber,DH/OF,667.249,1.8922605546128575,3.902773431658845,2.110260701753308,2.3700887693660624,-0.14897581457109532,1.309447306124271,1.8099689333457543
16505,Matt Chapman,3B,613.993,1.0652567721404214,1.1706713389683794,1.5261154382530857,1.1603330526307876,0.6440246640440959,1.1365816265047284,0.7538145124414505
16512,Isiah Kiner-Falefa,SS,283.502,-0.5140295000738944,-0.8497285549391964,-0.5398379778684674,-0.6977642091157642,0.006800259096245076,-0.21350145042194923,-0.7901450671942335
16530,Mauricio Dubón,2B/OF,328.606,-0.39815435356181217,-0.6372434071924018,-0.3452471176643708,-0.4363201010476491,-0.48627629868095523,-0.07085796488444644,-0.41298123190104963
16535,Danny Jansen,C,337.901,-0.42357531177012436,-0.12919993093863819,-0.41188370829057575,-0.2259720303523491,-0.7868877423844239,-0.5019286371810173,-0.48557982147374196
16556,Ozzie Albies,2B,586.723,0.2610165693297793,0.3273807533359098,0.8139219845465592,0.7486950340809425,0.17390276606750477,-0.3432830231148925,-0.15451809893734786
16578,Yandy Díaz,1B/3B,620.458,1.066394353236707,0.6787330509798568,1.2328506466807299,1.4007626725322462,-0.6962508055720966,2.4625210717416706,1.3197494830578351
16622,Luis Urías,2B/3B,152.196,-0.9639863677393145,-0.9146299877874908,-1.1109542353337538,-1.1026749461153258,-0.7669303831631841,-0.789152923498003,-1.0995757305381295
16725,Jose Trevino,C,261.712,-0.8231826875387703,-0.6718247084967687,-0.7859354279071638,-0.6268834165515553,-0.7667401500393912,-1.1967885609446847,-0.8909238612930583
16930,Jonah Heim,C,273.889,-0.6157821822118906,-0.44854686103305724,-0.6746178439648295,-0.43414187980829455,-0.7191525808540374,-0.9570949007459727,-0.4611390268651527
16939,Lane Thomas,OF,382.596,-0.276453500231688,-0.25733717362908287,-0.07384308072911297,-0.2287610697042682,1.1199360010219883,-1.3561010519768606,-0.8626146263727917
16947,Derek Hill,OF,182.308,-0.679971847322414,-0.7717367914079207,-0.8922661350657539,-0.9080586666089837,-0.12493380649593723,-0.8565821270369726,-0.5262535573189163
16997,Gleyber Torres,2B,635.421,0.5765801067422399,0.6345545711299074,1.1725588904969186,1.0377864722798686,-0.3288462023677241,0.6359812424109462,0.3074456665035221
17022,Edmundo Sosa,3B/SS,210.257,-0.10057357781565272,-0.39709076927154113,-0.6658774253553323,-0.5388492606971286,-0.5340656616066545,0.5250366515400616,1.0074049984966786
17027,Alex Verdugo,OF,201.287,-0.9733752698611972,-0.9535049776958857,-0.9587423898803022,-1.0041764994905251,-0.7381847571282933,-0.8489322709991587,-1.3367107239730174
17040,Jose Herrera,C,26.3535,-1.1411029502166767,-1.1938731510356464,-1.5685518766720188,-1.5096244960335077,-0.837153209604267,-0.5313760820600169,-1.2060388858946043
17128,Ramón Laureano,OF,505.723,0.9985963906570747,1.2204760489699216,0.9696992774617879,1.0753302618697258,0.16746001735080268,1.0774612114888764,1.4811515268013342
17232,Yoán Moncada,3B,371.206,0.08021322277971407,0.21280263341863337,-0.058089981520280706,0.17664968035601766,-0.6817079258852091,0.3150608762611227,0.5165640540480005
17273,Jorge Mateo,SS,187.88,-0.5032153308973203,-0.7698739834783616,-0.8150499871056632,-0.9110452397649342,0.7457909208678808,-0.8033303422284579,-0.46578335367438567
17276,Alex Jackson,C,67.1639,-0.9594012230559473,-0.9642819611258493,-1.3929783208126765,-1.3086614021755374,-0.8088577539195322,-0.8833169307117915,-0.39831096959029777
17338,Willi Castro,OF,518.722,0.3843500707615087,-0.03177863242440918,0.7849760616233314,0.26231582896952604,0.8677776712061019,0.5423018393984668,-0.11949234420396518
17350,Rafael Devers,3B,656.843,1.0962771366385573,1.766363160028852,1.4401152928407732,1.7872982928188839,-0.5119374891557739,0.9690507134531742,1.126772849845435
17452,Jose Siri,OF,32.5793,-1.020325710764198,-1.0969793757054986,-1.5166268962449057,-1.4517144894043257,-0.7500216060521021,-1.133200358210667,-0.17341153896768874
17548,Taylor Ward,OF,620.854,0.8521262519899607,1.7668960191547576,1.2217367893804005,1.53954954270952,-0.4032560167327656,0.22613267708508591,0.7616985003427661
17620,Myles Straw,OF,127.541,-0.7009000148517334,-1.0609308432409779,-1.105115194587265,-1.2117164061624977,-0.37162577529479013,0.34855578310355056,-0.8045676529284198
17678,Alex Bregman,3B,637.231,0.9256033548662924,1.1612560426725662,1.30573961189617,1.460237574781296,-0.5728499211973012,1.294634886203733,0.9046019348412907
17901,Andrew Benintendi,OF,490.484,-0.006652054221217611,0.2481820313762316,0.3003663750339032,0.513634300799541,-0.5127939468276519,-0.4955780323993102,-0.09372305331001925
17907,Brendan Rodgers,2B,151.819,-1.0343961236574726,-0.9707538543442233,-1.1380522759301297,-1.1084248589048227,-0.7999421504508981,-1.0432939283214582,-1.1459096739933023
17919,Ian Happ,OF,640.89,0.8870455722693488,1.1060653893026098,1.402142483010022,1.2907760509849353,0.11128194936082375,0.8199276515677579,0.5920799093899439
17929,Cedric Mullins,OF,441.348,0.15171374144954905,0.20115016587564555,0.31073700848286795,0.22295587402136297,1.3044148936357591,-0.8616489719447499,-0.2673265213735913
17982,Ty France,1B,306.949,-0.6562250908282073,-0.7135694385263036,-0.5978922238636661,-0.5636743326623165,-0.791211556943337,-0.2883845600916838,-0.9826184328819376
17988,Tyler Stephenson,C,441.755,0.1097125438865401,0.35249392605059476,0.135875882689804,0.4592777636649107,-0.7500617678245104,0.18799114572562406,0.27269831301281744
18015,Paul DeJong,SS,140.64,-0.7161675303133199,-0.6741478966026715,-1.0818361736543112,-0.9735835830537775,-0.6916438127345974,-0.862156659977589,-0.013637055856973529
18030,Harrison Bader,OF,447.982,0.26117711967357493,0.03356499363491481,0.37210280707372106,0.29121646812822055,0.6908776736265441,0.02849600018529255,0.1508047753927566
18036,Jake Cronenworth,1B/2B,579.465,0.15479708251554278,0.1343199252940741,0.7089228931386046,0.6240150430607493,-0.4337297889687767,0.24012329485501974,-0.34486887228641433
18042,Dylan Moore,2B/OF,246.644,-0.2480245140837758,-0.3928443398784559,-0.48500750022930217,-0.6408264855977822,0.7833008904818445,-0.4741114476058556,-0.2786582016731033
18054,Sam Haggerty,OF,216.22,-0.24307886870030967,-0.8853587727954403,-0.6444892348461521,-0.9216429200805643,0.9261232997927765,0.6622733103561939,-0.5953788946286716
18067,Garrett Stubbs,C,57.7745,-1.4049458210061412,-1.1725676865471164,-1.4715725997810005,-1.446887195683292,-0.7418100782158005,-1.5818556473709369,-2.014981718438701
18123,Nathan Lukes,OF,322.387,0.006829226756690621,-0.07863576872639724,-0.22067554131509115,-0.08680557508973283,-0.5771790535440735,0.4427288250866965,0.561542474128742
18126,LaMonte Wade Jr.,1B/OF,143.97,-1.1480839110959045,-1.0414839995377856,-1.1988502385233228,-1.20959580495612,-0.7872188484743359,-0.8936040021595079,-1.7577505729243543
18314,Dansby Swanson,SS,628.183,0.7470299998968479,0.7317386073592566,1.2533898193278399,1.052186742448219,1.396133848738577,-0.12209624524394912,0.1708272267511441
18345,Kyle Tucker,OF,621.669,1.5849562307347675,1.4097155181115077,1.7140517216685087,1.5190718980124964,2.092860712850991,1.386552471108105,1.3874850626569966
18360,Austin Riley,3B,620.276,0.5469620531489175,0.8773780322759066,1.0392076120575324,1.1637954661051395,-0.5356183346918553,0.3532072720279384,0.3838022711188434
18363,Victor Robles,OF,368.102,0.89489213795607,-0.4856108901568568,0.2995522074771275,-0.23556691959279208,3.849598945921276,1.5324719497360662,0.40890753435159977
18373,Ryan Mountcastle,1B,179.511,-0.6672639136002592,-0.8261780089681771,-0.9652815994933057,-0.8829532509995921,-0.7111341887552971,-0.2689869941768236,-0.349049439208359
18400,Juan Yepez,1B/DH/OF,37.9561,-0.5704299805758218,-1.1123329793075492,-1.4912314910711104,-1.4191774755395372,-0.8195089015585231,0.7256092433277567,0.6940617206940326
18401,Ronald Acuña Jr.,OF,626.877,1.6636350408417215,1.0784344707529312,1.9974360391610535,1.1617419311757209,2.4815778699197653,2.003852608007707,1.2587673260331518
18564,Trent Grisham,OF,523.819,0.6484936041382504,1.5610248183011226,0.8467449029628351,0.9515115738376964,-0.2587665916428401,0.1444559759357618,0.6459909454349265
18568,Luis Arraez,1B/2B,585.245,0.342083978093958,-0.4999529561708914,0.8818452076074054,0.36414070517651886,0.0953313802866517,1.3458089710273873,-0.1346694393633237
18577,Ke'Bryan Hayes,3B,540.302,-0.33381466098306617,-0.5218542458068298,0.30614040104475176,0.01677938393235594,0.31939808958727295,-0.8625407018863502,-1.2608108927695976
18795,Ramón Urías,3B,220.372,-0.5737098994539934,-0.6839882507816439,-0.8070440326941382,-0.6993239411733579,-0.716146285023665,-0.2481046408008993,-0.28765224625025615
18819,Andy Ibáñez,2B/3B,169.24,-0.7157992194093205,-0.8516711878152965,-0.9952695884494447,-0.9425115696944423,-0.6521755565177827,-0.4437588782574903,-0.4094085357214662
18839,Josh Naylor,1B,600.763,1.7048753150820806,1.6277238015134567,1.5653603892916128,1.9619876256399655,1.928037055749621,1.249838230409529,1.8963047878882986
18848,Yohel Pozo,C/DH,146.376,-0.7846154945953208,-0.8107865540049553,-1.1114340173737356,-0.9909841196140751,-0.7778502635263415,-0.6637459290629257,-0.35289208398989125
18872,Jahmai Jones,2B/DH/OF,150.822,0.1513186633927811,-0.505248417336272,-0.8569256833875786,-0.7690798361225084,-0.6131812944597717,1.7765514950613976,1.8757957166014194
18882,Brandon Lowe,2B,538.931,0.8152304375814664,1.6539836871027747,0.9445725566708892,1.197998812363045,-0.34755409545022686,0.3840261134332992,1.058355551369018
18900,Leody Taveras,OF,104.864,-0.8098706700116945,-0.9846762524172277,-1.2188951457287283,-1.194364091681473,-0.42734480041384193,-0.686075451435973,-0.34786827839292306
19197,Will Smith,C,508.75,0.82875278193738,0.7947647638090826,0.8130627463414579,0.9348197195924053,-0.5938506809831591,1.8068389765084232,1.2168811663560701
19238,Lourdes Gurriel Jr.,OF,294.55,-0.13937009081912374,-0.2518503653046805,-0.38315598969114756,-0.16637229617522878,-0.38949869199008297,-0.13066892142083053,0.4853257196672279
19251,Pete Alonso,1B,662.455,1.2757283053078508,2.6033844892580857,1.418848016773087,2.2430691625273154,-0.5805933023500585,0.6810609415431776,1.2886005240954974
19260,Jake Fraley,OF,336.836,0.10330648131513465,-0.3870043165978661,-0.07540930204739811,-0.28784740333139186,0.5937037258506047,0.6946755330581458,0.08172065095871356
19262,Garrett Hampson,2B/OF,63.6361,-1.0701818453300047,-1.1579634933449638,-1.4152238550278096,-1.418128535858937,-0.660476654866178,-0.49699852492341634,-1.2723000079587237
19287,Adolis García,OF,542.268,0.3027500545218297,1.031704542272329,0.6251167610908238,1.0474908962944602,0.10176459785886131,-1.0690072857793722,0.07943081539387609
19290,Randy Arozarena,OF,658.44,0.7947276537351385,0.7994429193736451,1.407061524202143,1.0298337185398556,1.627540065483528,-0.009316936543883755,-0.08619536864445675
19296,Alex Call,OF,174.043,-0.05315271875691711,-0.796228238095753,-0.7879564630889037,-0.90489888980190325,-0.5160138148175802,2.051320189316634,0.6348609039460036
19326,Bryan Reynolds,OF,643.977,0.356179925043517,0.5067638259479038,0.9986306819071509,1.0088182361547957,-0.21907687447491822,-0.03453089671301611,-0.12352542256081468
19339,Nicky Lopez,2B/SS,54.6391,-1.3100365064665296,-1.2006975568479292,-1.4804444232624765,-1.477638775002209,-0.7678096783948336,-0.856632190680831,-2.0769964146108992
19346,Eli White,OF,99.7498,-0.460022360509879,-0.800201462054718,-1.151895648507982,-1.125622103627382,-0.31846521143314555,0.0417443082766711,0.594305954287282
19352,Sean Murphy,C,349.212,-0.2427951224363596,0.2527462832813158,-0.34392216565309897,0.028492031089623136,-0.8059131911432296,-0.5159160222865181,-0.07225766990624972
19354,Luke Raley,1B/OF,252.927,-0.5921192593395054,-0.5362070432589015,-0.6468996510617857,-0.645536658954464,-0.4083080405972734,-0.6594927265600572,-0.6562714356045508
19358,Weston Wilson,OF,30.2532,-1.0413810594001336,-1.129923682995192,-1.5350097320179505,-1.4677901079898186,-0.7957722723279252,-0.9309376652297296,-0.38885289584018534
19363,Austin Hays,OF,416.814,0.2574690216612853,0.08277219726668372,0.27393213629107316,0.2681268469962273,-0.20400743606362912,0.543053242714456,0.5809371427629011
19392,Zach McKinstry,3B/OF,427.165,0.18323324266419994,-0.3759296558314954,0.2685485565865662,-0.13331767574979456,1.4199291420403053,0.2812440733839648,-0.36107498444434655
19452,Jake Rogers,C,187.726,-1.0230510387992606,-0.6695958047430323,-1.0220184369158205,-0.8726243694234067,-0.7910854122602566,-1.7367652123752502,-1.0462169970777977
19455,Andruw Monasterio,2B/3B,177.974,-0.3933942876787648,-0.8216112090763573,-0.859009976389604,-0.9135108051992432,-0.36910993126339264,0.5569806657943283,0.0458955300616799
19470,Tommy Edman,2B,477.16,0.18355069949976918,0.4309680230072722,0.49218065122757204,0.4577305215833453,0.14819446716667997,-0.5292400991839411,0.1014706331976866
19522,TJ Friedl,OF,575.348,0.336245423985941,0.13153270124436062,0.8593440345366504,0.5359212888627811,0.4502353605010827,0.268915596134162,-0.22847643736339104
19556,Yordan Alvarez,DH/OF,559.742,1.0650147803352532,1.212607589626325,1.1213042409320648,1.3043243575748633,-0.5198446531917299,1.785727174752664,1.4859699723173323
19566,Nathaniel Lowe,1B,377.966,-0.13606788142768214,-0.07474483132280386,-0.16711590079308097,0.06105479331949008,-0.7542609468984096,0.12844899936327708,-0.009789402234565706
19599,Chas McCormick,OF,131.044,-1.076740122463132,-0.9988031336967736,-1.1673235668483066,-1.1836415019829487,-0.44012245685114243,-1.3533318561627825,-1.3172182192368393
19608,Otto Lopez,2B/SS,547.206,0.4508035581018757,0.09824680225041967,0.7898824593561535,0.5833206561327106,1.03596916510355,0.10014675430454853,0.0972555114638716
19610,Keibert Ruiz,C,318.954,-0.6036720813998985,-0.5546196109869683,-0.5386556621784588,-0.3644603710520855,-0.6890455622198371,-0.829414850387142,-0.6458364315748993
19611,Vladimir Guerrero Jr.,1B,671.507,1.0396234049836803,1.0303687317287824,1.568327981099022,1.5401042496559283,-0.32395166697926847,1.453652779521697,0.9692383548759204
19612,Bo Bichette,SS,606.068,0.36225391334382745,0.33286547341535844,0.8531981401904004,0.9819450487720895,-0.33780526397996824,0.11011394217768922,0.2332061394873956
19627,Brent Rooker,DH/OF,639.579,1.826652569649439,2.5919300394819365,1.8503441037057178,2.2459474851853467,0.060925444238598525,1.8818149855533723,2.3289533597316616
19709,Fernando Tatis Jr.,SS/OF,643.455,1.042625958363361,0.7183076075938207,1.5467705937883884,0.9877412013114976,1.8535006240597605,0.741610136810671,0.4078255866160277
19722,Carlos Narváez,C,402.055,0.016719376856216096,0.10859407418862617,0.006681607197667716,0.2179598180255213,-0.6655964352793371,0.18839994064987559,0.2442772563549429
19734,Josh Rojas,2B/3B,127.849,-1.3570329674784534,-1.1059516293519205,-1.2490800714771835,-1.2851215296734415,-0.563558036592746,-1.844761114170988,-2.0937254236044405
19755,Shohei Ohtani,DH,670.6,3.2381024935082063,4.09880941127638,2.9948826127798163,2.7286383695228444,2.8406116639964467,3.139667296952178,3.6260056065215722
19779,Dairon Blanco,OF,58.1764,-0.2914040094927021,-1.055567942491735,-1.330290812735797,-1.3490338890133555,0.761670489345385,0.6789412476124735,0.5458568503268163
19844,Abraham Toro,2B/3B,30.4401,-1.0146568927297086,-1.1697367153822162,-1.5432845678945672,-1.4837851633003543,-0.8160410560720535,-0.4691323871258183,-0.6059614666032415
19858,Luis Rengifo,2B/3B,399.947,0.15803501748847212,-0.41064494983098,0.1313165281916486,-0.10703863114667021,0.8453392399922984,0.48935395926140385,-1.1604153686799195e-4
19864,Riley Adams,C,153.794,-1.0248896786262252,-0.8993619403141309,-1.1345810811245762,-1.0588327985626518,-0.7966470132242116,-1.1514888931574372,-1.108426345374344
19890,Emmanuel Rivera,3B,23.612,-1.1981754763522683,-1.2033776202364994,-1.5810777010979347,-1.5198247713477386,-0.834373033777844,-0.7678682820217412,-1.282531449631852
19892,Pavin Smith,1B/OF,391.679,0.45981849231003485,0.4801490550320444,0.2031074842781268,0.391821902799341,-0.5459473927231759,1.136586642920551,1.093193261553322
19896,Connor Wong,C,222.125,-1.060959117427431,-0.9506793247656532,-0.911754150882661,-0.9677982634490614,-0.561169646081355,-1.3316823222796064,-1.6426709971062496
19901,Gavin Sheets,DH/OF,502.61,-0.2130056786770309,0.027346182546056128,0.1272586818061217,0.40503805129912024,-0.683208515965281,-0.6410378057993299,-0.5134306659488725
19913,Jesús Sánchez,OF,434.884,0.1813398549123424,-0.0340183434671481,0.3050307733662091,0.12904169281492264,0.723050173969609,-0.03002875476397228,-0.005036412445565926
19918,Daulton Varsho,OF,536.421,0.7970844597285826,1.7908354663775252,0.9304112125828584,1.2148930900560297,0.09222616320341956,-0.14998416627823327,0.904124992429896
19921,Blake Perkins,OF,226.955,-0.3708735689758342,-0.7205906953228184,-0.6253405158780374,-0.7954390959613206,0.32253519353674676,0.008736214516611551,-0.41514251474618713
19950,Andrés Giménez,2B,543.064,0.03401009305736311,-0.21200516641738823,0.5409625338068862,0.22066574074060202,1.1242581470814763,-0.6842314027509072,-0.7855892941164904
19953,Josh Lowe,OF,453.461,0.2625585946372779,-0.05902467674103729,0.36969359517352574,0.15175290349689,1.7009357924678663,-0.3827911668405227,-0.20521487973305463
19955,Gavin Lux,2B,440.832,-0.023128306519791284,-0.34122415011432505,0.21484255586581982,-0.0031045772323879486,-0.4714026430377412,0.6335378705334805,-0.17141889513359385
19956,Mickey Moniak,OF,450.743,1.006747887698048,1.2691584662061648,0.70297374978096006,1.031282490001592,0.3611507679945088,0.7803780616790892,1.8955437905259735
19960,Taylor Trammell,OF,46.2377,-0.9608263884276201,-1.0945360136956928,-1.4592735135509889,-1.421438848754309,-0.7236184029557314,-0.5765939847993496,-0.4894975668096491
19997,Santiago Espinal,2B/3B,184.628,-1.118372965772113,-1.048670185226372,-1.0649245681348871,-1.1000493492529306,-0.6234575261041143,-1.1936927278882854,-1.67944343802609
20017,Miles Mastrobuoni,3B,49.8753,-1.157933271470949,-1.1891153890145352,-1.4745095441243896,-1.4689734703241488,-0.6410215967255494,-0.539805755129026,-1.6341738735080455
20036,Isaac Paredes,3B,477.551,0.46928882463431054,0.7409936760941105,0.48943897006216286,0.6817208876055971,-0.6864254156687898,0.8419505924477045,0.7480542372650779
20043,Luis Robert Jr.,OF,516.982,0.42211189088183215,0.13395897361005957,0.5659654842073222,0.3238557527801473,3.19596875758366,-1.1204580984936148,-0.5666195243965821
20123,Juan Soto,OF,681.449,2.4557441138033416,3.0404742619687184,2.6482281189276127,2.093198579233788,2.2585497762623024,2.4643834479368882,2.22963049849074
20126,Dylan Carlson,OF,176.487,-1.0783014152313388,-0.9480518578514134,-1.0380090796817116,-1.081589246075217,-0.6257796689627454,-1.320336781100434,-1.456041857716511
20178,Miguel Vargas,3B,577.623,0.32650720124534033,0.6135372453329854,0.9292203072950146,0.6861359640083189,0.018619103995420102,-0.12770586503057524,-0.16076354812912153
20202,Brandon Marsh,OF,455.4,0.6888545871288825,0.3520750449307642,0.6350158947297267,0.5344530301810596,0.47074199522501076,1.1113000165671785,1.0295415411395559
20220,Jo Adell,OF,557.2,0.9249001314418788,2.062891060262637,0.9548021988087085,1.5180848652189742,0.2585945760198327,-0.32979514496309553,1.0848232333042156
20287,Ben Rortvedt,C,63.4339,-1.4790036641274853,-1.15861575758359,-1.4756383440495913,-1.4248412817221796,-0.8268464146122453,-1.9303762944220573,-2.057703892375248
20308,Jake Meyers,OF,420.057,5.804222680953394e-4,-0.47194026108901643,0.1638528348619336,-0.1703209687184959,0.7880818646495493,0.17758772914825108,-0.4837786652436496
20321,Stuart Fairchild,OF,29.1087,-0.9090102415772665,-1.1523579380591131,-1.5278381762119766,-1.4814142440864597,-0.7131781535671149,-0.29989164794553763,-0.27938128959339725
20352,Ernie Clement,3B,529.206,0.5625131754125191,0.041803816059357755,0.847752327770087,0.5922260521696818,0.3271064081362341,1.0546096557765032,0.5115807925632503
20391,Luis García Jr.,2B,504.081,0.6574501599537319,0.33549296422617675,0.7281315405031447,0.7139498353463744,1.0829478547333926,0.3352642153994652,0.7489145495138374
20437,Royce Lewis,3B,485.819,0.04975961696598877,0.2868775375746526,0.34909257944932987,0.48334303048261257,0.050320365223623695,-0.7396128453689835,-0.13146296556530251
20454,Jazz Chisholm Jr.,2B/OF,583.064,1.5114090645673732,1.6480292976308,1.448792165795422,1.399720088427411,2.8684797924831766,0.43725927472717124,1.2661737683402587
20503,William Contreras,C,611.426,0.9508690164869958,0.7044112038808314,1.367699808727324,1.1870634668418512,-0.0560977336324974,1.5937543202676465,0.908383032836819
20505,Drew Waters,OF,34.9874,-1.1118989270951967,-1.175275900547703,-1.5220767385169898,-1.4829056825508669,-0.7303028247994332,-0.7613441774253199,-0.9994882387308678
20529,Nolan Jones,OF,115.538,-1.1966605228578115,-1.0683737247154,-1.2537790712309713,-1.270395730554736,-0.6216102525502034,-1.3807916772203723,-1.5850126808751865
20536,Vidal Bruján,2B/OF,41.3344,-1.0540419174036975,-1.1584322755261505,-1.4918362845120474,-1.4605692263985348,-0.7303760585106329,-0.6150861531010321,-0.867951506373787
20538,Jose Miranda,1B/3B,137.796,-0.6466470210483899,-0.8847068024271573,-1.1246023628690087,-1.0041597157541864,-0.7947392176344538,-0.0517940815351036,-0.019879946070429533
20572,Kody Clemens,1B,277.337,0.07993190568828575,0.3628281730959949,-0.3551800412872906,-0.04771853517025966,-0.5448684649552568,0.017349356918063462,1.047180945528463
20599,Iván Herrera,C/DH,522.701,0.8578623242341749,0.5934256689517178,0.9500516537040341,0.8862941218925342,0.0508094893706887,1.502169549231665,1.1644234622544094
21009,Leo Rivas,2B/SS,171.841,-0.30696826482278955,-0.8775829179916491,-0.8250874330542887,-0.999087734198379,0.12462487770337013,0.8541569802787875,-0.11883336167457825
21454,Lars Nootbaar,OF,516.581,0.10761400369352207,-0.006161191157019047,0.6009115173215979,0.2134276490344895,-0.10125028868355318,0.3042069621199089,-0.36545062647429155
21479,Nico Hoerner,2B/SS,599.982,0.7900619932791862,-0.3074642302114,1.1767614411893912,0.44149623814013356,2.4345513719810237,1.0615677308520983,-0.06654059227612956
21496,Brandon Lockridge,OF,66.8688,-1.0444879188835798,-1.1417743457243026,-1.3922415928337204,-1.3991518291710532,-0.38635251792693637,-0.7374918518494207,-1.2099153757960461
21501,Trevor Larnach,DH/OF,443.459,0.4077678872462815,0.4270540984446377,0.40068162032049187,0.4811984953497195,-0.45227097569580565,0.8603085401389167,0.729635544919729
21523,Jonathan India,2B,524.793,-0.0963800991963929,-0.20276452623365912,0.520093783405297,0.07578193433403296,-0.2838776601736689,0.066811406669815665,-0.7543255331801749
21524,Joey Bart,C,336.334,-0.10885992700910019,-0.281110182351761,-0.2708727120976111,-0.16876593592634903,-0.7109183198718676,0.6383188330758112,0.14018875511717638
21534,Cal Raleigh,C,629.367,2.431044607773485,4.634189789614787,2.071124997095631,2.863905575782323,0.37686708920688466,1.6669707159332714,2.973209479008012
21538,Nick Fortes,C,299.81,-0.8268500884964439,-0.7117704436943947,-0.6304667083682957,-0.6239293460988665,-0.6681218790361036,-1.0905455765445113,-1.2362665772364925
21558,Matt Vierling,OF,262.084,-0.3951010514813495,-0.6410287694897224,-0.5415464328024411,-0.6252087206627271,-0.47364421057789624,0.14975471970516302,-0.23893289506047327
21562,Romy Gonzalez,1B/2B,356.39,0.7098576195765389,0.14114010956220382,0.22898839646263958,0.32957456159319853,0.3319049885436211,1.4584943024787802,1.7690433588187906
21614,Kyle Isbel,OF,465.749,-0.07715342355245876,-0.28749162909550346,0.2902001049559028,0.042127230087558865,0.07326714870413174,-0.11627256006137536,-0.4647508359054671
21618,Alec Bohm,3B,566.285,0.7119045017549283,0.6087539026470798,0.8602412954753158,1.2605720643083753,-0.4395240402517116,0.9345892963922673,1.046794491958243
21622,Jake McCarthy,OF,341.488,-0.5067190102019825,-0.6698282633479914,-0.3166582743342517,-0.5257638247724867,0.3425990077618434,-0.8387798616515322,-1.0318828448674764
21636,Jeremy Peña,SS,633.31,1.1746987678353618,0.5003513271482012,1.5586247839068925,1.107203153024993,1.860432811213339,1.1797965623993092,0.8417839693194366
21646,Rafael Marchán,C,190.358,-0.8469809395836153,-0.8072171699768117,-0.9821232910856222,-0.8967556516550468,-0.7625675390614624,-0.799128741835145,-0.8340932438876032
21693,Miguel Amaya,C,297.013,0.15124717940194365,0.08751257372641195,-0.3673375843238907,0.02105682708682747,-0.7674072603886086,0.8035460593552932,1.1301124609556286
21707,Oswaldo Cabrera,3B/OF,238.209,-0.5595959737222493,-0.7207744553993382,-0.6761114081347613,-0.7524375715111554,-0.47021930164977604,-0.2164959435291829,-0.5215371621092826
21711,Oneil Cruz,SS/OF,519.417,0.6593720836694064,0.44136333416157275,0.7215862686010829,0.5235606876200328,2.74272900680508,-0.43617304864535983,-0.03683374652597044
21716,Enmanuel Valdez,2B,50.4408,-1.0197681832219199,-1.0978673744760283,-1.4616559210446727,-1.3988291162021247,-0.7901199732255696,-0.8760846788598796,-0.49405203552324467
21797,Andrés Chaparro,1B/DH,284.45,-0.37980102262877885,-0.2623591613412757,-0.532146992832383,-0.3516745858762897,-0.6600465724292119,-0.4290775907459468,-0.04350123254756579
21837,Jonathan Aranda,1B,554.636,1.1840667275410353,1.2526285122801761,1.141846995834562,1.4240235250304571,-0.6363593784284277,2.1028377679721775,1.8194229425572674
21840,Freddy Fermin,C,440.779,-0.49053859023157,-0.56663666785482,-0.15364956462305,-0.13885532389518007,-0.6782239177090691,-0.42405722917839905,-0.9818088381289017
21853,Will Benson,OF,240.211,-0.3999848010526999,-0.3128813509629831,-0.5951821861300995,-0.5640262841753549,-0.2612098558632801,-0.6485554982303258,-0.01805363095415607
21865,Bo Naylor,C,439.213,-0.23405338830880054,0.17736042766426227,0.08877346988515399,0.1610295200557555,-0.42517425816216037,-0.8863049630486897,-0.520004526247125
21871,Jerar Encarnacion,OF,166.705,-0.4009235303658138,-0.5712877424861558,-0.9094678866966421,-0.8073037239471601,-0.5753952493850419,-0.0953981323259113,0.5533115526460283
21897,Christopher Morel,DH/OF,293.528,-0.46056582338785007,-0.2833368943155153,-0.46095366876056,-0.42156171909208195,-0.4184021786932473,-0.7808872886051111,-0.39825319086058525
22054,Dane Myers,OF,249.577,-0.45890510231504394,-0.7330854079705695,-0.6031527824156502,-0.7275234464583398,0.4374292973457917,-0.475380640445794,-0.6517176339457019
22184,Mark Vientos,3B/DH,434.533,0.32741681180927956,0.8153553488319901,0.20450270783572463,0.681464516976815,-0.6845475605982291,0.05960976774173659,0.8881160900676405
22186,Brice Turang,2B,629.033,1.3851665304280143,0.6600793242535192,1.6544594909209187,1.1809464661485447,2.5541054158377117,1.3002988008143315,0.9611096845930598
22197,MJ Melendez,OF,151.369,-0.7015313601029328,-0.7746762200585688,-1.0330013271259912,-1.0045693310386603,-0.6696789931923851,-0.4622239343671583,-0.2650383548348332
22217,Luis Campusano,C,329.71,-0.1492565957244453,-0.18526185227687186,-0.3284554287553894,-0.08350556524006272,-0.7335852816970261,0.15418001007885176,0.2810885435438264
22239,Jeremiah Jackson,3B/OF,242.866,-0.12666421795707286,-0.4636012709658926,-0.5776327054880475,-0.498436093034548,-0.6410240515523208,0.7450913108364485,0.6756175024619232
22244,Jack Suwinski,OF,204.516,-1.02105997406811,-0.7744650678924817,-0.8891751367090173,-0.9810209056597361,-0.1632247960053908,-1.8120764044165378,-1.5063975337254965
22263,Nolan Gorman,2B,456.622,0.001617589641510181,0.5142889351351155,0.2907166443873207,0.33011554625746575,-0.3342684974819884,-0.6767688045574443,-0.11437828589140814
22266,Xavier Edwards,2B/SS,566.622,0.5435307579337049,-0.6097163677808607,0.8842538150560028,0.03922279334513167,2.2784102800425443,1.1729830369921899,-0.503969010052779
22275,Jake Burger,1B/3B,521.574,0.3342351142684768,1.0672144918648379,0.4776237201933437,1.05268651087231,-0.7102624339669285,-0.322473694125887,0.440622090773185
22277,Nick Allen,SS,156.704,-1.2614651405268413,-1.0908707888322766,-1.1427945480778574,-1.2247979507063087,-0.523984808248121,-1.6222723085940787,-1.964070438702406
22458,Taylor Walls,SS,359.845,-0.22625277068364244,-0.5321052238061992,-0.1105609987882237,-0.4895024243322306,1.5192348771196387,-0.7072032468016396,-1.0373796074932002
22514,Triston Casas,1B,230.746,-0.6165737586681058,-0.5025925762622949,-0.7866140572096005,-0.6757229488670404,-0.7946251400892886,-0.49712008693815923,-0.44276774264225094
22515,Heliot Ramos,OF,596.994,0.5559485158703165,0.6436268339254847,1.012508376764272,0.9627009601434839,-0.051733538469785866,0.3510657561664893,0.4175227066919544
22532,Tyler Freeman,OF,349.185,-0.042534927137621116,-0.6082685635366675,-0.07199648121210307,-0.43809752222161036,0.7354312557479598,0.4983164924003377,-0.37059474400364323
22542,Lawrence Butler,OF,544.855,0.8459990121797879,0.8530837743970203,1.0383386870707665,0.8554768171729024,1.5603879735518074,0.10732582824350506,0.6613809926427259
22558,Jarred Kelenic,OF,170.484,-0.49492837626586933,-0.6225279818334909,-0.8867391665080692,-0.8597992621906325,-0.3636816327085092,-0.4020005362493682,0.16517832189485404
22563,Gabriel Arias,SS,419.434,-0.1487531717055887,-0.09747165282648025,0.09869629501588381,0.027100719665225256,0.09116860356668773,-0.7058405940199484,-0.3061724016349004
22581,Alejandro Kirk,C,482.998,0.1497728254702905,0.09987184680491253,0.17841680213415972,0.5848904757296798,-0.7692467998561218,0.5603585858779556,0.24434604213115715
22664,Gabriel Moreno,C,436.897,0.3647335227542548,0.013513440535731025,0.3087032349340536,0.42508260321625263,-0.3934519620782509,1.1186199301685198,0.7159338897492228
22715,Maikel Garcia,3B,637.864,0.9901216471977407,0.28081214570531726,1.4194993983222874,0.9895970404788492,2.048003193178129,0.8174892908486991,0.3853288146531623
22799,Geraldo Perdomo,SS,645.336,1.7230372972163988,1.0498074054881428,2.097310238838308,1.4305802822238074,2.007537933703431,2.2213278169033535,1.5316601061413497
22823,Oswald Peraza,3B,274.355,-0.9706818722446653,-0.794103399435534,-0.6868866831632343,-0.8124626259127699,-0.010228452807552173,-1.8679780194421212,-1.6524320527067802
22857,Wenceel Pérez,OF,447.287,0.2871775083931023,0.11990216680258632,0.42392166619005334,0.2466410330854022,0.3281193522015375,0.2990775893092684,0.30540324276976627
22896,Lenyn Sosa,2B,416.723,0.2351998592078884,0.3622492134193161,0.14651842692834288,0.4955607792127922,-0.5317544627536613,0.06793342688499124,0.8706917715555492
23003,Yainer Diaz,C/DH,528.739,0.1831700201211023,0.3334058463493776,0.4135781350111278,0.7955114985814126,-0.667068974200025,-0.05805988082769556,0.2816534958124165
23372,Hunter Feduccia,C,250.083,-1.3882608897701936,-0.962148661904039,-0.9457549622253233,-1.0036487624327166,-0.6853959740239394,-2.33790280912888,-2.3947141689062628
23395,Eric Wagaman,1B,95.0561,-0.7523931256936116,-1.0204704775379514,-1.274800574869581,-1.224935955918668,-0.766960769578777,0.04455935671258835,-0.2717503329692804
23401,José Caballero,2B/SS,349.54,0.625769340236559,-0.5086086773236335,0.07495698375926542,-0.3948402157336731,4.480896214296409,0.36896091051791224,-0.26674917409692633
23565,Davis Schneider,2B/OF,331.434,-0.062122658069790615,-0.05337043324602505,-0.11764395739309744,-0.24836597712724387,-0.3431560245892558,0.2340364416932659,0.15576400224361256
23690,Brayan Rocchio,SS,479.97,-0.03235258163053873,-0.1743725004920644,0.37153812511475703,0.09294148368227169,0.44295397793359675,-0.3994401747137721,-0.5277364013080215
23691,José Tena,3B,235.195,-0.46936466741175975,-0.816249783570042,-0.6734057173007965,-0.776188767974307,-0.21347478982076706,0.08083197396147904,-0.4177009197661245
23697,Julio Rodríguez,OF,662.604,1.3333711452662984,1.2712559911814334,1.685678316972538,1.4779572397183782,2.081549567108942,0.5485445657287379,0.9352411908877614
23698,Ronny Mauricio,2B/3B,160.436,-0.6560111095355873,-0.884402205806692,-0.9833685916551455,-1.035762381601778,-0.3151389143499839,-0.2698042635908564,-0.44759030020906765
23733,Ezequiel Duran,3B,279.914,-0.775216248675294,-0.8566960815336168,-0.631564738410378,-0.76266957415441206,-0.12285583839459982,-1.0216459150619586,-1.2558653444967995
23772,Wilyer Abreu,OF,495.783,0.8106299970613492,1.1752392356653787,0.8075411487876265,0.975719243168998,0.12352063668735644,0.5667211213438581,1.2150385967148785
23782,Leo Jiménez,2B/SS,147.897,-0.6614448104764646,-0.8958729968732954,-1.06794744121499,-1.056228362449209,-0.7264138637634866,0.07677579221701618,-0.29898199077482307
23789,Blaze Alexander,3B,406.009,-0.02413336205460499,-0.19284920102427575,0.11421500703567983,-0.013317178801233209,-0.147206768067963,0.1917774262567712,-0.097419457726609
23792,Alek Thomas,OF,428.761,-0.1508308602448978,-0.21658773215544155,0.13343205075452036,-0.0116716239474043,0.20472842298770938,-0.6214054396874212,-0.3934808394213496
23800,Parker Meadows,OF,452.428,0.01376443224562616,-0.15124765265830648,0.31972998355379784,-0.00413400480699813,0.5617118150099336,-0.21565121577257254,-0.4278223318520974
23986,Curtis Mead,2B/3B,128.436,-0.8688318794455366,-1.0483867241585794,-1.168868785905428,-1.206564101707328,-0.591203399018028,-0.26787672021360265,-0.9300915456702536
24064,Ezequiel Tovar,SS,621.413,0.5503421423448819,0.5804895156323032,1.1475735604690391,1.0015847117203982,0.2347514450385553,-0.006930816788364097,0.34458443799736016
24257,Jhonkensy Noel,OF,37.912,-1.1295413478659058,-1.0659230947534657,-1.512866854175464,-1.4243891288258885,-0.8217162508425055,-1.698943753968144,-0.25340900462996835
24262,Ceddanne Rafaela,OF,545.689,0.641387553355021,0.44617837081280676,0.9136821483328164,0.7450193792577509,1.3488919760987497,0.001668609513048906,0.3928848361149534
24336,Johan Rojas,OF,103.6,-0.8368353330564254,-1.0720944979076745,-1.2250734015864069,-1.2680543475825226,-0.15036998266167484,-0.483798384051894,-0.8216213845483797
24488,Max Schuemann,SS,112.96,-1.0764289598517462,-1.0816172664436918,-1.2253762197493425,-1.293277820491478,-0.46688603108662163,-0.8892500374956469,-1.5021663838436965
24589,Richie Palacios,OF,165.32,-0.4128033534108863,-0.8544611483736589,-0.8850772438703722,-0.9951964912299174,0.07809739349487622,0.3404683018531543,-0.16065093233939967
24598,Addison Barger,3B/OF,454.452,0.34633587920351694,0.8387948864974354,0.3701118714229445,0.7067983966759988,-0.33958297911732327,-0.20961656557241073,0.7115096653144569
24605,Michael Helman,OF,144.802,-0.2962885909781885,-0.5321735180295436,-0.941733520241899,-0.8683721825403055,-0.31726989364468566,0.06291130183202455,0.8189062667552784
24610,Steven Kwan,OF,641.408,0.6055129590276369,-0.1317586746982183,1.3282858198685283,0.5321882136217906,1.0027890295127428,1.0721609141185853,-0.17058754825760775
24617,Jarren Duran,OF,594.073,1.3810925635285252,0.7431138310288883,1.5352884541756895,1.19153409439607,1.9374948207931806,1.5540774376295177,1.325046743147806
24618,Ryan Jeffers,C,484.809,0.4570709050716475,0.40791899050319136,0.5258394925010254,0.6348355033878496,-0.5470262330547871,1.0629828175249714,0.6578748595676349
24641,Willie MacIver,C,26.1507,-1.2927083058309028,-1.1791117307574823,-1.5680531996824223,-1.502480287157941,-0.814397670985459,-1.4876762822152605,-1.204530664186852
24679,Brendan Donovan,2B/OF,572.202,0.49647727713187145,0.07525213589489468,0.9542910573150679,0.6377955456296261,-0.3147850862433585,1.250896900603941,0.37541310959105767
24703,Jonah Bride,1B/3B,25.1726,-1.2614298091305294,-1.1958063942060873,-1.5772913679970364,-1.5155853605757876,-0.842772696475911,-0.9558507522304287,-1.4812722832979248
24729,Logan O'Hoppe,C,446.421,-0.19813902970574512,0.2081267954682755,0.046285439517083624,0.2844014925656289,-0.6492501567112627,-0.7884930364275861,-0.28990471264661
24759,Mickey Gasper,C/DH,69.6076,-1.473971138799544,-1.124720426138013,-1.437056739662021,-1.402616434881362,-0.7656824498869355,-2.1387145452240577,-1.9750362370048744
24770,James Outman,OF,211.241,-1.3907455664517265,-0.8032957961436481,-0.9786047409512276,-1.0119918797435998,-0.5708898652397054,-2.8852090083365423,-2.094482108295636
24816,Andy Pages,OF,562.853,0.864321924167117,0.9926832316527872,1.100271091092847,1.1095401086596781,0.3093170609861971,0.6248419415940384,1.049278111017154
24878,Heriberto Hernández,DH/OF,353.217,0.2741570063021708,0.1800900430475412,-0.038391740778379826,0.1546173509195151,-0.613393661305,0.9524648007575187,1.0095552451718297
24934,David Fry,DH,221.692,-0.7108011935943065,-0.4496550787274819,-0.8067318049210419,-0.6653219407393755,-0.6498037007800818,-1.245069333148003,-0.44822530324985493
25180,Daniel Schneemann,2B/OF,210.769,-0.6469379428517762,-0.6880029389328799,-0.7785817604251682,-0.8272150069531019,-0.3962340786195201,-0.6557993164665635,-0.5357945557134236
25477,Isaac Collins,OF,379.655,0.34494012729892337,-0.17800269350379647,0.21410402156674327,-0.041849688231640494,0.7056289640765849,0.9189863492614319,0.4507738106242169
25479,Brenton Doyle,OF,562.232,0.7097016780618516,0.6685632563715423,0.959017674118716,0.8726048045266328,1.6000602209689554,-0.16453917567537998,0.32250328806064354
25483,Nick Sogard,2B,233.735,-0.4560781945605668,-0.7948380483879709,-0.6604739221705838,-0.7925224805052962,-0.3242459615387578,0.24274671160134803,-0.4071354663621404
25493,Joey Ortiz,3B/SS,513.478,0.03051964974521428,-0.16776613456884512,0.48328134628526,0.19870932745903042,0.5535503368866047,-0.30941047689194723,-0.5752465006988171
25543,Korey Lee,C,106.512,-0.9686155752803022,-0.9527332403591379,-1.2540839275273248,-1.174996470620505,-0.715617232534055,-1.0917623995323362,-0.6225001811084541
25621,Bryan Ramos,3B,63.5427,-1.0672078534218035,-1.0552197475053136,-1.4208142054541362,-1.3456826280496985,-0.8018664961135091,-1.1833199009784199,-0.5963441424297431
25629,Cody Freeman,2B,196.483,-0.6797149226227265,-0.6986763889564713,-0.8708342308688448,-0.8274460140723008,-0.5638891439676401,-0.7593832529094064,-0.35806050496169584
25690,Grant McCray,OF,83.442,-0.9587222590002155,-0.9802605922504458,-1.3109310562762537,-1.2697237112426165,-0.5290595564839342,-1.2396520753096298,-0.42270656243841254
25764,Bobby Witt Jr.,SS,667.582,2.1398038225050624,1.7012887028059531,2.2239299077542447,2.013947596013485,3.0574196089090093,1.7177820746605326,2.1244550448871484
25768,CJ Abrams,SS,606.678,1.2121568521261092,0.7505436248674198,1.4839864212529974,0.9873306497347559,2.8139921413377205,0.5654656656375182,0.6716226099262445
25782,Pedro Pagés,C,317.5,-0.4116588842027504,-0.2990505160774953,-0.4598965741835034,-0.22346318091688466,-0.7084708930723772,-0.573845968990778,-0.20522617197546386
25807,Jared Triolo,3B,502.166,-0.19407263705746405,-0.4192905459382217,0.3370992946891054,-0.05443223359813855,0.49550137923216575,-0.470321068664059,-1.0529926480656364
25816,Shea Langeliers,C,531.593,1.1828001064085771,2.021520709745341,1.0221227051774002,1.6208381868193387,-0.20658357725013557,0.8337698672673803,1.805132746692138
25845,Michael Toglia,1B,58.5668,-0.9814361059354494,-1.0190748576227322,-1.4187192650135072,-1.3461600142354533,-0.7717785740747882,-0.9901200441629014,-0.34276388050331563
25878,Corbin Carroll,OF,650.439,1.7078614721980176,1.5918322539805854,2.072721371449152,1.3881245968240477,2.7582221652023473,1.2019827410979176,1.2342857046340552
25931,Michael Harris II,OF,559.933,0.3332169398795773,0.2930851580920773,0.7481683636999558,0.6603450337805732,0.740234138084513,-0.4597360654208799,0.017205011041224755
25961,Kerry Carpenter,DH/OF,471.045,0.8346513082884582,1.3819147020539022,0.5965610545805927,1.1130563793730357,-0.5740544751454235,0.863357340868909,1.6270728479997332
25976,Riley Greene,OF,620.774,1.4286006818506864,2.1177305055399187,1.5469100800787028,1.857411565137979,-0.20756957327746597,1.3544291738379661,1.9026923397870177
26031,Vaughn Grissom,2B,359.479,-0.559071152315388,-0.6716256724535369,-0.2762477914447807,-0.5396090098970664,0.16598521835741542,-0.8534114933105005,-1.1795181651438589
26121,Francisco Alvarez,C,432.19,0.30549441073448635,0.6706952881000139,0.24021071723907328,0.5838111287859346,-0.6509082569098504,0.26755136825753434,0.7216062189342125
26123,Brett Baty,3B,425.704,0.30991727368933303,0.28352470498161864,0.3302238465153664,0.3457103369905544,-0.19372241688638628,0.4821916162962119,0.6115755542386332
26143,Troy Johnston,1B/OF,282.974,-0.0402576875369678,-0.38853888666096015,-0.3891451806816846,-0.3400307483768128,-0.36307846992132337,0.745091183917211,0.4941559765017633
26151,Kyle Stowers,OF,562.468,1.386473068349379,2.01372839172843,1.2991069124129568,1.7156547006914928,-0.11784124501454704,1.3365196771246184,2.0716699731533224
26197,Andrew Vaughn,1B/OF,541.014,0.24521793004329598,0.5369425629341742,0.42828974688443167,0.9151186072370684,-0.6979464385680327,0.02512280893213009,0.26378029284000437
26202,Jake Mangum,OF,355.201,0.10992680671812148,-0.7461913931375154,-0.09400100912399842,-0.4223479372037777,1.6677444186847326,0.6249833333345607,-0.37062657224527296
26208,Tyler Fitzgerald,2B/SS,175.218,-0.7432493176093952,-0.8933355345164258,-0.9316086239356868,-1.0175444373352,-0.16426139605234447,-0.6720909046941309,-0.7806550091225829
26224,Darell Hernaiz,3B/SS,206.19,-0.8642058142334462,-0.9157024570964043,-0.9129168998572925,-0.9553059652683776,-0.5304646836342229,-0.7407205373716832,-1.1301243421726967
26284,John Rave,OF,141.229,-0.8873599473827802,-0.939967443165168,-1.0841537167242092,-1.1368270503860824,-0.25152765010652767,-0.9269449545274906,-0.9847388693872041
26288,Adley Rutschman,C/DH,554.295,-0.038752413617356575,0.13873424863602846,0.46765236778720637,0.4462068032334214,-0.6843097837586726,-0.09215129228860118,-0.5086468253135219
26289,Gunnar Henderson,SS,658.353,1.517828635292549,1.158314890680398,1.9372884282838136,1.3397766680704644,2.391199298017753,1.2133285013525812,1.0670640253502848
26294,Bryson Stott,2B,573.756,0.762732041951729,0.16395753362315016,1.0556839996269856,0.6369052422280912,2.222369011012653,0.3775627595800652,0.11991370563942946
26299,Josh Jung,3B,503.255,0.2589438731276523,0.3247959427262777,0.508562109738606,0.6509240107437129,-0.26657228415744305,0.0010017820160549782,0.3349516776987055
26319,Michael Busch,1B,580.196,1.216849986009857,1.928936683477855,1.279267150830867,1.6427623870960884,-0.4744969686434177,1.3125211894964435,1.6121094738013053
26323,Spencer Steer,1B/OF,560.656,0.7651472498984887,1.0005313780256777,0.9421296814581277,1.1226142796300078,0.5148715240722607,0.36204054261690616,0.6486960935879522
26365,Jonny DeLuca,OF,262.939,-0.5591546963549149,-0.7286591020715217,-0.5945398559420325,-0.7284548495523513,0.34505578537602105,-0.8132338083149087,-0.8350963476246955
26368,JJ Bleday,OF,336.92,0.17339040507883988,0.25642795317151973,-0.030732169731773052,-0.04777768611385133,-0.5156001437771011,0.661538618196497,0.716485858727748
26374,Kameron Misner,OF,54.4219,-0.9582147774130836,-1.0988518344804845,-1.4278642380739028,-1.3953036735716293,-0.627613961452901,-0.6575896297437341,-0.5420653271558491
26396,Josh Smith,3B/SS,452.904,0.36658529799960693,-0.13124668788840513,0.5319648364126529,0.10482459059736537,0.29556232718999625,1.198156532573485,0.20025018911254716
26420,Kyren Paris,2B/OF,77.0591,-0.8613497650846981,-0.9764494109639816,-1.3097432101970208,-1.2935653332266701,-0.4320065183017754,-0.9068303078778606,-0.24950380994088014
26438,Dominic Canzone,OF,406.021,0.5680626179702409,0.5957977699855656,0.35965500233519293,0.48217321077267034,-0.24673453311572502,0.9040705451943548,1.313413712649387
26466,Matt Wallner,OF,470.385,0.3562385124317542,0.8421559661102125,0.5293746749239223,0.5113892857395153,-0.29812628201634567,0.16538277836364093,0.38725465146957994
26467,Luis Matos,OF,327.942,-0.23095677670998105,-0.23326558739058645,-0.2663039087455312,-0.23952088461615348,-0.24874887648029229,-0.45086105743306604,0.052959654405743115
26477,Spencer Horwitz,1B,478.12,0.4471893902419084,0.31762234895060504,0.4857885845201792,0.5794232424608922,-0.7001528572117802,1.2947958335255847,0.70565918920597
26517,Noelvi Marte,3B/OF,537.282,0.5022250469425885,0.32858191379625473,0.7643046591514568,0.6777369902321634,0.9749851224259478,-0.002714172810884696,0.2704557688605933
26536,Warming Bernabel,1B,95.7927,-0.6700929368539926,-0.9501542119332758,-1.2606777562318756,-1.1866046674387236,-0.7699621412984353,0.019935168968375362,0.12690598680997955
26540,Angel Martínez,OF,254.433,-0.48473798773574434,-0.6430021293810126,-0.5896482762509625,-0.6839162058180969,-0.2681325503527874,-0.34725100768376266,-0.3764777569278444
26546,Agustín Ramírez,C/DH,505.852,0.42355843943833754,0.5643398051035052,0.6629873923345022,0.6213604548352224,0.5790244912880088,-0.17492259760366227,0.28856109067244834
26548,Luisangel Acuña,2B,370.595,-0.13093387929499647,-0.8298520585848516,-0.1268052092716124,-0.6493079278413353,2.38460445226096,-0.25834259548768135,-1.3058999368454585
26599,Jonatan Clase,OF,30.0681,-1.1024528916832115,-1.1790606004652597,-1.5416087821522404,-1.4959838577450775,-0.7535079524566459,-0.7426840654933562,-0.9018720917866896
26668,Elly De La Cruz,SS,639.695,1.6033730042701286,1.117570202800571,1.8599592787519084,1.2364563265230593,3.693888142150416,0.7936455521717218,0.9187185232230943
27462,Austin Martin,OF,319.898,-0.0024395808530975893,-0.7723966630687197,-0.16176047558661552,-0.6148018521548987,0.7870424759603384,1.1249855704470408,-0.37770654071573084
27464,Dillon Dingler,C,415.688,0.1851882382904805,0.023888669174626145,0.08427858043389648,0.3352338673786945,-0.703814070208491,0.7901232075031748,0.5814191754609821
27465,Spencer Torkelson,1B,610.607,0.8848635433824671,1.633945625046053,1.2083923613075946,1.4166422991097851,-0.580017086976547,0.7428715883314807,0.8873464734764358
27467,Tyler Soderstrom,1B/OF,579.449,0.9734759380523248,1.5271658322203974,1.0482750251998318,1.5596719174669467,-0.16540716140632877,0.6488502055377018,1.2222998092954003
27475,Jordan Walker,OF,470.575,-0.13761650934194156,-0.11902017054040531,0.2260220758316718,0.11427786452569036,0.25770389178462194,-0.7937260628126068,-0.5109566548406214
27478,Patrick Bailey,C,474.056,-0.26293590633784425,-0.16437482307837556,0.0865174263117588,0.25233605348459776,-0.5823236517681007,-0.6051871343479313,-0.5645833086290147
27479,Masyn Winn,SS,597.622,0.5406082878164761,0.304294442561427,1.1523736054776261,0.7561325777442279,0.6180354863530593,0.23949956814591547,0.17331404661660052
27482,Robert Hassell III,OF,264.008,-0.6458241917443973,-0.714438338336283,-0.6213658239230212,-0.7108468725324918,-0.1471605576115092,-0.8946023903609439,-0.7865311677021348
27490,Nick Gonzales,2B,437.203,-0.1073117325023889,-0.3009645269189768,0.11860477858842758,0.0675608639344941,-0.47459537415047165,0.0900282021257509,-0.14450433859355763
27506,Ha-Seong Kim,SS,335.223,0.07792703460107851,-0.4366064459099417,-0.09040758610863144,-0.3567259091134452,1.1866783325821426,0.2793220242129291,-0.11469820805658226
27531,David Hamilton,2B/SS,119.986,-0.6954619168392675,-0.9574386191163528,-1.1186258743307012,-1.1768937052086765,0.4409297957514312,-0.7598054641259867,-0.6009376340053192
27534,Edouard Julien,2B,179.195,-0.8845750236463025,-0.9003863982635674,-0.9632328857401907,-1.0602048769187535,-0.6580516333980019,-0.5921270486058896,-1.1334472989514117
27555,Garrett Mitchell,OF,291.191,0.23432376535377844,-0.24645113099453575,-0.16324229100702134,-0.3412237643339645,0.5882025391988569,0.8477155099841398,0.7209417292751956
27562,Austin Wells,C,448.136,0.2587526328313096,0.7614663736063195,0.26801017901179824,0.6724334098712932,-0.5206224589444959,-0.14640530899563955,0.5176336024385821
27577,Casey Schmitt,2B/3B,395.748,0.10576931136132424,0.28659406250037545,0.018575189353192363,0.2780807575388397,-0.6109929498084942,0.07883944031074368,0.5835193682732884
27615,Alec Burleson,DH/OF,560.258,0.8298549241846399,0.8288746382966128,0.9536133028089847,1.2336135070066163,-0.1479622453037881,0.9530813436419688,1.157908998657445
27630,Nick Loftin,2B/OF,127.519,-0.8912698986044071,-0.9612138092550444,-1.15941332515964,-1.1600053519665579,-0.6937188492490978,-0.6221187905132738,-0.7511492654828281
27647,Anthony Volpe,SS,448.38,0.18574491275821794,0.12522713576910863,0.3780542119582487,0.1899133069744074,0.9513530774281062,-0.46295866367056576,-0.06711959190999711
27653,Christian Koss,2B,197.112,-0.40577722175027015,-0.7523422329582209,-0.7775118129289383,-0.8287918650773956,-0.3978724246138499,0.29202977121840157,0.029825233858382177
27676,Vinnie Pasquantino,1B/DH,618.75,1.038047697611422,1.8883292350905703,1.0086755586566056,1.9663190453296249,-0.7031268159537587,0.7251292560302345,1.3429599065152558
27684,Michael Massey,2B,325.094,-0.4867351124393687,-0.464513829621836,-0.4057770214294421,-0.35727361816976927,-0.5448716798017885,-0.7010229082372322,-0.44695161737614386
27735,Brett Wisely,2B,55.0027,-1.0595389755313498,-1.1137118748084345,-1.4501583838816745,-1.3944705483554156,-0.7794336110554124,-0.9255733124190223,-0.6938861226681392
27769,Pete Crow-Armstrong,OF,605.724,1.3622953478105604,1.4077507480422464,1.3993191763088,1.3864003003698508,3.0576798999046972,-0.016897375065851056,0.9395193373036191
27790,Evan Carter,OF,388.423,0.25277777717403643,0.0015717030931127593,0.21966932235642436,-0.04003048365925013,1.162291135817247,0.006253368844182696,0.16691161659250212
27815,Jordan Westburg,2B/3B,577.38,1.002816548603709,1.3033211915135599,1.1808577379863499,1.3565544384168828,-0.11949574056706976,0.9375329025598104,1.3581287617127198
27845,Matt Mervis,1B/DH,39.6847,-1.0742510693413172,-1.0763965588158906,-1.513668494058828,-1.4191448668694182,-0.8330220452450015,-1.1736614313213833,-0.42961301973738203
27883,Thomas Saggese,2B/SS,326.646,-0.4236872046098447,-0.7291187774755472,-0.38125012291078764,-0.5314350507454231,-0.2941120320775619,-0.015312186977476681,-0.5908950574722718
27899,Colt Keith,2B,482.012,0.26409913674398966,0.10938705134774872,0.48476638571014363,0.37204956639368164,-0.31648087614398257,0.5990041646983411,0.3358685284580054
27915,Alejandro Osuna,OF,104.874,-0.9669251198950519,-1.0759913728105113,-1.2557231859794515,-1.2868212867744517,-0.4930613242910625,-0.5751770485724478,-1.1147765009423867
27962,Adael Amador,2B,306.974,-0.9991190890176309,-0.7575163118308629,-0.6589446545464818,-0.7238548802243686,-0.4984598164736679,-1.7284759512224253,-1.6274629198079782
28022,Edgar Quero,C/DH,423.83,-0.20934774710023737,-0.47945416950798864,-0.12130591538736095,-0.09571267460736854,-0.721750429093341,0.5129608497695325,-0.3508241437748977
28080,Jasson Domínguez,OF,375.832,0.3891927272694546,-0.215398016746944,0.19196148864137502,-0.10651843141380732,1.508467175126619,0.5824125487608209,0.37423159924866356
28163,Junior Caminero,3B,632.264,1.3930403840844097,2.5734078316681237,1.5385985520970713,2.096286741363778,0.028237024184948945,0.4135496204219296,1.7081625347706069
28253,Javier Sanoja,3B/OF,223.267,-0.4261256379646854,-0.6510737914118973,-0.6986661126682553,-0.7024601357491665,-0.3602623753601965,-0.13960642284556732,-0.004684989753029961
28312,Coby Mayo,1B,67.4117,-0.8110308213316904,-1.0124827106455156,-1.3764845279448161,-1.312697391697201,-0.78058387483642655,-0.2988452732309669,-0.08509114963521652
28552,Yanquiel Fernández,DH/OF,123.543,-0.8896712025776624,-0.9291747463914134,-1.2137366523725763,-1.1245626495461287,-0.7883702818731315,-0.7481210715244568,-0.5340618137582677
28806,Jackson Chourio,OF,627.953,1.3817542979576032,1.2347828944409742,1.6289652886994417,1.4594578945995524,1.9611285550862472,0.7158900389555614,1.2903011159638424
28824,Samuel Basallo,C,416.4,-0.578647635115574,0.30852726951800546,-0.29119343117091695,0.1871715141112449,-0.726915572186457,-2.148825474570386,-0.8006501163949346
29490,Jackson Merrill,OF,603.79,1.0023928826361124,1.1350415582857167,1.2510187151569798,1.4288697924667275,0.33722797098060314,0.6190505381190293,1.2431487208076175
29518,James Wood,OF,641.073,1.3139870597787378,1.4090808604924931,1.6125294250666953,1.465891730050652,1.2585681062193195,0.9862080350549733,1.1516442017882935
29524,Bryce Teodosio,OF,224.252,-0.8310454953159736,-0.8965337752070637,-0.8056918947515949,-0.9493757659649443,0.2728469783726676,-1.248148839761995,-1.3593696745829118
29554,Adrian Del Castillo,C/DH,294.582,-0.31415005733360313,-0.2922699024747944,-0.4914624958710867,-0.3058052879782063,-0.6956014694110317,-0.1830559732656845,0.0832947849991848
29571,Tim Tawa,2B/OF,145.34,-0.7553541115261394,-0.8548242004887179,-1.0288492359895587,-1.076862319470319,-0.2759451259190974,-0.7391330559153854,-0.5565107313737582
29575,Trey Sweeney,SS,87.0041,-1.0225302070747948,-1.0147313132675362,-1.3166271492061086,-1.2766751447617457,-0.7091492187058982,-1.1140138578833176,-0.7039845586241632
29576,Ben Rice,1B/DH,553.228,0.8400750120035388,1.686232853170445,0.9288873422075014,1.3149292538345745,-0.5006990524700826,0.5697737028385572,1.0413259724402373
29591,Colton Cowser,OF,515.108,0.4009600634746824,0.7256231137710522,0.6950171652631809,0.5988481787544584,0.7286882885153075,-0.45455656253517734,0.11214019707927271
29592,Connor Norby,3B,469.052,0.27126612507245845,0.19040480411207145,0.5034515922262071,0.3558717095299454,0.2773670383051663,0.09801881586269537,0.20248279039866493
29606,Justyn-Henry Malloy,DH/OF,205.14,-0.5680307725465052,-0.6595007234234084,-0.8490169100090609,-0.7932567446698985,-0.7421580963031377,-0.05404156055767696,-0.31021060031584935
29617,Henry Davis,C/OF,284.738,-1.0589070544965724,-0.6998092980577096,-0.7011883730591179,-0.7681738823776394,-0.584294929123532,-1.9153786582085879,-1.684597186152848
29622,Sal Frelick,OF,540.095,0.6505570263473988,-0.13796797173274628,0.9535144773400315,0.3773872399604386,1.296310359292575,1.1908762119846523,0.22322184123944142
29630,Joey Loperfido,OF,73.8944,-0.31617284915703825,-0.9866230695857626,-1.2960475721053648,-1.244941194580255,-0.7005952803851778,1.2081942505140808,1.12297577120025
29634,Will Wagner,2B/3B,197.249,-0.8292861664796422,-0.9735684014138578,-0.9274594149400174,-1.0388313180633217,-0.5854356774970951,-0.2565381196529635,-1.193884067310597
29646,Caleb Durbin,3B,547.433,0.5421516648045529,0.09370729826056962,0.8828129249159917,0.526202528487009,1.242901777445526,0.4429556961415084,0.06432976357671223
29668,Marcelo Mayer,3B,463.595,-0.014246608033442229,0.19176882921920058,0.2715680512831484,0.31317984746329747,-0.4358796305978681,-0.39030134893564317,-0.035815396632788515
29695,Matt McLain,2B,538.246,0.21456888424267306,0.04088525858964867,0.7316262116926159,0.27978038852955533,0.8526239176097982,-0.18572799466725218,-0.43177447629832755
29704,Braxton Fulford,C,203.671,-0.7954498274783685,-0.7578829660411571,-0.9128193028123034,-0.8260688394169748,-0.7008109808632076,-0.84660254292925,-0.7285143328073174
29712,Colson Montgomery,SS,538.554,1.232215076275166,2.7771644763814907,1.067799260705201,1.7095159508752007,-0.453602711634032,0.4102859083291434,1.8821275729939926
29715,Hunter Goodman,C,562.549,0.9672782990728169,2.0931504749329517,0.8774422097893545,1.8187776518970478,-0.6048811781519149,0.174264754458589,1.444915881510873
29766,Zack Gelof,2B,167.037,-1.0246768213711206,-0.8786512946394748,-1.0200041490800345,-1.0670574832002995,-0.32583771509019993,-1.6337740957838094,-1.2227361904329062
29779,Max Muncy,2B/3B,349.96,-0.36715310475589064,-0.011135657516671327,-0.320904858228401,-0.11942021344985344,-0.583585709272676,-1.0066823422919429,-0.16118984777579917
29782,Niko Kavadas,1B/DH,29.1478,-1.0990502766890138,-1.1526868358999434,-1.5518078498546681,-1.4816434952203454,-0.8279786650823632,-0.8856631430258131,-0.6945216710509483
29788,Brett Harris,3B,180.035,-1.074525684400756,-0.8105693029935283,-1.0174733301628487,-1.0121937498262452,-0.7022900186359937,-1.5607024741884739,-1.3439252305974456
29794,Kyle Manzardo,1B/DH,532.977,0.4265876919923068,1.121332708099485,0.4971179177187891,1.072508844653403,-0.6528508209433239,-0.06953445798647638,0.5909519604119635
29844,Liam Hicks,C/1B,223.262,-0.46277892197559917,-0.7212598313093084,-0.7507146201989919,-0.7375527716724243,-0.6786941764352219,0.3071230244051588,-0.1955751566428073
29858,Denzel Clarke,OF,367.026,-0.1912798362376935,-0.4619260954118165,-0.09413205916226554,-0.337498967881934,0.727215941644361,-0.4286315171806756,-0.5527063194338304
29931,Jacob Young,OF,322.387,-0.3812921413516189,-0.8260802283779258,-0.3372041615227286,-0.6807213953348225,0.7723633647349986,-0.1721999467730722,-1.0439104808361632
29993,Brady House,3B,482.583,-0.22147486351878323,-0.24714917823883384,0.22745245046329127,0.14186739510685062,0.1474273767400828,-0.9354358278520029,-0.6630113973320874
29995,Daylen Lile,OF,528.594,0.968740771032525,0.4384150066688975,1.0647896340317484,0.7850650350262509,0.7650265439778965,1.4840375178670213,1.2751108886233358
30011,Christian Encarnacion-Strand,1B,147.516,-0.9441930280293344,-0.7585576241851266,-1.1244178016497086,-0.9697624800810987,-0.7734107294641388,-1.4898226595145136,-0.5491868732814198
30038,Carson Williams,SS,369.02,-0.4503739071586328,0.18935760814179134,-0.17449421708028484,-0.08048051619089915,-0.04276155778761801,-2.0143869688011478,-0.5794777912336384
30116,Seiya Suzuki,DH/OF,615.502,1.1943874067234896,1.6989513630007953,1.3769971816158681,1.7545795441019991,-0.04950141291976242,0.9893598386322728,1.395937925909767
31166,Heston Kjerstad,OF,63.529,-1.0067939045418155,-1.0684611479274246,-1.4122937629535064,-1.356158837546926,-0.7728486667914183,-0.8406236231182728,-0.5903773889133459
31347,Zach Neto,SS,637.627,1.5514337052564846,1.4789516924275774,1.7386086418726756,1.457129928345808,2.856012676504108,0.6758181988227203,1.1020810935660186
31349,Victor Scott II,OF,500.056,0.18638290774452204,-0.358001717087161,0.4234261512499315,-0.06623824005984516,3.0714426230969467,-0.9238015903709553,-1.0285297803617843
31363,Graham Pauley,3B,349.143,-0.33123854401227637,-0.4648662874282875,-0.21821737337661265,-0.3607245849018214,-0.3427778949899673,-0.11705797013208809,-0.4837871532448812
31370,Jakob Marsee,OF,568.715,1.3384700474285178,0.538612111589786,1.3317295675826837,0.9548775036518825,2.7789502635707697,1.3196748105372336,1.1069760276387508
31382,Dalton Rushing,C,192.227,-0.7735839868664858,-0.6267297963225869,-0.9630847370295482,-0.7707893198699084,-0.7737335907015205,-1.0610813725240797,-0.4460851047512712
31394,Brooks Baldwin,OF,385.04,-0.10554884956647809,-0.11097249391360124,-0.020090911848137098,-0.027648548150450102,0.11507122185155887,-0.5306287055612979,-0.05902365977694102
31396,Tyler Locklear,1B,288.984,-0.8775723520432693,-0.7181577266574433,-0.6114397732420473,-0.7325966430118678,-0.34415697978334125,-1.398915898711476,-1.46016709085344
31431,Jordan Beck,OF,516.386,0.30163754816115174,0.04673967795488264,0.6033160229160952,0.3579574994298646,1.2711327274516206,-0.29551384215229404,-0.1738067966332586
31500,Ryan Ritter,2B/SS,242.632,-0.5596249461181283,-0.8112507099621852,-0.673617498077626,-0.7934749592853108,-0.2987291543058284,-0.174165046201905,-0.6065123088759148
31539,Drake Baldwin,C,505.86,0.8241366194580406,1.211412769835398,0.6261902663117195,1.30126597864645,-0.6901348750056512,1.0055291261135495,1.4905564508467781
31545,Drew Gilbert,OF,337.555,-0.4656638547043643,-0.18426727597638984,-0.3125857710847493,-0.2839379644807606,-0.24582302359210761,-1.242507604442256,-0.5248614886499224
31562,Zach Dezenzo,1B/OF,73.9709,-0.6901742219849595,-1.0449888370951084,-1.3454519600089017,-1.2990993478583384,-0.7330755533033314,0.33018940508446154,-0.04861903872853804
31564,Alan Roden,OF,187.573,-0.9582765150615599,-0.8854600308574653,-0.9619573447729255,-1.015573757895083,-0.5231735035377195,-1.1648832951707713,-1.198611158135395
31580,Chase Meidroth,2B/SS,531.216,0.03213792808766058,-0.639217686245997,0.5197139130796671,-0.17828673616600493,1.0882042538234453,0.37688899222616623,-0.9744751681913133
31595,Brooks Lee,3B/SS,528.452,0.08786400938884598,0.3547975914265631,0.42186544463959214,0.7097611665437927,-0.2807904830189681,-0.6244970857074748,-0.05395257755042921
31680,Cole Young,2B,367.444,-0.5075583932508352,-0.4746264203149105,-0.30026461704037916,-0.3660244274061239,-0.5235915657002749,-0.563295296798068,-0.8175480322452549
31695,Dylan Beavers,OF,421.665,0.2791132069554758,0.0704989646232172,0.3338010734610407,0.09313356036084186,0.09159587144366652,0.7490739629335648,0.33657580891052363
31765,Nacho Alvarez Jr.,3B,77.4942,-0.9495170973267381,-1.1028010929213843,-1.3761391867346493,-1.3380531234471533,-0.7999101840638987,-0.28462625620198334,-0.79557274059136
31781,Jackson Holliday,2B,565.209,0.2874139520203122,0.27834779502273854,0.7953437386881447,0.503471432686712,0.8725049052759053,-0.44000448862638997,-0.28517967092523694
31792,Otto Kemp,1B/3B,230.546,-0.3224086256257959,-0.3926505514542751,-0.6585251582592916,-0.5362395700847101,-0.6601014816778176,0.006276106569329085,0.3067889011519899
31812,Roman Anthony,OF,594.982,1.130275470179573,0.5882126734215454,1.4601520516188562,0.9469112141175146,0.43758382477833657,2.087169519286282,1.2616235378549032
31837,Masataka Yoshida,DH/OF,220.65,-0.41026621739636093,-0.7322332940598175,-0.7672428303246032,-0.6753284516515977,-0.6470259221574503,0.3245901909938748,0.035643002821428446
31855,Colby Thomas,OF,261.267,-0.1911650367426114,-0.1072315353076371,-0.46341541432581446,-0.37383816078515514,-0.2397425368251681,-0.4265859982660436,0.46382342505415025
31912,Chandler Simpson,OF,444.279,0.5440062136975014,-0.7861313839937079,0.31609461766748476,-0.3686492274926623,3.9943266693538657,0.8056010829247423,-0.6972044762747147
33189,Nolan Schanuel,1B,589.921,0.43819554884130496,0.06674119643913898,0.9741347411621942,0.5341521094968137,-0.14271530998366203,1.2261373590042246,-0.029276803070879848
33197,Ben Williamson,3B,299.633,-0.5056827097539841,-0.8194675562555002,-0.4623498797431087,-0.6771390453663768,-0.1968838562034159,-0.030204396621661106,-0.848051524333842
33252,Kyle Karros,3B,293.825,-0.6820556237430209,-0.8207199771547536,-0.5754641770294576,-0.7357662443167878,-0.5933209807579818,-0.24770856888218026,-1.1193537943169638
33266,Jacob Wilson,SS,569.086,0.563936128823022,0.12783485536718556,0.9569757769199698,0.7322572474655276,-0.09398277159642543,1.0917208551206905,0.5688108096611845
33321,Luke Keaschall,2B,528.088,1.255878305029815,0.2330767085725436,1.1220303797119628,0.668281521630098,2.7713585373277954,1.6830938146036356,1.057428868332855
33322,Matt Shaw,3B,269.575,-0.1934698117036898,-0.4253645719746612,-0.39642096401614985,-0.5103291141629812,0.28848023888774926,-0.14959119355118153,0.03240673459508601
33333,Wyatt Langford,OF,608.254,1.0511805615873726,0.9307454993432308,1.3716127965984468,1.0577286149664689,1.7527721518919934,0.5531862694768883,0.6410380372472068
33541,Dylan Crews,OF,537.248,0.5365387629987608,0.164638137882184,0.7876655641955844,0.3166549112665196,2.8204237296790757,-0.4921710805185363,-0.3779786845122629
33549,Kyle Teel,C,447.271,0.40608757664671447,0.08871195565062684,0.4121122180386746,0.3733215214995227,-0.3636783591386294,1.2687810712360055,0.6572770525940866
33644,Kristian Campbell,2B,150.749,-0.7215615871213069,-0.8960820695806468,-1.0524377218922802,-1.0659143165525862,-0.6643627599555323,-0.14847666227299522,-0.5020959924737998
33704,C.J. Kayfus,1B/OF,384.445,0.08908966643615683,0.16091136555084634,0.04583232506096783,0.1315404140039925,0.23168785253555998,-0.2498585986478739,0.2144246401134482
33824,Jung Hoo Lee,OF,559.282,0.2918438084171908,-0.21139214611004295,0.7916345138597142,0.3609522009169808,0.3240661263994112,0.6483486322563307,-0.1625464768192489
34979,Christian Moore,2B,443.474,-0.07932522736983241,0.20805625028556934,0.20778456907522416,0.14020506816306852,0.02561281035814671,-0.7541148193519279,-0.3034952427490753
35041,Jac Caglianone,OF,488.159,-0.5923436240788987,0.054384006503561275,0.04161326122119348,0.05049851407111693,-0.36454801277528703,-2.0904385249571233,-1.245570988536854
35108,Cam Smith,OF,415.066,-0.043547307305280704,-0.2394480102114267,0.12243853946133348,-0.05403036840838218,0.09224374077574528,-0.01619221227759243,-0.1662955331713617
35110,Nick Kurtz,1B,571.781,1.8996022707762326,2.971552905762264,1.6708747960996229,2.037138091636075,-0.42319968338458414,2.2513154782602585,2.88993203628376
35322,Hyeseong Kim,2B,166.071,-0.3120786470670324,-0.8751413368811712,-0.8718858576768257,-0.9708337454292544,0.3246699218396333,0.45823456709559224,0.062484568649831755
