playerid,PlayerName,role,ERA,K9,WHIP,Ks,IP_atc,z_ERA,z_K9,z_WHIP,z_IP,composite
3137,Max Scherzer,SP,4.302233329557933,8.681494919995652,1.2263421605646787,89.3726140644419,92.6515,-0.04153139730436686,0.286936029587474,0.4066427312612448,-0.16110088643939038,0.12273661927624038
4676,Charlie Morton,SP,5.341963127583683,8.679955212765652,1.5233933206630075,73.24937048895487,75.9502,-1.3234900716823614,0.2857365613588793,-1.6167477283543563,-0.4886599932257094,-0.7857903079758869
6175,Albert Suárez,SP,4.115718248258164,7.217530674713628,1.2807956492772852,18.438304835549808,22.9919,0.18843664518953004,-0.8535266283779,0.03572793827608305,-1.5273200642933455,-0.5391705273014081
6902,Martín Pérez,SP,3.8419497066760657,6.989602583851846,1.2775480401080648,82.08899923479335,105.7,0.5259858404894913,-1.0310879842422471,0.05784931766199603,0.09481661728195369,-0.08810905220220154
8700,Justin Verlander,SP,4.3294780305491605,7.167304727282365,1.2746389929266175,94.07565274873255,118.131,-0.075123375559542,-0.8926538254326704,0.07766455188482688,0.33862322254386323,-0.13787235664088054
9132,Nathan Eovaldi,SP,3.0242499759982495,8.804068208183994,1.035860025183548,156.37101190515773,159.851,1.5341874566876792,0.38242351057844737,1.7041287782095453,1.1568688642079987,1.1944021524209176
9323,Patrick Corbin,SP,6.7548981468238685,5.94864168597481,1.6623170388419757,82.13818343975284,124.271,-3.065600673577928,-1.8420210628722953,-2.5630390200113324,0.4590457594522475,-1.752903749252327
9803,Miles Mikolas,SP,5.177304437668795,5.55971030982518,1.3905936591128483,79.8046995328206,129.187,-1.1204703676699164,-2.145007773401068,-0.7121709943943644,0.5554622401430649,-0.855546723830571
10310,Zack Wheeler,SP,2.6529020336061535,10.720176530196984,0.9609342907812592,143.0047726513766,120.058,1.9920494097315387,1.8751170629756455,2.214492097844789,0.37641707085370973,1.6145189103514206
10603,Chris Sale,SP,3.2813200955267474,10.905536046537144,1.0692376567801434,192.18341484321454,158.603,1.2172269634146144,2.0195164957935905,1.4767740649178687,1.1323921010057736,1.4614774062829619
10954,Jacob deGrom,SP,2.4909882098852245,10.654666514118375,0.9064800199797025,183.95163351441883,155.384,2.1916847680860694,1.8240832161442488,2.58541221809856,1.0692585266884949,1.9176096822543434
11156,Merrill Kelly,SP,3.4511845559050363,8.182035729013943,1.1531292795767594,157.04053909220764,172.74,1.0077886854466576,-0.10215445423271105,0.9053387971607761,1.4096581277604687,0.8051577890337979
11423,Jose Quintana,SP,3.891193173689529,6.499723120830769,1.2890859144037832,76.23164152693474,105.556,0.4652699796819776,-1.412715634152535,-0.020741941724006355,0.09199237537400451,-0.21904880520513983
11486,Robbie Ray,SP,3.7073744228642678,9.30986311878374,1.2027021397904731,174.22167511721267,168.423,0.6919135197451957,0.7764496693367311,0.5676688403119843,1.3249897088950786,0.8402554345722474
11674,Jameson Taillon,SP,4.023147523878743,6.888248870899707,1.2179665236678006,118.64013710843393,155.012,0.30257384058105224,-1.1100449159026837,0.4636941286863141,1.0619625684262932,0.17954640544774397
11836,Taijuan Walker,SP,5.469991876541084,6.125269760240146,1.523722125363376,75.73555765772483,111.28,-1.4813460508101606,-1.7044236292620605,-1.618987410884403,0.20425599121498042,-1.150125274935411
12304,Chris Bassitt,SP,4.22315620702385,8.028914401180373,1.3102358350290833,128.7463187277277,144.318,0.055968552557519174,-0.2214395782342334,-0.16480651161389911,0.8522233811790196,0.13048646097210156
12317,Colin Rea,SP,4.296936217328168,7.057672589430067,1.2782545341537261,65.3362471594802,83.3173,-0.03500020142540405,-0.9780598452425131,0.05303697048485239,-0.3441706004475728,-0.3260484191576594
12447,Seth Lugo,SP,3.7612285958016263,7.605467288347799,1.2084373026916932,131.9607728162808,156.157,0.6255127834389063,-0.5513148612987923,0.5286032669109956,1.084419214152694,0.4218051008009509
12718,Adrian Houser,SP,4.208801945217281,6.416183737848561,1.3300807628467997,98.90832395615239,138.739,0.07366696850382114,-1.477794782818712,-0.2999820066526527,0.7428036200370202,-0.2403265502326308
12730,Nick Martinez,SP,4.355929527072815,6.445615259775391,1.2894345525046085,95.91290360387774,133.923,-0.10773735419434392,-1.4548669334311253,-0.023116721229445466,0.6483484184489454,-0.23434314760149227
12768,Sonny Gray,SP,3.671992682992092,9.617763405597564,1.14101813797398,187.14778354800941,175.127,0.73553824650579,1.0163112510793564,0.9878349179165592,1.4564738599429303,1.049039568861159
12880,Tyler Anderson,SP,4.344328804383814,6.641346243906295,1.3533493682823932,85.81357274487367,116.29,-0.09343397738581383,-1.302387882711477,-0.4584781870121398,0.3025160742623755,-0.3879459932117638
12970,Joe Musgrove,SP,3.317041606351125,9.328824466276377,1.0955997693630106,146.78697990475516,141.613,1.1731833082744505,0.7912210060204978,1.2972061848334102,0.7991707814498371,1.015195320144549
12972,Joe Ross,SP,4.114519268113689,8.425927887944257,1.2580511625950184,40.132975394541425,42.8673,0.18991495522694038,0.08784328698739262,0.19065403702122533,-1.1375079975068796,-0.16727392956783033
13125,Gerrit Cole,SP,3.42511064943762,9.254330680678233,1.1027090722180435,111.86840578596752,108.794,1.039937105771144,0.7331885909536976,1.2487805346301597,0.1554985927208039,0.7943512060189513
13164,Eduardo Rodriguez,SP,5.0960670686049525,7.683394123776045,1.4303721122144766,114.66185164048451,134.31,-1.0203068923585545,-0.4906080194850379,-0.9831254740114738,0.6559385685765586,-0.4595254543196269
13361,Steven Matz,SP,4.961462459899464,7.527295406542682,1.3816130496872543,106.33475674360334,127.139,-0.8543430563033502,-0.6122126000167514,-0.6509987726556383,0.5152952441188999,-0.40056479621420993
13431,Marcus Stroman,SP,4.452082846120112,6.707097344178739,1.3755957063204916,80.14459663166824,107.543,-0.22629179175780748,-1.2511662256098626,-0.6100111018567473,0.13096299114549648,-0.4891265320197302
13543,Blake Snell,SP,3.318725566225503,11.406271195243894,1.2467717394298259,176.95435659608148,139.624,1.1711070313683134,2.4096009807604855,0.26748483349030155,0.7601609400962904,1.1520884464288477
13619,Jakob Junis,SP,4.942505132834676,7.419601879043743,1.363350976894065,51.400940817493094,62.3495,-0.8309691855920639,-0.6961083966613247,-0.526605035730614,-0.755407680152397,-0.7022725745341
13649,Clay Holmes,SP,3.918224538766017,7.332827919868288,1.282434342032059,122.8721236599441,150.808,0.4319410388303428,-0.7637073564326089,0.024565836484752055,0.979510394947002,0.16807747845737198
13743,Max Fried,SP,3.017707193311443,8.624821816067936,1.066943919379887,173.5362065069625,181.085,1.5422545304945936,0.24278634563935284,1.4923980617102253,1.5733268688843234,1.2126914516821237
13774,Zach Eflin,SP,3.9604583780537803,7.453147690939012,1.1864603693730147,117.75476475170909,142.194,0.37986785911572873,-0.6699754183997448,0.6783011074913954,0.8105658130367703,0.2996898403110374
13942,Brent Suter,SP,4.34177397042618,7.446137651607398,1.271322983512198,47.13909816130536,56.9761,-0.0902839363272592,-0.675436404290855,0.10025184563890976,-0.8607950514591578,-0.38156588660959057
14078,Michael Wacha,SP,3.609954651978295,7.272798467512805,1.172365041201231,132.46432702112241,163.923,0.8120294581171924,-0.810471714927137,0.7743126919554906,1.2367321492716699,0.5031506461043039
14107,Kevin Gausman,SP,3.428239934548002,9.71290333023751,1.119454454802811,195.9794089171645,181.595,1.0360787820033017,1.0904274951633055,1.1347178682752597,1.5833293923083094,1.211138384437544
14120,Lance McCullers Jr.,SP,5.438609104835582,8.62406997409454,1.6040328867006823,90.67452576062684,94.6271,-1.4426519434658434,0.2422006430184647,-2.166031321571643,-0.12235385648561124,-0.8722091196261582
14168,José Berríos,SP,4.33377872840261,7.280139637570036,1.2964658033098597,96.86144897346516,119.744,-0.08042601950566827,-0.8047527703948323,-0.07101071293713825,0.3702586544710984,-0.1464827120916351
14374,Tyler Glasnow,SP,3.388362477566054,10.87785523903994,1.1414208312996186,158.37673767809306,131.036,1.085246606169939,1.997952494217304,0.9850919364281918,0.5917262907527719,1.1650043318920515
14527,Jorge López,SP,5.851518133593743,7.110112697404986,1.5548764621388032,22.01409392994874,27.8655,-1.9517575900969386,-0.9372077649285252,-1.8311979532912546,-1.4317351659420914,-1.5379746185647023
14739,Paul Blackburn,SP,4.433048537455502,7.739220923402167,1.3119543820612085,51.512082483477634,59.9038,-0.20282300481939514,-0.44711762653828835,-0.17651254793455148,-0.8033746831681683,-0.4074569656151008
14843,Michael Lorenzen,SP,4.114947668511265,7.053057046876313,1.2974128144631507,113.16003093308878,144.397,0.18938674914222284,-0.9816554616967877,-0.07746136383540193,0.8537727916701857,-0.003989321179945271
14916,Jon Gray,SP,4.317365974267453,7.90773353256836,1.2929600909795451,64.97898866529114,73.9543,-0.06018953828338388,-0.3158423315509202,-0.04713124085910527,-0.5278051628373451,-0.2377420683826886
15038,Germán Márquez,SP,7.153797977496693,5.764915264274676,1.7353795803493086,66.54890071850592,103.894,-3.5574333584831233,-1.9851482764677586,-3.060711035135834,0.059395916686425736,-2.135974188350073
15440,Matthew Boyd,SP,3.722714067198835,8.16412294233494,1.1678309080816802,140.85107750024784,155.272,0.6730001538361766,-0.11610893732431671,0.8051973439248324,1.0670618940934233,0.6072876136325289
15454,Nick Pivetta,SP,3.458549520195983,9.569095978477613,1.1323394210002413,184.9482973733558,173.949,0.9987078839949814,0.9783981780870143,1.0469507723052585,1.4333699921126246,1.1143567066249698
15474,Lucas Giolito,SP,4.122301020098705,8.91232878811412,1.270567444963826,136.39328951454425,137.735,0.1803202658393785,0.4667610544343766,0.10539826381866574,0.7231123778454865,0.3688979904844768
15488,Antonio Senzatela,SP,6.932542508052472,4.929943633643039,1.7160558616659665,30.994829510471213,56.5835,-3.2846313585345075,-2.6356108600074224,-2.9290858025825335,-0.8684950332165245,-2.429455763585247
15689,Luis Castillo,SP,3.594558899043013,8.630895651783906,1.1599126613162434,167.08359094607312,174.229,0.8310120044108944,0.24751800684419714,0.859133187692497,1.4388615736003034,0.844131193136973
15734,Brad Keller,SP,5.809397391982134,6.574662239339079,1.6410880768278209,47.40981635607144,64.8989,-1.8998238567531731,-1.35433629425062,-2.418436052654584,-0.7054068307070819,-1.5945007585913649
15823,Zack Littell,SP,3.777517529975315,7.188739510426349,1.1756467649444935,117.86417676644695,147.561,0.6054289688747924,-0.8759556240687493,0.7519589381071187,0.915827662480956,0.3493149863485294
15873,Sean Manaea,SP,4.444592925185208,9.764181574538828,1.2872668050002942,147.59536868072894,136.044,-0.21705692214924435,1.130374456286262,-0.008350915845507264,0.6899471482181122,0.39872844162740567
15890,Luis Severino,SP,4.93297933169246,7.183335679651975,1.397453684633828,137.41800970015112,172.171,-0.8192241308404813,-0.8801653356296695,-0.7588986698132217,1.3984984496658641,-0.2649474216543771
16137,Carlos Rodón,SP,3.4113800101368135,10.326910760772392,1.1414659812612835,164.70275228902992,143.54,1.0568666120619583,1.5687537579084747,0.9847843934391168,0.8369646297596833,1.1118423482923083
16149,Aaron Nola,SP,4.880372833764107,8.72701591868415,1.304585006249206,160.66048438923357,165.686,-0.754361744020411,0.32239796065910514,-0.1263153875989642,1.2713094998530188,0.17825758222318716
16162,Brandon Woodruff,SP,2.646241929165099,10.919423137020967,0.9604335188961719,179.6657617580681,148.084,2.0002611380831596,2.0303348666490453,2.2179031501847093,0.9260851521882988,1.7936460767763032
16207,Spencer Turnbull,SP,5.024312308341253,7.297441838745039,1.4421629259769604,45.76874438573791,56.447,-0.931835216811092,-0.7912739478045346,-1.0634396531253236,-0.8711721791917679,-0.9144302492331795
16256,Kyle Freeland,SP,5.650862465203996,5.936537468476858,1.4950222042037182,111.43342559023056,168.937,-1.7043545867937868,-1.8514505336430422,-1.4234953392596066,1.3350706834831747,-0.9110574440533152
16350,Ryan Borucki,SP,4.394158723334957,7.060818726809384,1.3212485015591262,12.011237189716853,15.31,-0.15487291754533095,-0.9756089300582773,-0.23982027148085588,-1.6779835636869151,-0.7620714206928448
16358,Tyler Mahle,SP,3.148095219191183,8.843005656725882,1.0958544986463834,127.39135693460898,129.653,1.3814896268350607,0.41275670088796734,1.2954710736101764,0.5646018007618441,0.9135798005237621
16400,Reynaldo López,SP,2.9260338381839954,9.897127421266983,1.0510428702812395,125.04800560605915,113.713,1.6552852939084313,1.233942404898177,1.6007094752506825,0.25197391178470324,1.1854777714604985
16502,Ryan Yarbrough,SP,4.664739452504097,6.488424211943167,1.3237227551914696,46.72898233199349,64.8171,-0.48849162649889627,-1.4215177505318053,-0.25667387068139685,-0.7070111570131252,-0.7184236011813059
16511,Jordan Montgomery,SP,4.841210569023602,7.011459055277964,1.3728368027664033,58.34811577641339,74.8964,-0.7060757325127031,-1.0140612777658378,-0.5912185843372267,-0.5093279524104088,-0.705170886756544
16561,Austin Gomber,SP,6.250106952873562,5.557104163985629,1.5792594498787667,62.74649802759818,101.621,-2.4432068063799486,-2.1470380224462873,-1.997284848065997,0.014816042681090439,-1.6431784085527856
16918,Luke Weaver,SP,5.614182388409471,7.403666835959816,1.4712560584976369,56.89018728233944,69.1565,-1.659129045780267,-0.7085221708698517,-1.2616101189911473,-0.6219034116287209,-1.0627911868174966
16943,Sean Newcomb,SP,4.127092622090878,8.88844848065086,1.3304616844297725,86.46070366637377,87.5458,0.17441235038894495,0.4481577319759557,-0.30257668797486614,-0.2612379135881098,0.014688870200481166
16944,Grant Holmes,SP,4.037523312204919,9.414858068990636,1.2907673313569927,87.01944094099845,83.185,0.2848488830192348,0.8582432106556522,-0.032195063201916015,-0.346765372700501,0.19103291444311746
16977,Trevor Williams,SP,5.6272826872635875,6.86658399883404,1.4976565599662581,21.06042348744612,27.6038,-1.6752813593764215,-1.1269223619606172,-1.4414394883933523,-1.436867833353968,-1.4201277607710896
17085,Pablo López,SP,3.520143946989668,9.844266707047595,1.1159139372311084,173.2536250069782,158.395,0.9227636243696076,1.1927626624045493,1.1588344193579514,1.1283126404720694,1.1006683366510444
17277,Ranger Suárez,SP,3.4416856272565313,8.750547325866226,1.134130307313906,160.75727720652466,165.34,1.0195006071414776,0.3407294815736509,1.0347519905192333,1.26452347415753,0.9148763883479729
17282,Michael Kopech,SP,4.522150091078669,8.734011725707298,1.4680160222025163,39.06218813120278,40.2518,-0.3126828066493186,0.3278478592464124,-1.2395403229122994,-1.1888052524391075,-0.6032951306885783
17295,Framber Valdez,SP,3.4921040182548175,8.563869126458158,1.1741818559172539,155.6873345549531,163.616,0.9573360968897152,0.19530276355971404,0.7619372965452417,1.230711022426251,0.7863217948552305
17312,Justin Steele,SP,3.261675155398591,9.246930992731526,1.09531298119702,79.84622168545975,77.714,1.2414486424053923,0.7274240596060142,1.2991596679936988,-0.4540669524115386,0.7034913543983917
17425,Erick Fedde,SP,4.695144528413974,6.710951742162163,1.4109090064534668,21.149191584771717,28.363,-0.5259802614132747,-1.248163558718783,-0.8505507939520502,-1.4219778024059477,-1.011668104122514
17432,Jeff Hoffman,SP,5.279241076827685,7.882431283821411,1.4811586999525255,55.828633306212446,63.744,-1.2461554822591232,-0.3355533797895933,-1.3290628440981054,-0.7280576430646539,-0.909707337302869
17479,Jack Flaherty,SP,4.61906448601586,9.379911359812695,1.3335335116711489,165.41161019317693,158.712,-0.43217563016725175,0.8310189003866951,-0.32350071308801753,1.1345298952277625,0.3024681130897971
17578,JT Brubaker,SP,4.984630080916568,8.441120194273367,1.3870464639489968,46.06600660688118,49.116,-0.882908105399733,0.09967845175494719,-0.6880089582974311,-1.0149535502138145,-0.6215480405390079
17594,Mitch Keller,SP,3.816613176566533,8.276348544475312,1.1917586229127537,161.52673575967648,175.65,0.5572250957404503,-0.028682547696804544,0.6422115811573327,1.466731349650273,0.6593713697128128
17606,Cristian Javier,SP,4.5097088221121115,8.431081819697372,1.3654567239245532,130.36232388302963,139.159,-0.29734305905120945,0.09185832131973584,-0.5409485193596403,0.751040992268538,0.001151933794356047
17611,Taylor Clarke,SP,4.754287835096154,7.408341997645227,1.3768113666438655,49.052525609364,59.5913,-0.5989023563427313,-0.7048801097065791,-0.6182916805275522,-0.8095036803642383,-0.6828944567352752
17677,Jeffrey Springs,SP,4.099086792807425,7.721258066207067,1.2595927325125524,139.26146839967356,162.325,0.2089427792092436,-0.4611111157422745,0.1801534960944155,1.2053909092098458,0.2833440171928076
17732,Nabil Crismatt,SP,4.482417283474718,7.256467851198369,1.3177218701205868,4.709286380586604,5.8408,-0.2636933312471573,-0.8231936500073113,-0.21579830703217653,-1.8637010044837998,-0.7915965731926112
17735,Tyler Alexander,SP,4.956185832083318,6.441191242218763,1.3840718056459598,55.43954772815164,77.4633,-0.8478371171514504,-1.4583133473977075,-0.6677468080705509,-0.45898387912211375,-0.8582202879354557
17874,Nestor Cortes,SP,4.780330074751791,7.710341190401624,1.3593151687950842,9.763862060778589,11.397,-0.6310117323461568,-0.46961561934465257,-0.49911476906538993,-1.7547284149772258,-0.8386176339333562
17948,Trent Thornton,SP,4.519242528652397,8.273958212105429,1.3431328525840351,31.07524032015655,33.8021,-0.3090978609444511,-0.030544672961654914,-0.3888874795133781,-1.3153018707286852,-0.5109579710370423
17964,Tyler Gilbert,SP,4.4543962593115385,6.880421781852136,1.335607929448447,40.47423403000701,52.9427,-0.2291441675517892,-1.1161424027833178,-0.33763079471588536,-0.9399012827891704,-0.6557046619600406
17968,Brock Burke,SP,5.984443967295018,6.358486944763525,1.5724906982248896,44.46836104762348,62.9419,-2.11565154205046,-1.522741944752412,-1.9511788927301266,-0.7437890627477509,-1.5833403605701872
17995,Logan Webb,SP,3.3400663447011905,8.619225804725179,1.0936726168383257,186.84374622780814,195.098,1.144794429635792,0.2384269208852768,1.3103331560641598,1.848160909551618,1.1354288540342117
18000,Triston McKenzie,SP,4.275703714476434,8.705609957715444,1.3229017871850752,22.523250811600928,23.2849,-0.008821100603997298,0.30572221244916736,-0.25108177391517567,-1.5215735165223105,-0.36893854464807907
18383,Michael Soroka,SP,4.154550508790035,8.537995232422533,1.256764865273948,126.3680214366751,133.206,0.14055751993115553,0.1751463901654317,0.19941576589924512,0.6342860472822821,0.28735143081952863
18525,Dylan Cease,SP,3.6444460567162547,11.191304359111449,1.1932781428304864,214.7760523904942,172.722,0.7695024904576442,2.242136747873577,0.6318612357699641,1.4093050975219752,1.2632013929057901
18679,Freddy Peralta,SP,3.3054092056075564,10.327681143951878,1.1350221917320067,189.40852465995033,165.059,1.187525743266094,1.56935390456599,1.0286768402923583,1.2590122798788237,1.2611421920008166
18684,Sandy Alcantara,SP,4.225746654560742,7.538004759564239,1.264898218181732,145.4399389432012,173.648,0.05277460092052175,-0.6038697615550772,0.1440147074659115,1.4274665420133696,0.2550965222111814
18694,Kolby Allard,SP,4.899360964490243,7.471325055211024,1.3697875173974152,35.08011253173232,42.2577,-0.777773594811659,-0.6558148231261423,-0.5704481051974934,-1.1494639549171974,-0.788375119513123
19291,Zac Gallen,SP,4.288189023748043,8.345972272199216,1.2789671580390578,147.56235375399694,159.126,-0.024215148705170265,0.025555977481223124,0.04818286935830909,1.1426495907131162,0.2980433222118695
19312,Cal Quantrill,SP,5.676942223079187,6.020160307484266,1.5493591659020436,48.336536015492,72.262,-1.736510221745542,-1.7863063707658762,-1.793616398098415,-0.5609958890930551,-1.469357219925722
19316,Eric Lauer,SP,3.666674923235818,8.846732518675257,1.1884931491280804,60.897367965553,61.9524,0.7420949002255913,0.41566001420203996,0.6644546469640636,-0.7631959194693871,0.26475341048057693
19320,Joey Lucchesi,SP,4.0297836111654455,7.757153424151483,1.255550862093836,36.07929629107096,41.8599,0.29439172473011527,-0.4331477857211781,0.20768505679098415,-1.1572659231879068,-0.27208423184699637
19350,Dean Kremer,SP,3.687855554003117,8.19471414571455,1.1839751649657058,139.10345157591652,152.773,0.7159797562790639,-0.09227766874716119,0.6952292988718936,1.0180495293158904,0.5842452289299216
19361,Corbin Burnes,SP,3.6791888169926237,8.130785252122532,1.1944152705964628,35.39059794073867,39.174,0.7266656082285331,-0.1420797838887724,0.6241155886151809,-1.2099439186084653,-3.106264133809211e-4
19362,Keegan Akin,SP,5.463331533239284,7.699767433615366,1.4829183219622784,56.05268141026166,65.5181,-1.4731340279497107,-0.47785282514253846,-1.341048666290771,-0.6932625905029007,-0.9963245274714803
19374,Walker Buehler,SP,5.832756913505022,6.635475298116568,1.575303528896725,76.11479986966204,103.238,-1.928625513974547,-1.306961487880934,-1.9703387396198737,0.04652992577243537,-1.2898489539257298
19388,Tony Gonsolin,SP,4.618896193736109,7.612129001473345,1.4066459002627214,13.772963319210232,16.2841,-0.4319681303454064,-0.5461252297335077,-0.8215122660707681,-1.6588787439471013,-0.86462109252419594
19407,Ronel Blanco,SP,3.2265547481283936,9.168313174907677,1.162879328948433,19.203541295576066,18.851,1.2847511531473252,0.6661789262171507,0.8389254666324758,-1.6085346706588064,0.29533021883453636
19409,Dane Dunning,SP,4.582749370534994,7.72738367041521,1.359936044735605,13.642524150480932,15.8893,-0.38740007656656367,-0.45633912566165824,-0.5033439208863723,-1.6666218738447283,-0.7534262492398306
19427,Shane Bieber,SP,3.6268879073388507,8.158405024576696,1.1514102568096154,118.45460202017058,130.674,0.7911512129845234,-0.12056333004982853,0.917048073992921,0.5846264604008444,0.5430656043321151
19447,Patrick Sandoval,SP,4.504427873018315,8.359177766586113,1.3778891039858294,68.72832367909436,73.9971,-0.2908317918810314,0.03584336890950624,-0.6256327845144191,-0.5269657353813714,-0.3518967357168289
19479,Aaron Civale,SP,4.601679566584094,8.037366008774574,1.3276330533153506,95.96436406343314,107.458,-0.41074049547049357,-0.21485557668363087,-0.2833092149618049,0.12929590390816526,-0.19490234580194102
19618,Jordan Hicks,SP,4.413533764451002,8.073123876168786,1.3419782812577632,50.81197257247713,56.6457,-0.17876181836581986,-0.18699935504228873,-0.38102301399251937,-0.8672751176146188,-0.40351482625381174
19666,Jason Alexander,SP,4.9908084142715765,6.918734217293286,1.4214727297466543,48.751400040489045,63.4166,-0.8905258230535807,-1.0862961124130748,-0.9225065369371281,-0.7344788708470326,-0.908451835812704
19716,Dustin May,SP,4.564962493980927,7.95723706838478,1.368223223066763,121.09411784413162,136.963,-0.36546933962714506,-0.27727791017394754,-0.5597927749048103,0.7079713031723147,-0.12364218038339708
19755,Shohei Ohtani,SP,2.915454666283224,11.198057050951588,1.037334970626588,134.37668461141905,108,1.6683291262691864,2.2473972540022245,1.6940820558304344,0.13992603664502917,1.4374336181867187
19795,Keegan Thompson,SP,4.14207889138513,8.5034784905747145,1.2859633891499942,30.06159164297407,31.8169,0.15593468633159976,0.1482570345825127,5.274174205060236e-4,-1.3542371834763274,-0.26237951128542725
19853,Michael King,SP,3.4213930610052863,9.894705101960149,1.1548689902058369,174.96257325957131,159.142,1.0445207915976409,1.2320553610553946,0.8934886031127135,1.1429633953695548,1.078257037783826
19867,Griffin Canning,SP,4.815025827262568,7.704534126005272,1.392836439777727,100.54845064110546,117.455,-0.6737906552737476,-0.47413945940275726,-0.7274478948408194,0.3253649758093245,-0.38750325842699995
19879,Tanner Houck,SP,4.962193802643891,7.258281937755153,1.3978681813360074,18.159737522800874,22.5174,-0.855244782094937,-0.821780433815047,-0.7617220510531891,-1.5366263336358585,-0.9938434001497579
19899,Clarke Schmidt,SP,3.458312924821129,9.148365927179935,1.1444095513080432,30.628627475688123,30.1319,0.9989995996827378,0.65063955000903,0.9647340036414391,-1.3872847363575371,0.3067721042439175
19911,José Suarez,SP,4.553088871383478,8.124724365148552,1.3294260378307041,17.52385688432824,19.4117,-0.35082948462443886,-0.1468013577183584,-0.29552228883569187,-1.5975377787297296,-0.5976727274770547
19959,Jesús Luzardo,SP,3.6263928425129337,10.173705848379138,1.148038200220015,192.32486576952016,170.137,0.7917616145034265,1.4494035195645703,0.9400171380774479,1.3586060327160836,1.134947076215382
19962,Joey Wentz,SP,5.26146782874614,7.849046382246783,1.4565457124184653,52.263224182696085,59.9269,-1.2242415488571248,-0.36156100511816003,-1.1614092852210087,-0.8029216276954346,-0.8875333667229321
20000,Tyler Wells,SP,3.501338196098971,8.473372874070652,1.1478895620600773,81.69649530828964,86.774,0.9459506057644832,0.12480404962843322,0.9410296001552024,-0.2763750657030758,0.43385229746126075
20070,Bailey Falter,SP,4.599479270389977,6.647600378518039,1.353545648668719,50.8021438882577,68.7796,-0.40802758986982146,-1.2975157644165327,-0.45981516836232145,-0.6292954725669568,-0.698663498803908
20099,Chris Paddack,SP,5.498803203987534,6.6109830725601295,1.443532785557322,70.13547868458558,95.4804,-1.5168696370442507,-1.326041508959046,-1.07277057378222,-0.10561826190191013,-1.0053249954218566
20203,Eli Morgan,SP,4.615939550601132,7.728939245433522,1.3167291390617846,29.56576892686503,34.428,-0.42832266945631625,-0.455127296051908,-0.20903623092151705,-1.3030262248246203,-0.5988781053135903
20253,Griffin Jax,SP,5.228423374922096,7.12525531451865,1.447086493760347,52.665216284215674,66.5221,-1.183498632476107,-0.9254113092311563,-1.0969769740261321,-0.673571348311367,-0.9698645660111906
20302,David Peterson,SP,4.2663248247634815,8.369831860976081,1.3162270454633402,149.15226372522955,160.382,0.0027428163351762586,0.04414315959452851,-0.20561617561323264,1.167283256243561,0.2521382641400083
20492,Casey Mize,SP,4.180763219666202,7.713741131674631,1.2526698013415922,129.28915802565052,150.848,0.10823795753093238,-0.4669669849441636,0.22730965895625904,0.9802949065880994,0.21221888453278182
20531,Kutter Crawford,SP,3.8006127054583096,9.048062483471229,1.1799923221550366,77.27336909564453,76.8629,0.5769532431593951,0.5725008028478425,0.722358787753839,-0.47075939885497936,0.35026335872652425
20548,Bowden Francis,SP,5.407434441838112,7.339682062137902,1.4845401426935436,32.70464464461154,40.1028,-1.4042144285208047,-0.7583678180278506,-1.3520958427898047,-1.1917275583021938,-1.1766014119101635
20629,Tyler Phillips,SP,5.146687245030439,7.036082415049581,1.4085018640848208,54.39689129507032,69.5802,-1.0827201985756274,-0.9948791000427978,-0.8341543291072652,-0.613593472070401,-0.8813367749490228
20633,Yusei Kikuchi,SP,4.051407738857264,10.130873913816215,1.2606921539628138,190.32197430292268,169.077,0.26772976109011865,1.416036432837654,0.17266468887070652,1.337816474227014,0.7985618392563734
20778,Cristopher Sánchez,SP,3.0956711426592194,8.968681602643295,1.0493879479418817,184.94318332810738,185.589,1.4461270930152328,0.5106612253906638,1.6119821263043022,1.6616628796718416,1.3076083310955102
21052,Luis Gil,SP,3.7490911200661436,9.312019646296644,1.3011909192526447,101.07586871433749,97.6891,0.6404779622129486,0.7781296551063753,-0.10319626143337714,-0.06229949035963855,0.313277966381577
21212,J.P. France,SP,4.81983172436621,6.975755706253435,1.401267841353677,18.09650545316266,23.3478,-0.6797161962093645,-1.0418750283120035,-0.7848791383489001,-1.5203398719666852,-1.0067025587092384
21224,Bailey Ober,SP,4.201226026133769,8.265403094024991,1.2247468261465222,130.50520458592527,142.104,0.08300787149990223,-0.03720931162114865,0.4175094938772392,0.8088006618443027,0.31802717890007387
21390,Joe Ryan,SP,3.3034945103800286,10.213113017285929,1.0596156940381158,194.31809263788784,171.237,1.1898865106119756,1.480102633111344,1.5423149219491987,1.38018010284625,1.3981210421296921
21446,Ryan Feltner,SP,4.442528197256857,7.951085529492933,1.319454661743107,101.23057059966085,114.585,-0.21451116854767868,-0.2820701039845425,-0.22760137165023347,0.2690762655606171,-0.11377659465545938
21448,Davis Martin,SP,4.252683807160732,7.480145850074334,1.30054344008191,121.91391044646153,146.685,0.019561821500164576,-0.648943215989836,-0.09878589933807083,0.8986468575409324,0.04261989092829757
21453,Konnor Pilkington,SP,4.532869494619225,8.273028770966306,1.3993464029757927,53.15347447312332,57.8242,-0.32589954082301226,-0.031268729519294464,-0.7717910895385086,-0.8441614433887995,-0.49328020081740376
21455,Kris Bubic,SP,3.6358672969429664,8.991271595491815,1.192332874913713,134.9360089542548,135.067,0.780079868856969,0.5282593623468561,0.6383000124572759,0.6707854513843188,0.6543561737613549
21487,Stephen Kolek,SP,3.8317656541712783,7.36166189907196,1.2159041784278426,58.820251147288225,71.9107,0.5385425013388996,-0.7412450069125885,0.477741977149802,-0.567885862580989,-0.073211597751219007
21504,Jake Irvin,SP,5.0346250248245665,6.861617624361463,1.4185045520610542,102.16186240715956,134,-0.9445505168604778,-1.1307912847500228,-0.9022885300136773,0.649858603358057,-0.5819429320665302
21537,Daniel Lynch IV,SP,4.8027813456861566,7.6598760091228275,1.379230293163348,49.980690959526456,58.725,-0.6586935411966597,-0.5089291852062513,-0.6347684141663366,-0.8264942412312958,-0.6572213454501358
21649,Luis Medina,SP,4.752306808356394,8.33651071193616,1.409033410413505,94.70276168759479,102.24,-0.5964598040392081,0.01818519899337485,-0.837775004313338,0.026956360327065984,-0.3472733122580263
21690,Edward Cabrera,SP,3.752254202664908,9.956927698183566,1.245161195272833,148.2608660765529,134.012,0.6365779670575151,1.2805282303233148,0.27845519859835366,0.6500939568503862,0.7114138382073923
21741,Javier Assad,SP,4.095971399750586,7.734776042269765,1.3031260066934034,54.338692419977654,63.2272,0.2127839744514065,-0.45058029372222824,-0.11637728205237406,-0.7381935334676267,-0.27309178369770565
21844,Braxton Garrett,SP,3.729062341088612,8.760791240060588,1.1514221111069791,114.47141860637831,117.597,0.6651729041066988,0.3487097322168766,0.9169673273895976,0.3281499921352186,0.5647499889620979
21846,Cole Ragans,SP,3.230788070922961,11.488919096714636,1.0893054212797002,192.97554442781683,151.17,1.2795315808235905,2.4739856443138115,1.3400806979544977,0.9866102252989295,1.5200520370977073
22100,José Soriano,SP,4.0894512528633475,8.283563519124812,1.305882013826662,154.79219029404567,168.18,0.22082313893066385,-0.023061912362000676,-0.1351500703431929,1.3202238006754146,0.3457087392252212
22182,Hunter Greene,SP,3.1131256610014546,11.364352790738327,1.0632146017785966,215.54136585260565,170.698,1.4246061447473213,2.3769455554834305,1.5178006410262928,1.3696088084824687,1.6722402874348783
22191,Tobias Myers,SP,3.5221828908475277,8.580499840195138,1.141898399120664,53.66883370601698,56.2927,0.9202496618284588,0.20825848160642324,0.9818389406391744,-0.8741984328472995,0.30903716280668925
22201,MacKenzie Gore,SP,3.997071208895167,9.906981981088252,1.2442401323763428,172.4750524118681,156.685,0.3347252305407156,1.2416193393062838,0.28472910063208834,1.094774767815174,0.7389621095735655
22207,DL Hall,SP,4.713903057763479,8.465325844150335,1.3846835503904227,51.38142392118302,54.6267,-0.5491090199271056,0.1185352236231349,-0.6719137619355231,-0.9068733426989881,-0.5023402252346205
22250,Logan Gilbert,SP,2.841262450187155,10.666496876344599,0.9751496276148932,197.1180474411678,166.321,1.7598061188265612,1.833299347202568,2.117663063681529,1.283763622155433,1.7486330379665227
22264,Shane Baz,SP,4.106853286807072,9.072129579264217,1.2589946371733691,160.23598468655535,158.962,0.19936690250429773,0.5912496378183927,0.18422747581845858,1.1394330929846184,0.5285692772814419
22267,Tarik Skubal,SP,2.2128499797125727,11.647790891059806,0.8496451110713803,245.23517781834894,189.488,2.5346216710420273,2.5977505172870017,2.972548267054418,1.7381331518877683,2.4607634018178035
22286,Trevor Rogers,SP,3.8023486631334675,8.41693257420149,1.2200581327813482,149.81765896186468,160.196,0.5748128543735322,0.08083572552995372,0.4494469467389469,1.16363527711246,0.5671827009387231
22294,Matthew Liberatore,SP,4.2663487688472355,7.736228613709918,1.2744438867489796,125.1713193888694,145.619,0.002713293928559954,-0.44944870632802736,0.07899353500784864,0.8777396223056982,0.12749943622851986
22487,Johan Oviedo,SP,3.756565619080474,8.9780127902578,1.2549082258654476,95.47547994962454,95.7093,0.6312621074146683,0.5179304405119399,0.21206243075274253,-0.10112889403573283,0.3150315211609045
22543,Taj Bradley,SP,4.343253107288303,9.342566020237358,1.2748499547576477,113.01286889524678,108.869,-0.09210767200800202,0.8019260004938407,0.07622756656516597,0.15696955204786076,0.23575386177471633
22630,Keider Montero,SP,4.400983043393563,7.583451944905824,1.300832609924573,70.89440607041509,84.1371,-0.16328711930474246,-0.5684653328207374,-0.1007556055013433,-0.3280920343632905,-0.29015002299752846
23150,Osvaldo Bido,SP,3.9945058923370587,8.909337765006907,1.261742394889906,17.5896065568113,17.7686,0.3378881963616789,0.46443097692470925,0.16551087916508905,-1.6297635556668904,-0.1654833758038533
23301,Janson Junk,SP,4.010900505320109,6.933592204535295,1.2181809641544683,71.77662354126275,93.1681,0.31767408268849295,-1.0747213900954726,0.46223344819365014,-0.15096891859462314,-0.11144569445198817
23313,José Buttó,SP,4.0248705016578334,8.831739475337779,1.2942619754470568,61.72208327997729,62.898,0.3004494556554112,0.4039800800023107,-0.05599914297473035,-0.7446500642738547,-0.024054917897715772
23335,Joey Cantillo,SP,4.203948615121764,9.255644452446337,1.2773972949840955,126.97098740853716,123.464,0.07965099303344571,0.7342120501313651,0.05887613151309178,0.4432182370931162,0.3289893529427547
23429,JP Sears,SP,4.54023053055807,7.423944322495932,1.3134994658526484,109.41326654224254,132.641,-0.33497549872296645,-0.6927255308450946,-0.1870370239267387,0.6232048203517875,-0.14788330828575308
23499,Keaton Winn,SP,4.764489024907001,7.6988942769234585,1.3488783347962032,21.764004231434924,25.4421,-0.6114801470262569,-0.4785330347889712,-0.42802334382087265,-1.479264803717951,-0.749325332338513
23550,Aaron Ashby,SP,4.493129548058014,9.708825714099074,1.3417990740976666,75.07284757922348,69.5919,-0.27690126327994474,1.0872509360674196,-0.37980232844490475,-0.6133640024153804,-0.04570416451820257
23590,Ben Brown,SP,4.436386404123911,9.49850004997187,1.2738903162642372,57.74961383715565,54.7188,-0.20693850399774835,0.9234022855816735,0.08276422971640224,-0.9050670046453624,-0.026459748336258748
23796,Ryan Weathers,SP,4.087399596231059,8.264437833403282,1.2402508062877158,114.28615598552284,124.458,0.22335277597829092,-0.03796127240011732,0.3119027509398386,0.4627133513743758,0.24000190147309702
23920,Brayan Bello,SP,3.8787405918348483,8.101570022496293,1.2313442685392535,139.9285170796621,155.446,0.48062367576467313,-0.1648391364754131,0.37257042684616876,1.0704745197321954,0.4397073714669061
24282,Kai-Wei Teng,SP,4.552332769583678,9.284295611721591,1.3662515186475952,35.93321562372634,34.8329,-0.3498972315883072,0.7565319786174266,-0.5463623344729146,-1.2950850057376164,-0.3587031482953529
24492,Grayson Rodriguez,SP,3.919793456834875,9.532518444544428,1.2022569982481124,121.15830943015968,114.39,0.43000660535389534,0.9499034168893303,0.5707009616128846,0.2652517713102695,0.5539656887915949
24494,Simeon Woods Richardson,SP,3.984823110108086,8.604197527410706,1.2502251959850785,114.81441180576846,120.096,0.3498268045405674,0.22671953858687746,0.24396130628279253,0.37716235691275174,0.2994175015807473
24586,Kyle Bradish,SP,2.729486247221959,11.068069020740175,0.9885888686605819,171.23409581987127,139.239,1.897623149032249,2.1461335141832016,2.02612047516809,0.7526100155507323,1.7056217884835683
24719,Randy Vásquez,SP,4.431899470482864,6.487947081045531,1.3431835877937994,99.90861798402916,138.592,-0.20140623637069668,-1.421889446748751,-0.389233066917816,0.739920539755989,-0.31815205257031876
24728,Mike Burrows,SP,3.8727691303832263,9.036735349777334,1.207192210336408,127.3265969966571,126.809,0.4879863259658661,0.5636766986791101,0.5370843244910797,0.50882302307985,0.5243925930539765
24968,Reese Olson,SP,3.607454465856025,8.752389136519628,1.1683524028331032,125.30114785377869,128.846,0.8151121198751697,0.3421642954907381,0.8016451359333892,0.5487742784027131,0.6269239574255026
24975,Cooper Criswell,SP,4.379143807850828,7.321606864156346,1.3097563933027563,26.754209047063224,32.8873,-0.13635993351190107,-0.7724488233527619,-0.16154075155199427,-1.3332436519605726,-0.6008982900943074
25098,Jacob Lopez,SP,3.8139091916650183,10.14692349789382,1.2152944448565313,143.81798391537018,127.562,0.5605590358722674,1.4285394371803986,0.48189523172955284,0.5235914547235003,0.7486462898764298
25311,Roddery Muñoz,SP,5.516070918125603,7.723075861200967,1.5173126755457118,40.90389830758671,47.6669,-1.5381602607890066,-0.4596950105900753,-1.5753288720382537,-1.0433744456916547,-1.1541396472772476
25377,Brady Singer,SP,4.104628509928146,8.413002675940897,1.2472617772281633,156.05839530447832,166.947,0.20210999212615044,0.07777424214314645,0.26414689733923985,1.2960412293386006,0.4600180902367843
25385,Drew Rasmussen,SP,3.032075542440884,8.361104597907131,1.057439191084541,142.2855620006956,153.158,1.5245387452608203,0.037344415930908176,1.5571403658563376,1.0256004538614487,1.0361559952273787
25386,Jhony Brito,SP,4.068249056512422,7.8517116724686105,1.2510000600463962,17.52118183835451,20.0836,0.2469648726575847,-0.3594846812049016,0.23868325064870524,-1.5843599444384031,-0.3645491255842537
25436,George Kirby,SP,3.6434117535179764,8.668849769916694,1.11962922059439,159.8901915674035,165.998,0.7707777582815417,0.2770851595844013,1.1335274355052567,1.2774286906535748,0.8647047610061936
25550,Matt Waldron,SP,4.362295299368134,7.909201704730109,1.2805259255575705,39.332811597698594,44.7574,-0.11558617898381791,-0.31469859082683144,0.03756518543923856,-1.1004378611859453,-0.373289361389339
25636,Hunter Gaddis,SP,4.520374291916305,7.107599025103719,1.3377246704504562,54.50525491058788,69.0173,-0.31049329438904816,-0.939165974907489,-0.3520491647620573,-0.6246335121397381,-0.5565854865495831
25862,Noah Davis,SP,6.008861683744118,6.965395948026622,1.5804028303135307,4.600024877365092,5.9437,-2.1457579249490393,-1.049945524187368,-2.005073085831663,-1.861682848287078,-1.765614845813787
25880,Hunter Brown,SP,3.1501693988571366,10.461675743477405,1.0724352090601457,207.15861584709177,178.215,1.3789322194970806,1.6737388563299245,1.45499365249552,1.5170381586356159,1.5061757217395353
25977,Quinn Priester,SP,4.060035122034814,7.89467027409008,1.2479754375032706,142.3031860616457,162.227,0.2570924313505606,-0.3260189178533802,0.2592857367513445,1.2034688556891586,0.3484570264844209
26056,Brandon Walter,SP,3.351084837435088,8.829853084886247,1.0857863797719136,8.80056740548804,8.97015,1.1312089265891232,0.40251053737157555,1.3640509629131994,-1.80232571688213,0.2738611774979421
26079,Beau Brieske,SP,4.3937768921158895,7.134380441238006,1.3162380386524952,36.289739552401244,45.7794,-0.15440212999614106,-0.9183026204047959,-0.20569105670122295,-1.0803935887559177,-0.5896973489645194
26108,Andre Pallante,SP,4.711343422069198,6.956585054798141,1.39152261514748,106.63826525889567,137.962,-0.5459530584573452,-1.056809417716726,-0.7184986612422366,0.7275644814087113,-0.39842416400189906
26221,Ryan Pepiot,SP,3.588825773532347,9.529021919687262,1.193812125975695,176.60453957820394,166.8,0.8380807928534798,0.94717954159996,0.628223961970888,1.2931581490575694,0.9266606113704743
26253,Ryne Nelson,SP,3.5504063110396116,8.087493809729182,1.1425508403646467,143.92414122751723,160.163,0.8854509493124202,-0.1758048380478403,0.9773947789395618,1.1629880550085552,0.7125072363031741
26257,Joey Estes,SP,4.499556614829497,7.025861192974541,1.28171172285182,22.137239577072915,28.3574,-0.2848256624980435,-1.0028416729901366,0.029488021453653663,-1.4220876340357014,-0.6700667370175569
26378,Nick Lodolo,SP,3.7233393505775085,9.500265860767305,1.150714166965607,155.36945905717977,147.188,0.6722291963693836,0.9247778938178144,0.9217895520229542,0.9085120914277265,0.8568271834094696
26389,DJ Herz,SP,3.915116557922161,10.170305297920068,1.2334393059430524,29.352744127111507,25.9751,0.4357730950146968,1.446754410593778,0.35829989279411745,-1.468811186100334,0.19300405307556456
26410,Alek Manoah,SP,4.201713190981485,8.16869659744784,1.3239404031769852,88.58452261806784,97.5995,0.08240721044010871,-0.11254595217390437,-0.2581563993384169,-0.06405679643569556,-0.08808798437697703
26419,Bradley Blalock,SP,6.773779348543327,5.800370751158381,1.6945445059642927,11.949601578716988,18.5413,-3.088880683800681,-1.9575276163722952,-2.7825592854473826,-1.6146087520399994,-2.360894084415089
26440,Ryan Gusto,SP,4.892497124783137,8.133147458847079,1.3727427476078755,52.11504007696973,57.6696,-0.7693106663962455,-0.14023956916466138,-0.5905779192397407,-0.8471935808816392,-0.5868304339205717
27451,Alec Marsh,SP,4.192655257059673,8.500980318994857,1.2570511009216154,5.173677731072895,5.47738,0.093575397583593,0.14631090003093522,0.19746604626677383,-1.8708286849989866,-0.35836908527942113
27463,Garrett Crochet,SP,3.0518917056018826,11.38710677488569,1.014070251637682,227.6371210685676,179.917,1.5001059529090304,2.3946714455272846,1.852551763311826,1.5504191289642917,1.824437072678108
27468,Reid Detmers,SP,4.462947828261835,9.564496267700878,1.3054048493831625,137.88921724782853,129.751,-0.23968802040297246,0.9748148949602494,-0.13189982219629062,0.5665238542825319,0.2924377266608796
27470,Emerson Hancock,SP,4.627912411321036,6.9785025590955625,1.352835186451679,42.746197114401284,55.1287,-0.4430848823756201,-1.0397351651948075,-0.45497579163206336,-0.8970277216032212,-0.708705890201428
27473,Cade Cavalli,SP,4.479322508456355,7.69744063382615,1.3151922319929217,120.48974878364379,140.879,-0.2598775574878861,-0.47966545702935864,-0.19856745140413165,0.7847749928357076,-0.038333868271417215
27474,Max Meyer,SP,4.588103827091576,8.224285488801737,1.3176659125275925,113.81497307002849,124.55,-0.39400197644701684,-0.06924089537956897,-0.21541714689878272,0.4645177281488988,-0.05353557264411743
27483,Bobby Miller,SP,4.670653506836716,8.188163424205811,1.3400378512568425,19.503295480522223,21.437,-0.49578349527753446,-0.09738083522648117,-0.3678056020486805,-1.5578159930618876,-0.6296964814036459
27487,Landon Knack,SP,4.016804873433,8.811487798150289,1.2401989601108954,25.620379827321763,26.1685,0.3103941567563764,0.3882035460685518,0.3122559057954239,-1.46501807231563,-0.11354111592381949
27498,Spencer Strider,SP,4.245804605401029,9.984993833253574,1.2713309187687218,168.18390779604545,151.593,0.028043690910267764,1.302392411162369,0.10019779393165608,0.9949064359035299,0.6063850829769557
27500,Slade Cecconi,SP,4.383189234302195,7.783228182267033,1.2652433000917256,124.92427153791134,144.454,-0.14134783473463772,-0.41283493447354674,0.1416641512713636,0.8548907207587493,0.1105930257054821
27517,Jared Koenig,SP,5.332922735166805,6.6387059257779315,1.4818683641340078,47.74977753194788,64.7337,-1.312343512739255,-1.304444752775245,-1.3338967849380163,-0.7086468637848123,-1.164832978559332
27552,Graham Ashcraft,SP,4.727109356823867,7.005646104259323,1.3652536738737964,49.54571958110413,63.6503,-0.5653920289060167,-1.018589703641474,-0.5395654258366598,-0.7298953615839235,-0.7133606299920185
27581,Hayden Wesneski,SP,3.98665281940597,8.327829593174634,1.2188200759556795,24.22695172670395,26.1824,0.3475708225436427,0.011422402833024725,0.4578800811818179,-1.4647454545203489,-0.1619680369904659
27589,Logan Allen,SP,4.6287074931540015,7.579578341302199,1.3693469426768519,99.04571888728086,117.607,-0.4440651967366644,-0.5714829613426988,-0.5674470912104058,0.32834612004549296,-0.3136622823110691
27597,Cody Bradford,SP,3.546502121877914,8.614492214046138,1.1297241699490157,53.11734185812911,55.4944,0.8902647087831543,0.23473934215858472,1.0647647879946702,-0.8898553239244923,0.3249783787529792
27636,Mitchell Parker,SP,4.85201750858621,6.988146454062832,1.3766597691141196,69.22853872360372,89.1591,-0.7194003962302093,-1.032222343674093,-0.6172590604385155,-0.22959659782356656,-0.6496195995415961
27649,Connor Phillips,SP,4.967650807508377,9.21935044216942,1.4462274186503747,54.31959330744514,53.0272,-0.8619731212609729,0.705938160545584,-1.0911253073265792,-0.938244001947353,-0.5463510674973303
27669,Tanner Gordon,SP,5.618530095041202,6.786909168942535,1.4584702457579977,97.53467166687317,129.339,-1.6644896502765327,-1.188990932667752,-1.1745184156385868,0.558443384379233,-0.8673889035509097
27688,Jack Kochanowicz,SP,5.4463893797414356,5.899442048218165,1.5011293537900274,27.046319816836636,41.261,-1.4522448116548128,-1.8803487404967356,-1.4650947331293123,-1.169012023734231,-1.491675077253773
27691,Louis Varland,SP,4.03158606664232,8.574329345669458,1.2150358076738303,63.911621887729204,67.0845,0.292169345956181,0.20345152091021984,0.4836569619574559,-0.6625411146375435,0.0791841785465783
27707,Mitch Spence,SP,4.526350537743978,7.6025323327371055,1.3146217231511286,31.937647021758256,37.8083,-0.3178618435963022,-0.5536012609069582,-0.19468137956644416,-1.2367291073146185,-0.5757183978460807
27756,Mick Abel,SP,5.0556830973993145,8.304890819387918,1.4105119498297933,88.13122454565061,95.5077,-0.9705145498757275,-0.006447442696040973,-0.8478462073616386,-0.10508283270686151,-0.4824727581600672
27758,Kyle Harrison,SP,4.115049740461009,8.882569525011457,1.2416730281987842,45.8997897635442,46.5066,0.1892608971933478,0.4435778869447797,0.30221515959914297,-1.066131167120775,-0.03276930584587612
27768,Eury Pérez,SP,3.3563373158681387,10.217893537231157,1.1100493013217372,168.13770879814697,148.097,1.1247327629723662,1.4838267708426869,1.198781909696696,0.9263401184716554,1.1834203904958511
27779,Bryce Elder,SP,4.815773467826932,7.272524851394423,1.383873705385701,58.12589729226497,71.9328,-0.6747124758358042,-0.8106848683334704,-0.6663974304868306,-0.5674524198992831,-0.6798117986388471
27782,Brandon Pfaadt,SP,4.605728770649401,8.175850784402087,1.2801489001858841,153.2962937796742,168.749,-0.4157330543888814,-0.10697267188668634,0.04013332737092038,1.3313834787700187,0.21220276996634285
27792,Gavin Stone,SP,3.829107799809364,7.920570432920915,1.2001499561290143,21.88339202376462,24.8657,0.541819563765079,-0.30584208356447395,0.5850532668534366,-1.4905696164661582,-0.16738471735302912
27819,Brandon Young,SP,5.194041497680369,7.3781721556944575,1.4384334260507425,27.307107026368904,33.3096,-1.1411067092522813,-0.7283831277976673,-1.0380358318867586,-1.3249611703096915,-1.0581217098115998
27863,Jared Jones,SP,3.853392753186831,9.591756881666859,1.192761185078494,92.19969727425804,86.5115,0.5118768741372322,0.9960515558702436,0.6353825395853049,-0.2815234233477747,0.46544688656125155
27889,J.T. Ginn,SP,4.3525123670201475,8.81371560430999,1.2779253373079982,83.40928313260127,85.1722,-0.10352408842128108,0.3899390595843453,0.055279324147975685,-0.30779083437080373,0.008475865235059055
29608,Joe Boyle,SP,4.5383364371182475,9.940386549333175,1.4287005383343652,103.622123749911,93.8192,-0.33264013282321725,1.2676422854346234,-0.9717393995034985,-0.13819903035666728,-0.043734069312189906
29812,Robert Gasser,SP,3.786137346370709,7.562970426860079,1.1812190127109194,63.803655478129166,75.9269,0.5948009687726474,-0.5844209182012509,0.714003075670936,-0.4891169712566482,0.05881653874642109
29837,Bryce Miller,SP,4.015396186092467,8.11128347328547,1.2215736224910927,129.824697004811,144.049,0.3121310300854974,-0.15727212932975307,0.4391240534725899,0.8469475403926424,0.36023262365524417
29839,Emmet Sheehan,SP,3.2997742054188457,10.462071095566662,1.1119591818353196,151.63144619742343,130.441,1.1944735458449525,1.674046844927323,1.1857725883093995,0.5800566800914546,1.1585874147932822
29863,Ryan Bergert,SP,3.8384157674848645,9.050150281108053,1.2474935500209834,64.64854184639124,64.2903,0.5303430917767845,0.5741272464238105,0.26256815629801544,-0.7173431753263722,0.16242382979305958
29869,Michael McGreevy,SP,4.3593288003740245,6.654000336403973,1.285747119039875,108.51121948596386,146.769,-0.11192856608741565,-1.2925300463534164,0.0020005605564232852,0.9002943319872361,-0.12554092997429317
29878,Sean Burke,SP,4.281197455377193,8.914316679147799,1.3234519670770957,143.80773762727432,145.19,-0.015594734307568248,0.46830966841133737,-0.25482937329912697,0.8693257349549333,0.26680282393989385
29911,Andrew Abbott,SP,3.5503330423334676,8.539578276834646,1.1675605959249942,154.14413210701917,162.455,0.8855412876422247,0.17637961908050542,0.8070385992788786,1.2079405720434115,0.7692250195112551
29914,Andrew Alvarez,SP,3.68633669540254,9.016563708035784,1.1971285333956718,98.91170387715256,98.73,0.7178524677872469,0.5479625142444611,0.6056339571664696,-0.041884536179192605,0.4573911007547462
29921,Spencer Arrighetti,SP,4.310119584075444,9.682150035937148,1.3169529800262783,98.0233779171658,91.1172,-0.051254935483490645,1.06646995393782,-0.21056094360696068,-0.1911927917127673,0.15336532078365037
29928,Dylan Dodd,SP,6.331993464219712,5.813117852891177,1.6157367608426645,24.604667214345564,38.0935,-2.5441706565399396,-1.9475973236275161,-2.245753303709634,-1.2311355393135972,-1.9921642057976718
29960,AJ Smith-Shawver,SP,3.905593000019984,8.60604855709056,1.2552729042289272,11.947777211808823,12.4947,0.44751538391208073,0.2281615343428953,0.20957839156821725,-1.7331994542664224,-0.2119860361108073
30004,McCade Brown,SP,5.690495835032792,7.6832959906350125,1.5624805947928233,72.85139055404761,85.3361,-1.7532214581129804,-0.49068446751525274,-1.8829941807852082,-0.30457629792140894,-1.1078691010837125
30031,Julian Aguiar,SP,5.164231294512852,7.0286749295336035,1.442148321836469,25.173667838453234,32.2341,-1.104351536313954,-1.0006497058807593,-1.0633401757203833,-1.346054727059686,-1.1285990362436957
30055,Cade Povich,SP,4.710822350970897,8.642803511729545,1.3515204438012216,45.418604672189666,47.2957,-0.5453105919091108,0.2567945104528401,-0.44602030485697514,-1.0506547137210347,-0.44629777500857015
30056,David Festa,SP,4.302991144937305,9.375157386201154,1.2737749292459597,55.52145290414508,53.2997,-0.04246576313768994,0.8273154428750873,0.08355019867834444,-0.93289951639238,-0.01612490949415954
30076,Landen Roupp,SP,4.229676483834827,8.565953305040479,1.2978010078808533,115.21112018020499,121.049,0.04792922788581202,0.1969263878069099,-0.08010557790817298,0.39585334676188705,0.140150846136609
30094,Jordan Wicks,SP,4.692232421396242,7.675963748945303,1.3609769861174168,34.43599385900452,40.3759,-0.5223897123502518,-0.49639645663878434,-0.5104343859102416,-1.1863713050726041,-0.6788979649929705
30107,Christian Scott,SP,4.237427796955592,7.949876080534314,1.266911720561265,34.63054352637197,39.205,0.03837206879327421,-0.2830122932343588,0.1302995565006313,-1.2093359220866151,-0.3309191475067671
30113,Chad Patrick,SP,3.7668866391504894,9.327765315912751,1.1914872253514541,135.8112265813212,131.039,0.6185365692678259,0.7903959029192589,0.6440602298416694,0.5917851291258539,0.6611944577886519
30122,Gavin Williams,SP,3.6198614787777723,9.479948385488395,1.233775767396962,170.60641778324108,161.969,0.7998146090523051,0.9089501016197423,0.3560080556047127,1.198408755604083,0.8157953804702107
30134,Tanner Bibee,SP,3.880383522082775,8.54863196540921,1.2039384283834014,166.94623365247648,175.761,0.478597987276446,0.18343265590801971,0.5592477503440658,1.4689083694543168,0.672546690745712
30146,Jack Leiter,SP,4.26873178954793,8.96780181644848,1.3089091734052885,156.1104975983111,156.671,-2.249060386607637e-4,0.509975851205185,-0.15576983768932673,1.0945001887407897,0.3621203240544968
30160,Richard Fitts,SP,4.391408133300621,8.219252782501911,1.3065373175212736,92.91773945587494,101.744,-0.15148151454729242,-0.07316149222608045,-0.1396137298804555,0.0172284159774637,-0.08675708016909117
30171,Mason Black,SP,5.460199415083398,7.442184301288513,1.4815826733950663,31.696428321061145,38.3312,-1.4692722111135106,-0.6785161573839195,-1.3319507769999113,-1.2264735788863783,-1.17655318109593
30182,Will Warren,SP,4.504143146475109,9.396786563124104,1.3150659900799004,126.91926384592956,121.56,-0.29048073176658495,0.8441650815753814,-0.19770754335891058,0.4058754829769007,0.19046307235669663
30184,Noah Cameron,SP,3.4106408091605784,8.342139420140033,1.1431175492452366,134.73760139220173,145.363,1.0577780268404828,0.022570095373042186,0.9735345908763832,0.8727187478026777,0.7316503652231465
30203,Jackson Jobe,SP,4.511387978205092,8.008288799190307,1.3838498653040192,6.298305586195197,7.07826,-0.2994134130250192,-0.23750740840394818,-0.6662350416450715,-1.8394309600990038,-0.7606467057932607
30240,Hunter Dobbins,SP,4.229555766619165,7.601573930650767,1.2716306299859215,78.27492707869709,92.6748,0.04807806894245802,-0.5543478787251921,0.09815628425594645,-0.1606439084084513,-0.14218935848380973
30279,Bryan Woo,SP,2.995411210672031,9.381592179240274,1.0152754768595347,190.3160213471992,182.575,1.569744873084224,0.8323282983437243,1.8443422642653402,1.6025499275151849,1.4622413408021182
31204,Justin Wrobleski,SP,4.966221554129299,7.497440428929716,1.420823666417416,42.481413824145974,50.9951,-0.8602108905634659,-0.6354703313662083,-0.918085384204945,-0.9780991545941817,-0.8479664401822002
31312,Colton Gordon,SP,4.775117907231367,7.420608592145504,1.3373226087378396,38.202694702876904,46.3337,-0.6245852709926343,-0.6953241434232126,-0.34931048556209787,-1.0695222186894167,-0.6846855296668404
31318,Gunnar Hoglund,SP,5.181015389487102,7.161081860482838,1.4334170025624817,33.87255374069365,42.5708,-1.1250458707311062,-0.8975015853648026,-1.0038660160739585,-1.143323190046511,-1.0424341655540945
31475,Logan Henderson,SP,2.9654800168440323,10.80451042385128,1.0458619890129541,142.2437807323185,118.487,1.606649224229253,1.9408151541848468,1.6359995098938054,0.3456053761496261,1.3822673161143828
31508,Caden Dana,SP,5.12224082823374,8.706966427919498,1.4592954781948917,83.8772066663626,86.7001,-1.0525784289259597,0.3067789347149964,-1.1801395599533373,-0.27782445096000236,-0.5509408762810758
31612,Carson Palmquist,SP,6.735672074385726,6.9953173119886785,1.7317840292707825,24.471796278277907,31.4848,-3.0418954471016875,-1.0266360763070048,-3.036219618415084,-1.360750591376535,-2.1163754333000777
31623,Jacob Misiorowski,SP,3.807524009178387,10.913494580156016,1.230767995137874,167.1607838737408,137.852,0.5684317929018019,2.0257163810938885,0.3764957644953987,0.725407074395695,0.9240127532216961
31635,Hayden Birdsong,SP,4.23528244421853,10.431344021593539,1.3573553388410113,69.04367523305808,59.5698,0.041017230599830735,1.6501097299548626,-0.4857652126111171,-0.8099253553713278,0.09885909814306207
31676,Carson Whisenhunt,SP,4.768745996885792,7.714459224323288,1.3971613378987215,28.329980041909614,33.0509,-0.6167288781534757,-0.46640757384283943,-0.7569073239638463,-1.3300349993484861,-0.7925196938271619
31687,Shane Smith,SP,3.733087555167938,9.220507108320104,1.2142451579241171,162.2860476103829,158.405,0.6602099241911296,0.7068392307437393,0.48904254321536994,1.1285087683823434,0.7461501166331456
31730,Jonathan Cannon,SP,4.736577232470129,7.3845343923968185,1.354524593136977,93.09764558876807,113.464,-0.5770656630903063,-0.7234267954257783,-0.46648333588239094,0.24709032681887472,-0.3799713668949002
31741,Mason Barnett,SP,5.363196621614133,7.486717617204517,1.481712260867328,38.778951241834235,46.6173,-1.3496703946002726,-0.643823654475289,-1.3328334736201612,-1.0639600311540391,-1.0975718884624404
31757,Mason Miller,SP,3.732175697096758,9.709140356895432,1.2203474344863259,71.04199575007848,65.8532,0.6613342204903899,1.0874960502230422,0.44747634238376266,-0.686690344229611,0.3774040672168959
31827,Zebby Matthews,SP,4.9586015304335564,8.94971352766783,1.3440054589751222,120.56755740689847,121.245,-0.8508156077753112,0.4958846478391827,-0.3948313157405815,0.3996974538032621,-0.08751620546836196
31838,Kodai Senga,SP,3.4252443487811943,9.476326643864228,1.2412260551255365,118.17926957563078,112.239,1.0397722581024713,0.9061286795170693,0.3052597565359639,0.22306465781028023,0.6185563379914463
31843,Kumar Rocker,SP,4.917324426065123,7.782651935923599,1.3850926013776084,84.91712059023519,98.199700000000007,-0.7999220562979994,-0.41328384395927614,-0.6747000492023155,-0.052285199261035566,-0.4850477871801566
31846,Spencer Schwellenbach,SP,3.2216305904262414,9.129616564185268,1.0548280895604814,154.6333877568082,152.438,1.2908225061971903,0.6360333542464168,1.5749261166715218,1.0114792443217033,1.128315305359208
31872,Cade Horton,SP,3.210335466115459,8.250867118739087,1.0984200267923976,118.08182638832785,128.803,1.3047490884841269,-0.048533179033967505,1.2779957499224923,0.5479309283885337,0.7705356469402963
31900,Adam Mazur,SP,5.4676501054886355,6.955406997471223,1.514318509682576,28.45812501245348,36.8236,-1.4784587105417615,-1.0577271521454334,-1.5549338443266287,-1.256041822639323,-1.336790382413287
31967,Drew Thorpe,SP,4.8257724231770895,7.101723961382163,1.4192652675937318,50.163895189707084,63.5726,-0.6870409169078907,-0.9437427880429153,-0.9074702116835681,-0.7314192754467544,-0.8174182980202822
31986,Parker Messick,SP,3.7148031093360574,8.504481151595233,1.158407642346691,112.46514863339571,119.018,0.6827541505707928,0.14903813115381453,0.8693847585785524,0.3560197681851885,0.514299202122087
32095,Cam Schlittler,SP,3.4222297269998676,10.201807250341158,1.160192731265382,153.47825534241025,135.398,1.0434892050918514,1.47129517414387,0.8572254662652373,0.6772772852143959,1.0123217826788387
32227,Luis Morales,SP,3.5691298847513298,8.760090492739732,1.1772464535439167,110.6847167191546,113.716,0.8623652901530214,0.3481638335348008,0.7410625165972439,0.2520327501577855,0.5509060976107129
33482,Chase Dollander,SP,5.479673676781252,7.789866209815655,1.5024861229605835,108.25577071780815,125.073,-1.4932834482234556,-0.4076637545310406,-1.4743364872927869,0.47477521785624155,-0.7251271180477603
33527,Hurston Waldrep,SP,3.498374945419704,9.23358175405102,1.1681979823209465,139.81899873395346,136.282,0.949604213576682,0.7170246879844405,0.80269698501879,0.6946149924826391,0.790985219765638
33628,Mitch Farris,SP,4.895324277533253,8.236903819738934,1.400747727447703,30.945498523837855,33.8124,-0.7727964691487338,-0.059410918120151264,-0.7813363361093365,-1.3150998589811027,-0.7321608955898311
33677,Paul Skenes,SP,2.4895862922323424,10.710206525783498,0.9348676469535439,221.7869567359247,186.372,2.193413294573709,1.867350194508759,2.3920473661619988,1.6770196950463148,2.0324576375726955
33699,Logan Evans,SP,4.448170536895978,7.454396189961898,1.3303348993601005,45.611545274017196,55.0687,-0.22146802047006434,-0.6690028082293148,-0.30171308016969506,-0.8982044890648667,-0.5225970994834852
33703,Nolan McLean,SP,2.959207417442217,10.544245017242343,1.0498360548489134,172.21212436994102,146.991,1.614383169365118,1.7380622670468922,1.6089298061575785,0.9046483715953244,1.4665059035412282
33825,Yoshinobu Yamamoto,SP,2.920067868590585,10.595514453943888,1.0400084491792168,186.11845233921082,158.092,1.6626411727972252,1.7780023668419989,1.6758714183241363,1.12236996479076,1.5597212306885302
33829,Shota Imanaga,SP,3.20070813335937,8.17556688284644,1.0597510547326676,138.54951517095796,152.521,1.3166193289650927,-0.10719383789111418,1.5413929005106277,1.0131071059769794,0.9409813743903964
33838,Yariel Rodríguez,SP,4.212570921303372,8.833504568051287,1.315269003262728,36.8193229902976,37.5133,0.0690199230923478,0.40535512883570324,-0.19909038575270477,-1.2425148806677087,-0.2418075536230906
33876,Rhett Lowder,SP,3.43242559389307,8.38401696841896,1.1774651670231946,72.68812293577507,78.0286,1.0309179774215824,0.0551936926864167,0.7395727302344711,-0.447896768354311,0.3444469079970398
35321,Tomoyuki Sugano,SP,4.831078929128045,6.014662434030325,1.362857365938321,80.54100806244807,120.517,-0.6935836949906035,-1.7905893437911027,-0.5232427606993242,0.3854193419352972,-0.6554991143864333
35323,Roki Sasaki,SP,4.530671381319166,8.124540259576813,1.394382328169693,102.58856985767642,113.643,-0.3231893266715789,-0.14694478029877195,-0.7379778514412209,0.25060101641278365,-0.239377735499697
35333,Chase Burns,SP,3.903172920041435,11.492271247180243,1.2043320834340805,166.75668655366772,130.593,0.4504992769649492,2.4765970485487356,0.5565663338713613,0.5830378243276227,1.0166751209281673
