playerid,PlayerName,Team,position,PA_atc,composite_zscore,z_HR,z_R,z_RBI,z_SB,z_OBP,z_SLG
2396,Carlos Santana,ARI,1B,323.526,-0.47151641957862683,-0.31001001291826313,-0.3974293263307906,-0.274725106197259,-0.6066787203364961,-0.3425024791743157,-0.8977528725146368
2967,Tommy Pham,NA,OF,331.265,-0.4193734297121596,-0.5137853585159282,-0.3142986992174286,-0.3603703195168732,-0.2906865242681121,-0.27545042289777344,-0.7616492538568416
4949,Giancarlo Stanton,NYY,DH/OF,426.819,0.5134899065003956,1.8757803454748363,0.0393193733412166,1.1568817188725828,-0.8385323636835479,-0.45447958402735933,1.301969949024646
5235,Justin Turner,NA,3B,199.271,-0.6477832811432365,-0.7916699702106149,-0.8894742631891587,-0.733925744453728,-0.7446756122285001,0.025556872503780706,-0.7525109692811974
5361,Freddie Freeman,LAD,1B,621.491,1.4537959131949953,0.9093013134318887,1.6409564760198996,1.46525203122725,0.3797085548457518,2.794510147015744,1.5330469566294367
5417,Jose Altuve,HOU,2B,599.471,1.1044438873287266,0.9718133514434065,1.5199929288958354,0.9022206294340773,0.5726702344462415,1.525057524053293,1.1349086556995052
5517,Kyle Higashioka,TEX,C,267.357,-0.397924076808782,0.10697791218624203,-0.6084858287280613,-0.1585918323170715,-0.7478159366729737,-1.3805064867702985,0.4008777114494711
5827,Wilmer Flores,NA,1B,246.748,-0.5437746409635734,-0.3794293150461713,-0.7314229718813979,-0.4169002318589558,-0.8232377750867139,-0.6612967920382915,-0.2503607598699098
7304,Salvador Perez,KCR,C,588.49,0.4227000694491955,1.4256256549334057,0.3362084280356059,1.623735475665671,-0.8268612790924877,-0.6896294537439902,0.6671215908969684
7739,Travis d'Arnaud,LAA,C,228.172,-0.8173493948159255,-0.47538205956300694,-0.874731842066682,-0.5595042229726958,-0.8342973287158821,-1.5857963237910035,-0.5743845917862829
7802,Miguel Rojas,LAD,SS,198.309,-0.6715668697785606,-0.9406528516678214,-0.8772642350881714,-0.9417161818372191,-0.35659341987313536,-0.10418515366539753,-0.8089893765396188
8623,Donovan Solano,NA,2B,30.1233,-0.9898990884706915,-1.1800283034049088,-1.518391074841222,-1.4460963530696007,-0.8489592285725783,0.04840338768266759,-0.9943229586185063
9218,Paul Goldschmidt,NYY,1B,440.134,0.2865656482026105,-0.0055756142730080185,0.36414492638389295,0.18553839536592878,-0.13596044468192592,1.1436446150023831,0.16760201141839207
9241,Starling Marte,NA,OF,251.838,-0.3000918298808252,-0.756902979050144,-0.5224277205023067,-0.643227005728986,0.2515327689366231,0.2616524797922148,-0.39117852273235243
9774,Christian Vázquez,NA,C,188.758,-1.211718788440313,-0.9431751785144805,-1.0426483455314384,-0.9662887724505055,-0.7562112342313835,-1.8765385873243015,-1.6854506125897686
9777,Nolan Arenado,ARI,3B,559.18,0.02815359479528301,0.26233310268287213,0.4424077972071881,0.8661516567174076,-0.5175115597944594,-0.5523745987030174,-0.33208482933829286
9847,Andrew McCutchen,NA,OF,314.668,-0.3263845114687113,-0.38334609904492245,-0.38100029414577674,-0.3490839661970721,-0.6238658379089504,0.22210441157771163,-0.4431152830932575
9874,DJ LeMahieu,NA,2B,120.828,-1.1277811984639186,-1.0731713575031352,-1.2219470358014102,-1.2285074682122599,-0.8233293665945769,-0.6618150749784626,-1.757916887693666
10155,Mike Trout,LAA,OF,519.792,0.6952392037198325,1.3032296455026606,0.8236620559035924,0.9167355173002881,-0.6011778453148228,0.957771171057145,0.7712146778701318
10231,Jose Iglesias,NA,SS,180.369,-0.6348229012260279,-0.9929166894190236,-0.9545157156875929,-0.9645031730271455,-0.6213063434507902,0.37597416732247435,-0.6516696530940899
10243,Randal Grichuk,NA,OF,232.09,-0.32814658531129187,-0.4583070656794515,-0.6622754301626369,-0.513890056149629,-0.769571674850866,0.024446442587281764,0.41071827238755054
10324,Marcell Ozuna,NA,DH/OF,465.954,0.5443814185082357,1.0538841763717808,0.349676100806148,0.879205550862172,-0.8008054696604635,0.6448181642852021,1.1395099883845745
10472,Enrique Hernández,NA,OF,250.109,-0.849305740518895,-0.5603276416590783,-0.7247771501349568,-0.590986314936131,-0.7892028059360746,-1.4955812548167233,-0.9349592756304053
10681,Gio Urshela,NA,3B,151.154,-1.1471518480692946,-1.0344144893276677,-1.171890489792209,-1.0573891033703486,-0.8134878631410147,-1.2215120574549987,-1.5842170853295283
10815,Jurickson Profar,ATL,OF,600.298,0.5768715658855622,0.39771536655808976,1.102575673854322,0.7624295771855806,-0.03365028169009132,1.07208666178758,0.1600723976178924
11442,Gary Sánchez,NA,C,209.259,-0.42940495607615764,-0.1742645670145792,-0.810175584721914,-0.5092799858088167,-0.8152943396973953,-0.5309758570450466,0.2635605978308061
11445,Mark Canha,NA,OF,141.231,-0.91532811529221,-1.0358854115331344,-1.0990359841636053,-1.1279332246190827,-0.6486041325379699,-0.04619944609683403,-1.5343104928026332
11477,Christian Yelich,MIL,OF,587.454,0.8832984784592046,0.40399515180175755,1.2312736633501251,0.8401991661407492,1.234332142953344,1.2851603272669518,0.30483041924230075
11493,Manny Machado,SDP,3B,627.922,1.1678889782615378,1.4934394741767474,1.3345433394741641,1.8112637543827743,0.31498031764461193,0.7727635335993605,1.2803434502915676
11579,Bryce Harper,PHI,OF,612.561,1.4338874180839472,1.3553525665920478,1.5633232116179,1.441102559266419,0.24731828156487534,2.3801666040761282,1.6160612853863117
11609,Willson Contreras,BOS,C,564.931,0.9317497157088154,1.134987959968679,1.038687623090317,1.129888151772313,-0.2501963099393157,1.450959814816359,1.0861710545445402
11680,Elias Díaz,NA,C,132.932,-0.9147303152414117,-0.8648295404550157,-1.1857415172744141,-0.9947148384691759,-0.842853310838543,-1.031892355545657,-0.5683503288656642
11737,Nick Castellanos,PHI,3B/OF,293.939,-0.23436094478775096,-0.25179627318152337,-0.3728463250264332,-0.18969301684860654,-0.5086431158062106,-0.3845300790881995,0.3013431412244674
11739,J.T. Realmuto,PHI,C,476.77,0.14761351404851886,0.00570906271792123,0.35399255192535894,0.34023044159619864,0.18072432571522043,0.05893487041530513,-0.053910168078891214
11899,Joc Pederson,TEX,OF,409.534,0.013746597918858681,0.19275637369791973,0.13220800277412445,0.18405824788125302,-0.512795911274019,0.09880591126780558,-0.01255303683393162
12037,Jon Berti,NA,3B,171.559,-0.9377202656917895,-1.097908134721615,-0.9947123797409441,-1.1708275941514124,0.7457420844982021,-0.7819707065032141,-2.326644863531753
12144,Max Kepler,NA,OF,154.309,-0.596500889032233,-0.7342156365835827,-0.9601443700686646,-0.9247706182309838,-0.7479088967538357,-0.05463134702914128,-0.1573344655271898
12158,Austin Barnes,NYM,C,42.7831,-1.1575908691184942,-1.1548083810591045,-1.4554047455347676,-1.4181589327960142,-0.8000618748125272,-0.5900904960188135,-1.5270207844897383
12161,Xander Bogaerts,SDP,SS,568.65,0.3235566410376357,-0.3275834434606405,0.729561730466199,0.26424813852355716,1.4911624547816922,0.4055913303757011,-0.6216403644606949
12533,Marcus Semien,NYM,2B/SS,581.727,0.5565951771749228,0.7857154749695896,1.150500834129988,0.9262281404697942,0.16659768781603893,0.004449728781642146,0.30607919688248353
12552,Eugenio Suárez,CIN,3B,597.264,0.6934925566107425,1.9199940615973785,0.9006267466281922,1.6671571081002614,-0.5883711787952983,-0.3468902651416708,0.6084388672755916
12564,Trevor Story,BOS,SS,592.975,0.6204155266042347,0.5452870717327138,0.9429811827414016,0.9011895661178437,2.3973513870239436,-0.8618798694210619,-0.20243617856943258
12856,George Springer,TOR,OF,562.257,1.0306107813506102,0.8053689887529052,1.2964682190618702,0.8997561353994826,1.1500895287094661,1.208773459250066,0.8232083569298704
12859,James McCann,ARI,C,192.403,-0.6760764909735889,-0.6178515091988902,-0.8960332038117524,-0.7234893900280125,-0.7358955738723749,-0.8977000056810673,-0.18548926324943643
12916,Francisco Lindor,NYM,SS,669.074,1.5525922111786568,1.560704805331808,1.8917856314908086,1.5670618353633232,2.236820519705739,0.9286235279326166,1.1305569472476464
12927,Brandon Nimmo,TEX,OF,627.559,0.960561382065401,1.0159007887752116,1.4474456994374139,1.2220659651014862,0.07300494008604665,1.3227347075316043,0.6822161914606434
12976,Austin Hedges,CLE,C,141.791,-1.850878262169166,-1.0421288643005038,-1.2545225396733153,-1.1942411240805746,-0.783127877153095,-3.905909491515864,-2.9253396762916424
12979,Javier Báez,DET,SS,311.126,-0.9671451320269197,-0.5854957345919455,-0.5579567697411052,-0.4671217597875416,-0.29758991238262167,-2.506394216105303,-1.3883123995530002
13066,Teoscar Hernández,LAD,OF,553.65,0.8787288657171751,1.4462757984749028,0.9108807335269498,1.4997624538007897,-0.12031381075866066,0.21532794900920732,1.3204400702498618
13145,Josh Bell,MIN,1B,540.401,0.10014444756307865,0.4880815046397425,0.3085623629072288,0.7562351945151843,-0.8185853717175003,0.07842643491002296,-0.2118534398762065
13152,Jorge Polanco,NYM,2B/SS,509.154,0.3609415641379831,0.9316872773502772,0.5768899224996588,0.9082199495469059,-0.41675514329254626,-0.34776973095481883,0.5133771096784222
13185,Orlando Arcia,MIN,SS,158.637,-0.9668052538478853,-0.8247443519093585,-1.0618442709780127,-0.9574796681067166,-0.8023945416460029,-1.352998963565666,-0.8013697268815554
13301,Max Muncy,LAD,1B/3B,455.041,0.5709616244382774,1.137086304622577,0.5285101960286428,0.8647961038353994,-0.6329537910609341,0.8348646689812232,0.6934662642227557
13324,Ildemaro Vargas,ARI,2B/3B,82.5427,-1.0078632543090416,-1.0932795767202443,-1.319493094657574,-1.2572072136568848,-0.7230005781195264,-0.6819321493079312,-0.972266913392088
13355,Luke Maile,KCR,C,79.1918,-1.2997956172112266,-1.0883037165988512,-1.35804363592071,-1.2997085652039462,-0.8007213705851898,-1.5995273394647374,-1.652469075493925
13419,Christian Walker,HOU,1B,585.864,0.761136492616497,1.6905388966444939,0.9640244398176576,1.5203105468391152,-0.5400013715153748,0.14728312608389188,0.7846633178291978
13510,José Ramírez,CLE,3B,655.225,2.016050082077308,1.647355079016812,1.8814690732989303,1.866004872666508,3.407871780484938,1.625873899504433,1.6677257874922224
13590,Jesse Winker,NA,OF,286.131,-0.3599873971727436,-0.5350486180113084,-0.4134008183526592,-0.5017593093572609,-0.38755493974262134,0.20989427874087707,-0.5320549763134887
13611,Mookie Betts,LAD,OF,631.764,1.1210268518654034,1.3176912541396393,1.6426450385733635,1.3885225187665222,0.060588292975936285,1.3125624056770266,1.004151601059933
13613,Ketel Marte,ARI,2B,626.458,1.467832758669342,1.9625821878832077,1.6640930757790684,1.7257100605125715,-0.27172469677892075,1.7627283587994569,1.9636075658206678
13620,Carson Kelly,CHC,C,371.179,-0.2828360391709948,-0.1523566296576062,-0.20121109424278413,-0.051061374863485394,-0.6998203408547181,-0.24621952759824325,-0.3463472678091319
13621,Jeimer Candelario,LAA,3B,88.9837,-0.5505230923791774,-0.8875631550475482,-1.2167636753367932,-1.1366782455095394,-0.7706201203949409,0.25383263653679383,0.4546540054769635
13624,Corey Seager,TEX,SS,533.572,1.2694736153096888,1.6222253893239278,1.0992257716384062,1.3453271674445435,-0.5350140994452084,1.9092349067685552,2.175842556127907
13675,Tyrone Taylor,NYM,OF,300.576,-0.5849738619148502,-0.626541065734552,-0.43704670760140113,-0.5279839113152635,0.2864862541072039,-1.1736456791709817,-1.031112061774107
13723,Jacob Stallings,BAL,C,107.354,-1.606980698380643,-1.0900950481145193,-1.359651113969263,-1.244980344532645,-0.8488663065709078,-2.6162707535649927,-2.4820206235315303
13757,Chris Taylor,NA,OF,210.429,-0.8824123645181382,-0.7562406370696511,-0.799322127232468,-0.7970996580889758,-0.25959731664548136,-1.4381071571635595,-1.2441072909086928
13770,Rob Refsnyder,SEA,OF,234.125,0.3934615473740637,-0.3303288948054557,-0.40590355677602014,-0.4257328993289914,-0.4993901464915823,2.424033808832899,1.598090972813533
13897,Tyler Heineman,TOR,C,143.982,-0.516895301257206,-0.952397091196968,-1.0277733202300827,-1.0536886703619581,-0.6942893889673414,0.9299733913222633,-0.3031967281091488
14161,Byron Buxton,MIN,OF,533.456,1.384210983511131,2.0952345515330277,1.3305023139571173,1.3910378309759706,0.8746355459779503,0.732599218539317,1.8812564400834029
14162,Carlos Correa,HOU,SS,551.127,0.43107240177340395,0.2380564968084459,0.6578004481125733,0.6592496440441367,-0.7320406271322982,1.339753870198551,0.42361457860901525
14221,Jorge Soler,LAA,DH/OF,480.559,0.049740530692245634,0.6290721715012765,0.26277832703463133,0.5104438444064809,-0.8006176154641783,-0.2570068077054136,-0.046226735619322876
14344,Matt Olson,ATL,1B,670.518,1.4184659598328417,2.2768385972300864,1.546131094248086,2.087678822746434,-0.699589648237449,1.717702040103894,1.5820348529059987
14366,Joey Meneses,ATH,1B/DH,57.5785,-0.9816224096644621,-1.1106326910248876,-1.4202866447543578,-1.3133564287540764,-0.8398460362710909,-0.46772645341256835,-0.7378862037697914
14551,Anthony Santander,TOR,OF,552.393,0.5206001247098818,1.6359740783582102,0.7184421582476109,1.270532440189451,-0.6171072443259483,-0.549540974939376,0.6653002907293429
14712,Manuel Margot,NA,OF,70.0239,-0.8344252896653801,-1.0851296282530905,-1.32513721571807,-1.292026058147686,-0.6866680130383638,-0.15396632083963466,-0.4636245019954363
14813,Kyle Farmer,ATL,2B/SS,163.039,-0.8787035414736507,-0.8405800276383881,-1.0337494878190658,-0.9110499544105969,-0.7901446010949166,-1.021588727153547,-0.6751084507253905
14854,Mike Yastrzemski,ATL,OF,443.04,-0.11682443793712827,0.04802925776401138,0.25057004006347955,0.11638750420679139,-0.46578924205848177,-0.2162133683468769,-0.43393081925169324
14968,Victor Caratini,MIN,C,364.948,-0.10704617725544595,-0.1415607833248179,-0.2279817688083366,0.012083618621181066,-0.7592279358162777,0.3855157929472363,0.08889401284833895
15112,Ryan McMahon,NYY,3B,483.381,-0.00926443470934272,0.1578391722053773,0.34239853969986844,0.33617500632261704,-0.44454935248356003,-0.13964726565871208,-0.3078027083416469
15161,Mitch Garver,NA,C/DH,209.539,-0.7915002736032276,-0.5392908237023866,-0.8712529787212985,-0.695716176991602,-0.7930118863340301,-1.059047448511876,-0.7906823273581716
15172,Tim Anderson,NA,SS,50.1987,-1.3718937113483876,-1.1864144000268475,-1.4415996316997213,-1.4304856116255473,-0.7196993039094985,-1.2681479512154104,-2.1850153696133
15194,Jake Bauers,MIL,1B/OF,305.469,-0.1538725815243237,-0.21407637643894448,-0.263243908000415,-0.3229135202606595,0.16439468583346278,-0.10589189305817562,-0.18150447722121046
15223,Adam Frazier,NA,2B/OF,279.529,-0.7171186815302013,-0.8445130246589387,-0.5664036570051912,-0.7232172863538637,-0.24864687937844332,-0.6517444989193558,-1.2681867428654148
15271,Austin Wynns,ATH,C,154.119,-0.7058564324190244,-0.7445764649289939,-1.058555871062277,-0.8811832274499979,-0.8072128414190266,-0.6499810996936644,-0.0936290899601859
15274,Mike Tauchman,NA,OF,310.999,-0.24190342590889205,-0.5541123739876234,-0.2730034991561643,-0.46235717928227094,-0.5270968804920265,0.8167436962643542,-0.4515943187996211
15362,Jeff McNeil,ATH,2B/OF,546.559,-0.1566802814407687,-0.2636664674938098,0.4099372053902251,0.29394315627313294,-0.4447617434894723,-0.17855829782247293,-0.7569755415022152
15429,Kris Bryant,COL,3B/OF,92.2087,-0.8665889645010165,-1.0254346473263016,-1.2528899290115791,-1.2283241767669424,-0.800775648721877,-0.07453341179526059,-0.8175759733841382
15491,J.P. Crawford,SEA,SS,597.787,0.2158124610843953,-0.06608013262099362,0.8925730479718303,0.40202903807852003,-0.26271240326175876,0.8148514547124556,-0.4857862383736817
15518,Amed Rosario,NYY,SS,270.735,-0.3351294055329988,-0.6982980738648874,-0.4889531551586897,-0.5501246351597905,-0.2242093005544442,0.08269004376165884,-0.13188131222184027
15640,Aaron Judge,NYY,OF,657.062,3.5494419110948505,5.078863768704957,2.9890264228190278,3.1670531249667175,0.3655354617096775,4.624431110522514,5.071741577846206
15653,Dominic Smith,NA,1B/OF,254.436,-0.6063891866961431,-0.7480202593523819,-0.7054745811130083,-0.6478448938208232,-0.7272002851159963,-0.07463068683584943,-0.735164413938799
15674,Reese McGuire,MIL,C,128.163,-1.0637031964321828,-0.9560864021714811,-1.1753684450648547,-1.073874034875835,-0.7857383191808571,-1.3599834957973675,-1.031168481502701
15679,Rowdy Tellez,NA,1B,297.765,-0.34485708498749595,0.045029051899903076,-0.49618933626552414,-0.08713552226130154,-0.7840266112961602,-0.8157659108713774,0.06894581886948434
15711,Tyler O'Neill,BAL,OF,358.395,0.06920504581004334,0.40859514922453644,0.03823445450994916,0.10104199103593066,-0.18531697952891507,-0.35437902593103837,0.40705468554979723
15730,Tyler Wade,TEX,2B/OF,49.94,-1.3195240352638864,-1.17762462354238,-1.4262592995328693,-1.435186109346909,-0.6614732979211345,-0.9755490951084758,-2.24105178613155
15878,Miguel Andujar,SDP,3B/OF,413.987,-0.18372277257650893,-0.4367930833353326,-0.017321352311255478,-0.007795230618029215,-0.46720007067765235,0.07912832964299679,-0.2523552281597806
15905,Luis Torrens,NYM,C,223.202,-0.8272181058085857,-0.7279295132870647,-0.8613795341067565,-0.7185842080484661,-0.7893593815701805,-0.9588464563967566,-0.90720954144229
15986,Willy Adames,SFG,SS,654.315,1.125703469770657,2.0954600997571786,1.509255433285886,1.734859499435195,0.6228064075878555,-0.07957521429277149,0.8714145928505975
15998,Cody Bellinger,NYY,1B/OF,608.739,0.9312003858490517,1.236540403510929,1.2244090807117682,1.3741799471101819,0.43787106228810296,0.4834463785441065,0.8307554429292219
16153,Austin Slater,NA,OF,168.832,-0.6892958606061054,-0.8475752619214348,-0.9046477241348179,-0.9627492888909706,-0.5318108016334998,-0.16019767493984713,-0.7287944121160618
16252,Trea Turner,PHI,SS,627.096,1.4259415500021604,0.789608591825754,1.6877136881323205,1.206429751596383,1.9883562812211502,1.5588928796034967,1.3246481076338574
16376,Michael Conforto,NA,OF,313.579,-0.5079304637808534,-0.3887332867039163,-0.4277213639522481,-0.38197923882760165,-0.7393846284905349,-0.39031876902360707,-0.7194454956872124
16426,Thairo Estrada,NA,2B,277.942,-0.71507378913163,-0.625153740310786,-0.563574179471648,-0.5726248044878446,-0.42846580044517396,-1.2144537968692406,-0.886170413205087
16442,Ryan O'Hearn,PIT,1B/DH,515.918,0.49983797802405977,0.3179860503559355,0.614555788085161,0.7355829991940493,-0.3904101595679037,1.1147826682738922,0.6065305218032244
16472,Rhys Hoskins,NA,1B,401.01,0.15647758360481798,0.5795906734935878,0.08397013648923833,0.38828564187485115,-0.6627430819106512,0.2286767695756768,0.3210853621062048
16478,Kyle Schwarber,PHI,DH/OF,662.175,1.9105581237010751,3.904693087515991,2.013481330203673,2.358695902307736,-0.28121702691968153,1.454868572259409,2.0128268768393256
16505,Matt Chapman,SFG,3B,620.078,0.6847223575859201,0.8671283743747096,1.2698506440451498,0.9913466318478138,0.6477577109644236,0.29262034416323246,0.03963044012019173
16512,Isiah Kiner-Falefa,BOS,SS,268.884,-0.48654597091446655,-0.8554040285506175,-0.5409922984282013,-0.7232819386661098,0.21705653682937984,-0.13106346877375344,-0.8855906278974967
16530,Mauricio Dubón,ATL,2B/OF,344.648,-0.5169089580683253,-0.5949480725466753,-0.299482201657252,-0.3910960178720208,-0.5079665690676941,-0.5944665001014356,-0.7134943871648738
16535,Danny Jansen,TEX,C,335.261,0.005280955832827496,0.2902630869530194,-0.2302654673777722,0.031970291122649735,-0.780747829885748,0.2892066611839766,0.4312589930008395
16556,Ozzie Albies,ATL,2B,590.148,0.4935113005936224,0.7318740527166904,0.980445132610585,0.996331411002662,0.248289205606451,-0.26080354633869546,0.2649315479640413
16578,Yandy Díaz,TBR,1B/3B,620.548,0.9583306881823033,0.5810375349256209,1.1509371812558735,1.270334207388259,-0.7045042878522277,2.3874275298174257,1.064751963558868
16622,Luis Urías,NA,2B/3B,156.101,-0.7138658851553191,-0.7894256960864598,-0.9981887811472113,-0.9626972860579823,-0.7557815535223809,-0.24015028602767077,-0.5369517080902094
16725,Jose Trevino,CIN,C,263.855,-0.8773542089147105,-0.6494968100987286,-0.7453847678585456,-0.5894440491904414,-0.7772789139451189,-1.4829151005476535,-1.019605611847774
16930,Jonah Heim,NA,C,244.529,-0.6968484607923683,-0.48808158718859335,-0.7394879573101601,-0.5160841415970924,-0.7342853125316707,-1.1974440886286706,-0.505707677498022
16939,Lane Thomas,KCR,OF,380.377,-0.20949756350140958,-0.23071536352220537,-0.017529713171924928,-0.16879716408627,1.0572076999465059,-1.1532204360445508,-0.7439304041300123
16947,Derek Hill,CHW,OF,131.255,-0.7747070443427863,-0.8860121791245321,-1.0550187188704014,-1.0563653755901747,-0.31450410317595323,-0.8260348960386109,-0.5103069932570448
16997,Gleyber Torres,DET,2B,643.005,0.35952097918515263,0.2560732091455824,1.0874154466058832,0.7741105317236293,-0.06271982053817546,0.36956216377242385,-0.26731565559842724
17022,Edmundo Sosa,PHI,3B/SS,217.303,-0.08378788769015356,-0.4012263212278598,-0.5992721862217248,-0.5142725656279855,-0.5050385777125646,0.5613525895267176,0.9557297351224961
17027,Alex Verdugo,NA,OF,201.484,-0.8887298571694965,-0.9064075970795418,-0.8868966494277036,-0.9225683573237193,-0.7401483063686979,-0.6749207751591041,-1.201437457658212
17040,Jose Herrera,TEX,C,25.4456,-1.2009271156567256,-1.1823121445836178,-1.520838958866785,-1.463607346215631,-0.8388425548531486,-0.7341473217113553,-1.4658143677098157
17128,Ramón Laureano,SDP,OF,523.368,0.4700652053292877,0.680352432379833,0.7736728140526429,0.74307473394853,0.21863397318081315,0.035858738144557964,0.36879854026934866
17232,Yoán Moncada,LAA,3B,365.943,-0.23169688359179574,-0.07007781727428443,-0.18600154311619918,-0.010764570198914063,-0.7282563222351434,-0.24927833456512352,-0.14580271416110982
17273,Jorge Mateo,ATL,SS,165.767,-0.5558660952457489,-0.8141301779604834,-0.8678419331350654,-0.9580358912068572,0.6546900266052892,-0.8272542559083942,-0.5226243398689826
17276,Alex Jackson,MIN,C,52.2176,-1.0859306621264626,-1.0266180151471636,-1.4074070996236476,-1.3339982992705646,-0.8194167662267138,-1.2528173016599737,-0.6753264908307123
17338,Willi Castro,COL,OF,518.566,0.29269773189870685,-0.1279309502843238,0.7167776376431148,0.18891647183524107,1.2531859527963474,0.18203711088587912,-0.45679983148401715
17350,Rafael Devers,SFG,3B,657.247,1.309757434162983,1.9885432754024042,1.5384727904631395,1.9442166666755805,-0.5109055856864626,1.3017940403447052,1.5964234177785301
17452,Jose Siri,LAA,OF,32.7958,-0.99401518737253,-1.0804623347709341,-1.460518931040022,-1.400104139370108,-0.7406916684552273,-1.1868466667287376,-0.09546738387015136
17484,Eloy Jiménez,TOR,DH/OF,38.5948,-0.9047073448723859,-1.1250351093082176,-1.467544225310598,-1.3838787685531277,-0.8373015430123444,-0.3469094429697644,-0.2675749800802639
17548,Taylor Ward,BAL,OF,634.094,1.2042409034342172,2.0124273529054797,1.455176537590462,1.7168817969019756,-0.34251209794944554,0.9766806499243903,1.4067911812324414
17620,Myles Straw,TOR,OF,132.987,-0.8166826541998083,-1.0623822658838222,-1.0629590591986127,-1.1877719404491902,-0.3936760044090886,0.12238447515280726,-1.3156911304109435
17678,Alex Bregman,CHC,3B,645.703,0.6580375470572787,0.8805617811495051,1.1415305670882412,1.2434983610896126,-0.632253598054492,0.9713316249860976,0.3435565460847077
17696,Kevin Newman,KCR,2B/SS,25.1801,-1.3427530728837616,-1.1914423295675665,-1.5214028886230226,-1.4665841132683868,-0.8046535786820017,-1.5165114827813382,-1.555924044380255
17901,Andrew Benintendi,CHW,OF,493.386,-0.0912382453475999,0.05590960575155457,0.2971544431779229,0.38533803328546173,-0.5017199519442845,-0.4436586036917799,-0.34045299866447415
17907,Brendan Rodgers,BOS,2B,101.187,-1.0428421072889682,-1.030468167120221,-1.2539236094337158,-1.205317357730712,-0.8186027924989635,-0.9099168964949189,-1.0388238204552782
17919,Ian Happ,CHC,OF,635.387,0.796054420777438,0.9696461737338754,1.30453760321379,1.1800283510930498,0.1550634986585127,0.7486825262471054,0.4183683717182948
17929,Cedric Mullins,TBR,OF,449.921,0.5180602169588843,0.396964080691804,0.5104249926907432,0.4122951321543665,1.8234180014258727,-0.29138126122177227,0.25664035601229157
17982,Ty France,NA,1B,309.378,-0.4990680378527255,-0.6461430225578466,-0.5075549206182217,-0.45206868858773963,-0.7844763771773506,0.14895941756199402,-0.7531246357371885
17988,Tyler Stephenson,CIN,C,428.041,0.15899859404741176,0.2788859173167518,0.12375649615759082,0.4180322413461875,-0.7511434769421197,0.49563670575088875,0.38882368065517137
18015,Paul DeJong,NYY,SS,92.4729,-1.1637246190331272,-0.94167654867395445,-1.27012034247148,-1.1942795677513547,-0.7518264527522291,-1.888175175888327,-0.936269626661417
18030,Harrison Bader,SFG,OF,495.86,0.4222936340578516,0.2199184964155956,0.650252420565282,0.45954886275817863,0.9882992288958632,0.09775277794693259,0.11799001776525744
18036,Jake Cronenworth,SDP,1B/2B,582.002,0.10915495380842966,0.15633674921312615,0.7039942652479021,0.6536746748976413,-0.4752540012754972,0.0858382959401598,-0.4696602611727541
18042,Dylan Moore,PHI,2B/OF,104.035,-0.7371894902950671,-0.8891950331264896,-1.1335563307909178,-1.1587399269408145,-0.10502304551917457,-0.6470732549811125,-0.4895493504118931
18054,Sam Haggerty,TEX,OF,219.41,-0.20386857469474517,-0.8444288854434542,-0.5948648145219286,-0.8573893795729077,0.9822663876939142,0.7097455286172981,-0.6185402849413929
18067,Garrett Stubbs,PHI,C,26.3618,-1.3396787279141051,-1.187051756553773,-1.5178612420487296,-1.4659633447292393,-0.8040283089639348,-1.227876058569567,-1.8352916566193875
18123,Nathan Lukes,TOR,OF,334.605,0.054081387209243714,-0.01101949772347291,-0.13847800078422987,-0.007493819709681176,-0.5609775412243176,0.4329902428119651,0.6094669398851988
18126,LaMonte Wade Jr.,CHW,1B/OF,153.81,-1.1250616598921515,-0.9893804635478141,-1.1058935036139252,-1.1086095625538614,-0.7824266873927969,-0.9635047439567268,-1.800554998287785
18314,Dansby Swanson,CHC,SS,631.559,0.9363488278196163,1.016285748451897,1.3601984367922508,1.228464518818765,1.2593910887234592,0.20444495681198782,0.5493082173193382
18345,Kyle Tucker,LAD,OF,624.919,1.716957351552215,1.5814738182781796,1.7189936161079942,1.6227269328222778,2.078599922811584,1.6036868530333244,1.6962629662599307
18360,Austin Riley,ATL,3B,627.065,0.9824587797839309,1.2343344943619532,1.3274861197486543,1.4656062475408844,-0.47870887759439806,1.169931186720178,1.1761035079263138
18363,Victor Robles,SEA,OF,357.228,0.26210458884731597,-0.6721740066592344,0.020278357729845535,-0.45941078191911827,2.465649015297496,0.7993331603530094,-0.5810482117181026
18373,Ryan Mountcastle,BAL,1B,173.229,-0.718124445610866,-0.8027032049142427,-0.9589829166198977,-0.8536345436818547,-0.7276646599003648,-0.5333015336825186,-0.4324598148663174
18400,Juan Yepez,NA,1B/DH/OF,39.2194,-0.5401612074430892,-1.0920270418758191,-1.435601398939812,-1.3631448407358646,-0.8205816923849608,0.7358728861977284,0.7345148430801942
18401,Ronald Acuña Jr.,ATL,OF,624.907,1.9346866901086062,1.0687652367197473,2.045272594979615,1.140653220879428,3.5983553477334858,2.3621940733884963,1.3928796669508647
18564,Trent Grisham,NYY,OF,530.829,0.42759349668232943,1.210459929476745,0.7875087711483105,0.7875823137222336,-0.21773904353935578,-0.215024647144741,0.21277365643078447
18568,Luis Arraez,SFG,1B/2B,609.026,0.3920910034095528,-0.4500672232584375,0.9669391694399737,0.4345538944323784,0.04891349613163355,1.563736041831852,-0.21152935812008378
18577,Ke'Bryan Hayes,CIN,3B,507.044,-0.36518797311500356,-0.5181553010725678,0.24783588813668606,-0.045381149222079524,0.32700891235694274,-0.8712978253631085,-1.331138363525894
18795,Ramón Urías,NA,3B,223.464,-0.5470443372825684,-0.6649107917367723,-0.7498761676116197,-0.6522823397328691,-0.7084266810830732,-0.18534263372778978,-0.3214274098032865
18819,Andy Ibáñez,ATH,2B/3B,88.7761,-0.8755254583477473,-1.0249653732259314,-1.2655542798519988,-1.2090400309952631,-0.7483984084131129,-0.4665052532650317,-0.5386894043351457
18839,Josh Naylor,SEA,1B,606.51,1.8131799397819357,1.869608886625257,1.5699964524637489,2.0477679053306495,1.717155991885548,1.4564793054513692,2.2180710969350423
18848,Yohel Pozo,STL,C/DH,168.22,-0.7285922647411499,-0.723139082025026,-0.9755462953418628,-0.8551734517562605,-0.7709608605095957,-0.7112026571990855,-0.3355312416150698
18872,Jahmai Jones,DET,2B/DH/OF,141.502,0.17964942784043347,-0.5424514162884546,-0.8767277885749108,-0.7839537106298845,-0.6415856711908904,1.9369311359997876,1.985684017726954
18882,Brandon Lowe,PIT,2B,548.425,0.7834302160571841,1.6566083183705058,0.9542509674853489,1.216414336409487,-0.365777655831667,0.22293369081962566,1.0161516390898038
18900,Leody Taveras,BAL,OF,81.9085,-0.9464720639344772,-1.0300076868955945,-1.2727901479645847,-1.2492366724199246,-0.5519569873602447,-0.9883121101976451,-0.5865287787688696
19197,Will Smith,LAD,C,504.2,0.648212982938552,0.5868101509577578,0.6600531362538297,0.7786742930113386,-0.6223871779188237,1.6291804404879666,0.8569470548392432
19238,Lourdes Gurriel Jr.,ARI,OF,290.703,-0.23007052522680024,-0.34766846752725755,-0.4270349693687784,-0.21506866774796168,-0.4726611649347156,-0.2294543449686008,0.31146446318651266
19251,Pete Alonso,BAL,1B,657.959,1.2802777284634181,2.4624272629454955,1.4193080423537274,2.142022269661238,-0.538462095143658,0.8371616486768387,1.3592092422868671
19260,Jake Fraley,TBR,OF,372.384,0.2215790116447153,-0.22632391626943507,0.10435548729310716,-0.09665850642838279,0.8122164060183591,0.6300054251318471,0.10587917412279639
19262,Garrett Hampson,CIN,2B/OF,52.4075,-1.109267114085496,-1.1516097451577378,-1.4063741551729196,-1.3966100786534295,-0.6853409237174456,-0.6569591242262991,-1.358708657585145
19287,Adolis García,PHI,OF,552.69,0.3469789100018868,1.0927875564944072,0.7092294734918093,1.1292136830065516,0.18677078105490985,-1.1696893926192151,0.1335613585828583
19290,Randy Arozarena,SEA,OF,657.283,0.8567687321643284,0.8049700468644742,1.4148396414180542,1.0583748156100774,1.7213674882130747,0.16518020908078154,-0.024119808200492126
19296,Alex Call,LAD,OF,167.788,-0.14139352777318034,-0.8014823659965923,-0.8100060896377764,-0.9084628414126156,-0.5097561365742884,1.7842391606205807,0.3971071063616097
19326,Bryan Reynolds,PIT,OF,642.259,0.6291711651324251,0.7905185427043316,1.1630409722310526,1.2198572589066956,-0.08879734817081572,0.3473547808689762,0.34305278425431035
19339,Nicky Lopez,COL,2B/SS,36.1686,-1.1277859477418282,-1.1929440455650229,-1.4749474132800309,-1.45615907403035,-0.7532042520760751,-0.12506628104670525,-1.7643946204527854
19346,Eli White,ATL,OF,103.676,-0.5290775709739854,-0.7979122281105886,-1.100527589917389,-1.093034573023002,-0.28206098895127,-0.2680657087291922,0.36713566288752897
19352,Sean Murphy,ATL,C,337.002,-0.27918780035445856,0.13906008665445396,-0.35762595313635176,-0.03151019976446205,-0.8096776844726934,-0.4541520712193894,-0.1612209801883087
19354,Luke Raley,SEA,1B/OF,265.661,-0.4184759247038845,-0.40715944300869944,-0.5048909115591411,-0.4976537506161963,-0.3444772137528346,-0.3639649621289782,-0.392709267157457
19358,Weston Wilson,BAL,OF,30.0249,-1.0181778794609935,-1.1175265090432116,-1.48321108514211,-1.4176072568784888,-0.7967641564674448,-0.9341768685687625,-0.3597814006659434
19363,Austin Hays,CHW,OF,450.242,0.3450478330183775,0.26937088102007073,0.43472068143355214,0.4536967585048016,-0.22763473730369113,0.4873461418010813,0.6527872726544506
19392,Zach McKinstry,DET,3B/OF,420.222,0.10921180181963075,-0.34050391711108813,0.24443933076197646,-0.13564652795249313,1.3785570546104084,0.009986206570660851,-0.50156133596168
19452,Jake Rogers,DET,C,190.537,-0.49155190548790695,-0.33907754427642267,-0.8301090374785023,-0.6553621485189114,-0.7673786221404038,-0.5479782269862508,0.19059414647304912
19455,Andruw Monasterio,MIL,2B/3B,176.454,-0.4507765411964268,-0.8300530942935616,-0.8433069955372183,-0.9049951204159512,-0.3680626220685536,0.4356153810935853,-0.19385679595686117
19470,Tommy Edman,LAD,2B,471.49,0.04039525985747863,0.08857436219277752,0.447123583741268,0.24003798172657412,0.46008331145319253,-0.6724962275369988,-0.3209514524319415
19522,TJ Friedl,CIN,OF,582.551,0.3956046796910529,0.23274310384897956,0.9224343588581442,0.611044823690672,0.5740126982300995,0.24502305072300704,-0.21162995720458486
19556,Yordan Alvarez,HOU,DH/OF,550.49,1.1407754776772479,1.27410828485309,1.0572201658654907,1.3355260135236355,-0.5294316375691052,2.0350582424836694,1.6721717969067076
19566,Nathaniel Lowe,NA,1B,339.54,-0.11588336379815178,-0.20098350267614348,-0.2510841141124456,-0.07670694752191884,-0.7418938667004512,0.46472559445191736,0.11064265377013104
19599,Chas McCormick,CHC,OF,112.921,-1.0605175915971774,-0.9945329550865885,-1.1791821185624358,-1.1680390177924274,-0.513766272090427,-1.2920359477991978,-1.2155492382519884
19608,Otto Lopez,MIA,2B/SS,558.248,0.5261634420155221,0.17674088220378323,0.8705687019463794,0.6419700918383231,1.194257002325766,0.145804667209906,0.12763930656897554
19610,Keibert Ruiz,WSN,C,331.294,-0.5355836027455733,-0.4768251692115031,-0.43432080281782975,-0.26365066519649105,-0.6681942848721875,-0.7969528941171367,-0.5735578002582923
19611,Vladimir Guerrero Jr.,TOR,1B,668.178,1.4879261892340647,1.5566630291654777,1.7561628723228282,1.9061838364817865,-0.21199778117449197,2.1254383364749168,1.795106842133873
19612,Bo Bichette,NYM,SS,617.246,0.46811720294039555,0.4535880459139124,0.9720551603823722,1.0714184157717952,-0.19571355181789038,0.13889353161728688,0.36846161577489706
19627,Brent Rooker,ATH,DH/OF,642.941,1.8019080466205029,2.658164776367951,1.768610722041341,2.1946763375945997,-0.007610468070117795,1.81474962308016,2.3828572887090824
19709,Fernando Tatis Jr.,SDP,SS/OF,648.619,1.193545530537671,1.0118401586654615,1.622143432628038,1.1624436771874738,1.8376137870445333,0.8637367656902611,0.6634953620102588
19722,Carlos Narváez,BOS,C,415.23,0.07479515423194907,0.1848216754121229,0.09310760975840135,0.30488472137909617,-0.6462377481634135,0.22281009419944664,0.28938457280604085
19734,Josh Rojas,KCR,2B/3B,77.1998,-1.2159912883418136,-1.1215969876618097,-1.333339298054294,-1.329194041191227,-0.6503295038579736,-1.1341177874400874,-1.72737011184549
19755,Shohei Ohtani,LAD,DH,658.279,3.067828202957925,3.8912987406186863,2.691220675110071,2.5550881711454467,2.6274850108946834,3.0118818816121045,3.6299947383665594
19779,Dairon Blanco,KCR,OF,52.7076,-0.27678205186858473,-1.0582359952546843,-1.3161928563836809,-1.3247786338657397,0.5760484750975319,0.8464991039204919,0.6159675952745725
19844,Abraham Toro,KCR,2B/3B,41.3997,-1.0211215310060477,-1.1274713344851173,-1.4488890751783259,-1.3934746300241514,-0.8037919520164551,-0.6610738004570124,-0.6920283938752249
19858,Luis Rengifo,NA,2B/3B,390.028,0.29244180766202194,-0.23275608833255243,0.18916697100031377,-0.01916171424835281,0.7910443265578867,0.7282861833520805,0.2980711676427558
19864,Riley Adams,WSN,C,102.871,-1.1023017075470969,-0.9964083208255773,-1.2599267519033324,-1.1858166289358723,-0.815758786534816,-1.16571337887981,-1.1901863782031732
19892,Pavin Smith,ARI,1B/OF,394.373,0.46343074629141245,0.44704682301935156,0.2090010337037437,0.3781176376817633,-0.5447043966128019,1.206730237260577,1.0843931426958409
19896,Connor Wong,BOS,C,224.324,-0.952087296592965,-0.8853117879652435,-0.8208074935568357,-0.8690721463208556,-0.543509205662094,-1.1024040523888083,-1.4914190936639535
19901,Gavin Sheets,SDP,DH/OF,490.847,-0.2188313756110608,0.08797092595196804,0.10546597843944182,0.4337671203854655,-0.6951486782170437,-0.7379729046751777,-0.5070706955510187
19913,Jesús Sánchez,HOU,OF,439.764,0.21997718815000925,0.06272565040025173,0.3496350068165932,0.2067016822864,0.6338628705443583,-0.017850390290892307,0.08478830914334481
19918,Daulton Varsho,TOR,OF,551.626,0.9839699954767246,1.9658877402229367,1.1127138319774057,1.3147849276586787,0.2178902997299954,0.08383757613699881,1.2087055971343321
19921,Blake Perkins,MIL,OF,220.466,-0.3704101527518608,-0.708764903866688,-0.6150014913336529,-0.7803274477475395,0.3064494692063278,0.020574801882566815,-0.44539134465217917
19950,Andrés Giménez,TOR,2B,557.735,0.11083631379485169,-0.09172322040626964,0.6602192578188137,0.3276921154645418,1.1440559932736887,-0.6316643766708869,-0.7435618867107775
19953,Josh Lowe,LAA,OF,475.458,0.38486315134318977,0.06232346727136673,0.5208009616034931,0.27397465731161835,1.8915689916755964,-0.32718246866245954,-0.11230670114047628
19955,Gavin Lux,TBR,2B,447.199,0.018348351847162908,-0.28581389773237786,0.26646999193992793,0.050831380174266215,-0.43584260639719086,0.7069834620397109,-0.1925382189413588
19956,Mickey Moniak,COL,OF,487.931,0.977226174150255,1.3850514728988252,0.8268738439200235,1.1192015288308335,0.45521487438243147,0.36397797322317044,1.7130373516462458
19960,Taylor Trammell,HOU,OF,50.899,-0.9492486811187787,-1.0565131288539447,-1.3871721587292825,-1.350613637110779,-0.7095070817728598,-0.7164829149054326,-0.4752031653403738
19997,Santiago Espinal,CIN,2B/3B,189.393,-1.0958562159640517,-1.025184770897828,-0.9934633710369142,-1.0340065302173351,-0.6042012825310389,-1.1095898428782809,-1.8086914982229139
20017,Miles Mastrobuoni,SEA,3B,47.3487,-1.2190299196794079,-1.1762519269525475,-1.4326726164884114,-1.426980329703973,-0.6350806896649599,-0.744224001223585,-1.8989699540429708
20036,Isaac Paredes,HOU,3B,473.257,0.7517438379387954,1.1434265372104417,0.57890011374386,0.91088704789197,-0.6932874291726058,1.220471657886237,1.3500651000728692
20043,Luis Robert Jr.,NYM,OF,516.757,0.6429951284093477,0.360215581596049,0.7417726989237978,0.5178299290670921,2.817840893966419,-0.55757145978997,-0.02211687330730189
20123,Juan Soto,NYM,OF,675.807,2.1367604154069344,2.4334140538989715,2.3408147493518117,1.8700697856928044,1.436985364748732,2.715424971834307,2.0238535669149793
20126,Dylan Carlson,CHC,OF,86.0566,-1.0840046755005706,-1.058476416501731,-1.2881915566358508,-1.270254222864601,-0.7322122183653527,-1.0060146576255355,-1.1488789810103524
20178,Miguel Vargas,CHW,3B,576.849,0.2810064402407078,0.6066694692886841,0.9175583042157166,0.6735611075334437,0.011926030135464073,-0.24802219125455804,-0.2756540784745038
20202,Brandon Marsh,PHI,OF,466.019,0.7272167759285658,0.3654652808403119,0.6772841692859144,0.551393394231768,0.5404931529022715,1.1876458555723746,1.0410188027387544
20220,Jo Adell,LAA,OF,574.3,1.25415765508367,2.490934750388263,1.1839570459759823,1.7712420082412976,0.4268794825083578,-0.014495059886436935,1.6664277032745556
20287,Ben Rortvedt,LAD,C,34.8081,-1.4399515460741383,-1.1721316523813865,-1.5009381729942863,-1.4413195293287593,-0.8371025132703283,-1.7460245666769785,-1.9421928417930903
20308,Jake Meyers,HOU,OF,446.077,0.055118208025702775,-0.3421491977762126,0.2877168140049643,-0.026401979571371123,0.8522355762720231,0.06037723153619458,-0.5010691963113816
20321,Stuart Fairchild,CLE,OF,25.7558,-0.8283034911570891,-1.1442410488747123,-1.4887570162775543,-1.4402593431596444,-0.7270467593289828,-0.06968552837899794,-0.09983125092264393
20352,Ernie Clement,TOR,3B,552.921,0.5472428339242691,0.11024670417384327,0.9322395427710148,0.6073013162061565,0.4151457737267998,0.8692615188022539,0.34926214786554655
20391,Luis García Jr.,WSN,2B,504.754,0.6344443033528894,0.3329802496831229,0.7261258753386921,0.693697878310495,1.0405773738000164,0.27239623731027274,0.7408882056747371
20437,Royce Lewis,MIN,3B,503.058,0.3108381036005913,0.6014612349365109,0.557868325070857,0.7247726200743568,0.06000253067005581,-0.4011741075984935,0.3220980184502602
20454,Jazz Chisholm Jr.,NYY,2B/OF,591.907,1.597439434021215,1.726759526815871,1.4870516635946294,1.4121595471351776,3.0722542486956663,0.4885168888858954,1.3978947290000503
20503,William Contreras,MIL,C,608.264,0.979338753243538,0.7763198991295792,1.3195035217950903,1.1912827497021687,-0.04173138196591872,1.6770888174927236,0.9535689133075852
20505,Drew Waters,KCR,OF,55.9208,-0.9869971535787091,-1.111358691679383,-1.3794884908490639,-1.358827881613658,-0.6513283322590807,-0.5976155521016416,-0.8233639729694266
20529,Nolan Jones,CLE,OF,128.457,-0.9928180227570245,-0.9924098407376812,-1.123750494771585,-1.145215176897266,-0.5712047195824572,-0.9063458126064942,-1.2179820919466624
20536,Vidal Bruján,NYM,2B/OF,32.5718,-1.1331227030931021,-1.1606591636725339,-1.4785920041500888,-1.4401405382886876,-0.753037223956254,-0.8850409502206215,-1.0812663382704268
20538,Jose Miranda,SDP,1B/3B,75.9262,-0.7193325817132324,-1.0169902051332058,-1.3128235706231597,-1.2154955931056088,-0.8200982708332971,-0.031595233266918835,0.08100738268279568
20572,Kody Clemens,MIN,1B,278.397,-0.07863002352988469,0.28901202518542424,-0.3693315508425282,-0.1033560378660542,-0.5542733569134665,-0.4879795510003253,0.7541483302576419
20599,Iván Herrera,STL,C/DH,547.157,0.9898246428674861,0.7096787965536873,1.0904041266538789,1.0220602213757641,0.10276925875100025,1.7132063056673756,1.3008291482032108
21009,Leo Rivas,SEA,2B/SS,147.82,-0.32447111742150897,-0.8982355028217046,-0.9013117068997106,-1.0304402067371483,0.013248141257977079,0.977209190817225,-0.10729662014569209
21454,Lars Nootbaar,STL,OF,532.5,0.18485115630343293,0.10090701850943404,0.7015830322355134,0.3240601922516289,-0.03415031684416209,0.3675255148753813,-0.350818503207198
21479,Nico Hoerner,CHC,2B/SS,601.77,1.0527892394800034,-0.16371380381884973,1.3124330952918504,0.556373984820285,2.6479790839712063,1.6899549150737,0.27370816154182903
21496,Brandon Lockridge,MIL,OF,65.4109,-1.0378346605246476,-1.1236880276847685,-1.3443944487318689,-1.3522632155295995,-0.3870736921649979,-0.7555783334336069,-1.2640102456030438
21501,Trevor Larnach,MIN,DH/OF,437.964,0.40990990130725463,0.4393113356392598,0.37100604679405585,0.4679135049423869,-0.4595352498020791,0.9007976989439332,0.7399660713259711
21523,Jonathan India,KCR,2B,516.432,-0.06608080371323928,-0.16426157793313068,0.5255627228480557,0.1109884159124897,-0.25328809650881823,0.16547742333628307,-0.7809637099343153
21524,Joey Bart,PIT,C,338.087,-0.014793405859145542,-0.1791687209733383,-0.212604509623549,-0.07941991727442531,-0.7018716073202695,0.7581931500450139,0.32611116999169515
21534,Cal Raleigh,SEA,C,630.678,2.3697157630394083,4.604826014676469,1.9496874435449383,2.7607035136784273,0.29601627772958067,1.5725217953342743,3.0345395332727576
21538,Nick Fortes,TBR,C,308.024,-0.8192285422054315,-0.6530614261374478,-0.5436734863991546,-0.5498042437076249,-0.6367873949732661,-1.2140834343941282,-1.317961267620968
21558,Matt Vierling,DET,OF,255.344,-0.38143788329206374,-0.6336097686809902,-0.5259660314616066,-0.6163886868635339,-0.4649552061527678,0.19210610929466695,-0.2398137158881507
21562,Romy Gonzalez,BOS,1B/2B,353.985,0.6098654396507083,0.10680702336435202,0.1834213405842671,0.23935615006159447,0.29465625195277617,1.2338620072826545,1.6010898646586054
21614,Kyle Isbel,KCR,OF,454.048,-0.12631053139526502,-0.2602850873353569,0.26993718674525685,0.011044618466674969,0.11007322288248786,-0.32369867697661003,-0.5649344521540429
21618,Alec Bohm,PHI,3B,567.614,0.5174095620143058,0.4970725974093946,0.760131867854344,1.0870421051421681,-0.47914414218492857,0.5663268588231579,0.6730280850416985
21622,Jake McCarthy,COL,OF,350.446,-0.37837521235638016,-0.603282627359474,-0.1941916081531009,-0.4353873658049802,0.502440787452205,-0.620922814896171,-0.9189076453767602
21636,Jeremy Peña,HOU,SS,634.43,1.1453965442405023,0.5357564114239335,1.4998925627188358,1.0901674867869726,1.8414313705624166,1.1140301608495538,0.7911012731013023
21646,Rafael Marchán,PHI,C,153.802,-0.8914181123904118,-0.8587217095473374,-1.058054287120877,-0.9788786636986223,-0.7700181423077486,-0.8456861169454856,-0.8371497547223996
21693,Miguel Amaya,CHC,C,285.533,0.04060765050708851,-0.024518823512124005,-0.42299235169685795,-0.07570335957656874,-0.7692659398300604,0.5949403861695365,0.9411859914886057
21707,Oswaldo Cabrera,NYY,3B/OF,206.25,-0.5680396466608384,-0.7395341618202695,-0.7411673573488534,-0.8108442763486334,-0.4976929851646982,-0.1669048620282768,-0.45209423725429876
21711,Oneil Cruz,PIT,SS/OF,524.634,0.7527028991349279,0.5913180287552688,0.8023958605695345,0.6234765675403227,2.7072911873417502,-0.3393483985024045,0.13108414910509555
21716,Enmanuel Valdez,PIT,2B,52.7121,-0.9325768270719635,-1.062986532822786,-1.3943717507840947,-1.3310558934624621,-0.7840192474794926,-0.7503019571815768,-0.2727255807013695
21797,Andrés Chaparro,WSN,1B/DH,283.722,-0.35194346015490874,-0.25395612926735817,-0.4844883407909053,-0.32190479291244944,-0.6531168046066065,-0.3928819338981389,-0.005312759453993886
21837,Jonathan Aranda,TBR,1B,569.876,1.0611320134335338,1.146132684833053,1.0806653269833613,1.3662072853494704,-0.6278859290987849,1.8680508486614,1.5336218638727044
21840,Freddy Fermin,SDP,C,451.848,-0.3725260103524069,-0.44780669595525024,-0.04005277647098611,0.01537731901685379,-0.6811818034261096,-0.24049973965135918,-0.8409923656275904
21853,Will Benson,CIN,OF,240.706,-0.30561468723639545,-0.2794225687608904,-0.522499253033715,-0.5131181011043052,-0.17754063641903678,-0.4988622649372302,0.15775470083680465
21865,Bo Naylor,CLE,C,449.265,-0.09947811797904509,0.33575924933877144,0.2162373506016729,0.29358276214806506,-0.3595083243066275,-0.747545482026384,-0.3353942636297685
21871,Jerar Encarnacion,SFG,OF,142.067,-0.40856903011022144,-0.6392631807468189,-0.9691581090841533,-0.8775086071202068,-0.6090260352135224,-0.061798375474627486,0.7053401269780001
21897,Christopher Morel,MIA,DH/OF,314.382,-0.3343112938646186,-0.13227031311556262,-0.3080364048976354,-0.2632296759348226,-0.31315878824822696,-0.7190264461867367,-0.27014613480472743
22054,Dane Myers,CIN,OF,234.59,-0.37734699012362743,-0.7006435951677961,-0.5960224178549535,-0.7041214782294549,0.39628950251836037,-0.2118083357030607,-0.44777561630485957
22184,Mark Vientos,NYM,3B/DH,439.131,0.32685761593451385,0.8595095692266801,0.2376275239990528,0.7128511355942889,-0.6822467923771722,-0.08034001272318206,0.9137442718874159
22186,Brice Turang,MIL,2B,635.37,1.2721108041415825,0.5345697005135163,1.5464567495163082,1.0540200409598572,2.7906421430281685,1.080072865458465,0.6269033253731785
22197,MJ Melendez,NA,OF,142.014,-0.6645766023764295,-0.766445872217038,-1.0147849376864806,-0.9821686310904997,-0.6787525334459439,-0.40627613026650916,-0.1390315095521053
22217,Luis Campusano,SDP,C,280.512,-0.08893666699879482,-0.22414042389649635,-0.44712206006960814,-0.21302072893900986,-0.7447135233674724,0.43681664909312207,0.6585600851866958
22239,Jeremiah Jackson,BAL,3B/OF,212.553,-0.15506057658675168,-0.5284501058599049,-0.6634896258242069,-0.5983581248768475,-0.6717779936587741,0.7813132895731851,0.7503991011260381
22244,Jack Suwinski,PIT,OF,176.274,-0.9536825929437076,-0.7483254668401942,-0.9095328522051016,-0.9706068416350259,-0.2538103397745748,-1.601966732023655,-1.2378533251836936
22263,Nolan Gorman,STL,2B,503.681,0.22737247907193625,0.8728531829384361,0.5762421091542191,0.6357037790981204,-0.25062788528636887,-0.5835202529889751,0.11358394151618621
22266,Xavier Edwards,MIA,2B/SS,577.969,0.7309513998499114,-0.5291075127175349,0.9980823584394026,0.1454013294684549,2.68620955403231,1.4991870256649171,-0.4140643557880811
22275,Jake Burger,TEX,1B/3B,536.533,0.418584450891826,1.2047563081127612,0.5853510828633908,1.177921842458422,-0.7083360755917776,-0.3235847673063155,0.5753983148144752
22277,Nick Allen,HOU,SS,154.097,-1.2660623508492925,-1.0635470220842682,-1.094273308646095,-1.1708722966019436,-0.5261693261407477,-1.6966853121611585,-2.044826839461543
22458,Taylor Walls,TBR,SS,326.36,-0.29951255649687397,-0.5663367081415692,-0.21998622993715206,-0.5506100740283232,1.3451004708126943,-0.6890793248454055,-1.1161634728414882
22514,Triston Casas,BOS,1B,204.346,-0.4694440377912074,-0.4664549220150129,-0.795267510208015,-0.662744437714512,-0.7969959893127944,-0.11461274215955806,0.019411374662647717
22515,Heliot Ramos,SFG,OF,612.78,0.6994610801275326,0.8247364899501057,1.1449076259742061,1.1068697595600836,-0.012340900408488413,0.49862915681948006,0.6339643488698081
22532,Tyler Freeman,COL,OF,322.959,-0.11464268067797317,-0.6312454392072849,-0.17435683189866494,-0.5034301987848386,0.6459623623884146,0.4586641361520636,-0.4834501127175288
22542,Lawrence Butler,ATH,OF,557.838,0.8485029068032571,0.8885706069038106,1.08892993815626,0.8814200256053718,1.64510739181854,-0.021852222499100647,0.6088417008346616
22558,Jarred Kelenic,CHW,OF,103.423,-0.6924301744029373,-0.8463157959027795,-1.149406069077612,-1.1050103128471351,-0.5425520697156138,-0.6090178786489006,0.09772107977441714
22563,Gabriel Arias,CLE,SS,433.166,-0.13608403801302624,-0.026822793597828527,0.17597729385572008,0.10659180606911058,0.11488056855887814,-0.8377263849342086,-0.34940471802982903
22581,Alejandro Kirk,TOR,C,485.742,0.21405894844129184,0.15652686679156533,0.21470482606043945,0.6370969895055008,-0.7669538386512634,0.7042791104571393,0.3386997364843697
22664,Gabriel Moreno,ARI,C,440.465,0.4049496602681573,0.03525507586407434,0.332032871480856,0.4376534203429087,-0.3717091362026927,1.2451149684329068,0.7513507616908911
22715,Maikel Garcia,KCR,3B,642.29,0.9598506797880256,0.2621300556518838,1.4045943880307057,0.9349874538924012,2.049529091266233,0.8423111752611203,0.26555191462581007
22799,Geraldo Perdomo,ARI,SS,656.81,1.6545946471363848,0.962747702908229,1.9976296467222163,1.3597860145667326,2.061152540366765,2.219289135957543,1.3269628422968227
22823,Oswald Peraza,LAA,3B,250.37,-1.004617292475163,-0.7895646379988235,-0.7036032988414221,-0.8230159486118981,-0.08349542195221152,-1.9250684156654425,-1.7029560317811807
22857,Wenceel Pérez,DET,OF,460.05,0.3235950204945785,0.16843872353924363,0.5002088577048667,0.30456228885011116,0.3778691485719203,0.29280421474415735,0.29768688955717204
22896,Lenyn Sosa,CHW,2B,412.449,0.10327138372937887,0.2940520246550147,0.10262656420911162,0.41818640836615156,-0.5373689273915979,-0.30946576142889365,0.6515979939664868
23003,Yainer Diaz,HOU,C/DH,529.09,0.30623668230342965,0.4941719818816166,0.4967511835652217,0.9075370109668514,-0.6747780411123724,0.061706018832004446,0.5520319396872563
23359,Nelson Velázquez,STL,DH/OF,23.4951,-0.7679848352994005,-1.1014900974030735,-1.5023519782537418,-1.4236921158422176,-0.819469183555945,-0.3709948498038038,0.6100892130623783
23372,Hunter Feduccia,TBR,C,256.006,-1.36711944002037,-0.9081321170959104,-0.8553093344012007,-0.9151409461578734,-0.6518887227751803,-2.4041867826219243,-2.46805873707013
23395,Eric Wagaman,MIN,1B,125.336,-0.6788160308180352,-0.9332807630706282,-1.10641802195037,-1.0644841639640343,-0.7369475215309611,0.06858009939017257,-0.3003458137823903
23401,José Caballero,NYY,2B/SS,345.655,0.555098009982539,-0.5080074784801815,0.04567524986802031,-0.4041605087409084,4.311884017266084,0.3245727956031249,-0.4393760156209053
23565,Davis Schneider,TOR,2B/OF,324.729,0.06567945207696775,0.03544031223189912,-0.08438443814129501,-0.18952981489049198,-0.343675616533283,0.536341724691743,0.4398845451032343
23690,Brayan Rocchio,CLE,SS,471.452,-0.04062464560178753,-0.14527611287080858,0.3542214961478719,0.1075332181560179,0.4257905049120044,-0.4368451696018329,-0.549171810353978
23691,José Tena,WSN,3B,239.801,-0.4231872082196253,-0.7692108769781019,-0.6049739282455394,-0.7108529100952848,-0.2132877035554304,0.15858469310483722,-0.39938252354823234
23697,Julio Rodríguez,SEA,OF,659.737,1.438408431064272,1.3590911710324307,1.7155675109337394,1.4962779863409403,2.1999522814224477,0.698118774722509,1.1614428619335646
23698,Ronny Mauricio,NYM,2B/3B,145.599,-0.6611258253332957,-0.8927309035098147,-0.9942284795524942,-1.0336382098940422,-0.34602503352446085,-0.24201176990032564,-0.45812055561863646
23733,Ezequiel Duran,TEX,3B,282.177,-0.6993493456981077,-0.7845688851512418,-0.5435542612415111,-0.6770873595930053,-0.1396769631550771,-0.906628191955038,-1.1445804130927728
23772,Wilyer Abreu,BOS,OF,506.983,0.879991700004522,1.2471862089051613,0.8774854492296807,1.0333158204551616,0.14842336484379481,0.6242520322870202,1.349287324306314
23782,Leo Jiménez,TOR,2B/SS,116.096,-0.7025793483163928,-0.9438470876816899,-1.1377605230862655,-1.1156467216700423,-0.7401518944495097,0.0019273598778526497,-0.2799972228887023
23789,Blaze Alexander,BAL,3B,353.89,-0.09903842936391445,-0.287154288838351,-0.07227671735575557,-0.18206404989382574,-0.23945252100132675,0.26559065712477864,-0.07887365621900626
23792,Alek Thomas,ARI,OF,437.146,-0.10520743964902494,-0.13732964090907723,0.21949969983131978,0.05534420432534859,0.2775050038336659,-0.679123051057291,-0.36714085391811563
23800,Parker Meadows,DET,OF,467.729,0.1331972974356831,-0.05257178720575997,0.4516136394094576,0.10663635750013571,0.7183743059509121,-0.08953375336302473,-0.33533497767762227
23986,Curtis Mead,CHW,2B/3B,98.3279,-0.9217387948609748,-1.0717399051202106,-1.232596026841292,-1.243571076519907,-0.6479163151588011,-0.3137173398664431,-1.020892105659195
24064,Ezequiel Tovar,COL,SS,629.418,0.6298067150036465,0.7161030784659099,1.2069950325584313,1.0965460901655002,0.23049037138282444,0.03332144148731116,0.49538427596190193
24257,Jhonkensy Noel,BAL,OF,29.9987,-1.0874813209815037,-1.0783880430683503,-1.4867367962666098,-1.4042830892905227,-0.8278557217217496,-1.6969851621004142,-0.03063911344137662
24262,Ceddanne Rafaela,BOS,OF,549.458,0.7139683354465797,0.5320112488301476,0.9742803916506806,0.7791325062499289,1.4367493160725664,0.058597169905927976,0.503039379970227
24336,Johan Rojas,PHI,OF,104.464,-0.7097055822694217,-1.0333093429155928,-1.1532962247244425,-1.2017640002436625,-0.09061381411972574,-0.20178523356699518,-0.5774648780461115
24488,Max Schuemann,ATH,SS,107.61,-1.0550273884045394,-1.0635153298919722,-1.1912835723308501,-1.2489562686189202,-0.4752700640549075,-0.8210181068514445,-1.5301209886791425
24589,Richie Palacios,TBR,OF,172.982,-0.39237120782092466,-0.8192757585396925,-0.8148194935878424,-0.9328139566820395,0.13382539254272757,0.31465055197224284,-0.2357939826309438
24598,Addison Barger,TOR,3B/OF,457.567,0.3014205133295433,0.8299349000017231,0.40250638005354783,0.6792348830901958,-0.3517939837621119,-0.40203956793941253,0.6506804685333176
24605,Michael Helman,TEX,OF,149.508,-0.25539298545670663,-0.5128977998726183,-0.8782202550857712,-0.8144948918299535,-0.31955958233865644,0.09679788510115915,0.8960167312856007
24610,Steven Kwan,CLE,OF,647.684,0.6776388965027643,-0.12143014165496731,1.3712018359413143,0.5465456175448965,1.1268689172723076,1.3338762912520064,-0.19122914133897218
24617,Jarren Duran,BOS,OF,602.534,1.3654290636377358,0.7682967562892116,1.5156894186418028,1.1395980328703463,2.144237237569363,1.3924795763274278,1.2322733601282632
24618,Ryan Jeffers,MIN,C,504.215,0.47628584115754585,0.5699738753519652,0.5828635227420977,0.749765478411444,-0.5400013027222599,0.8782176589325462,0.6168958142294815
24641,Willie MacIver,TEX,C,24.9079,-1.2904042691312396,-1.1665750161796595,-1.5191046200566296,-1.4547215596986331,-0.8170625860920238,-1.532988679994254,-1.2519731527662374
24679,Brendan Donovan,SEA,2B/OF,548.189,0.49239991597946614,0.03808521168005507,0.8318692947761592,0.5377354545929482,-0.3212505484044363,1.4699803172796926,0.3979797659523782
24703,Jonah Bride,TEX,1B/3B,28.532,-1.2792384480843257,-1.175676114870548,-1.513092790328217,-1.4541291424053198,-0.8430593771680983,-1.0565237173362185,-1.632949546397553
24729,Logan O'Hoppe,LAA,C,447.752,-0.09358571662091518,0.3473449349019391,0.13442728521417271,0.38385787398269844,-0.6375189631513736,-0.7020399917478619,-0.08758543892506579
24759,Mickey Gasper,BOS,C/DH,38.0105,-1.5082972311457226,-1.156214937932365,-1.482255218198543,-1.432627745962087,-0.8046606211093958,-2.1643709735608687,-2.009653890111075
24770,James Outman,MIN,OF,218.871,-1.1932045104927684,-0.675955127208658,-0.8311155956919811,-0.8656048766784449,-0.5058545118572678,-2.5293603866644983,-1.7513365648557604
24816,Andy Pages,LAD,OF,579.604,0.9264209936437816,1.0764836821042834,1.1929168796035148,1.1775787838692884,0.3501655818552147,0.6307954906365059,1.1305855437938819
24878,Heriberto Hernández,MIA,DH/OF,343.934,0.3223106546637078,0.19745566484831079,-0.0429115137926768,0.1549151069193162,-0.5855659856467541,1.0596601751508818,1.1503104805031688
24934,David Fry,CLE,DH,225.525,-0.5834897418020583,-0.38241007754758116,-0.7147978815354294,-0.5712776514055452,-0.6359582036360028,-0.9933205976259198,-0.2031740390618715
25180,Daniel Schneemann,CLE,2B/OF,213.979,-0.6355111910856682,-0.6509181787530189,-0.725503007806235,-0.7771718912827563,-0.3846539824375454,-0.715445614623441,-0.559374471611013
25477,Isaac Collins,KCR,OF,397.236,0.43817545899403854,-0.09082000480053916,0.31900833613984403,0.05104552829191153,0.8274606100926296,1.0237320596924986,0.49862622454788674
25479,Brenton Doyle,COL,OF,568.541,0.6756592870388699,0.6876484788631598,0.9775608454592277,0.8405953024556296,1.7281486624678681,-0.4011122992732366,0.22111473226057088
25483,Nick Sogard,BOS,2B,124.258,-0.6496322824302487,-0.9731546364820447,-1.0816916408258126,-1.1160356812976384,-0.5610187996558925,0.25015175607645934,-0.41604469239656405
25493,Joey Ortiz,MIL,3B/SS,535.651,0.17714692915247018,-0.011314677894877074,0.6494298900615517,0.35500306922835667,0.688565900183294,-0.16303792281108687,-0.4557646838524177
25543,Korey Lee,CHW,C,105.571,-0.9609419763846877,-0.9364223588877312,-1.2053510118846233,-1.1334205033509628,-0.7111442048018741,-1.1415828746879384,-0.6377309046949957
25621,Bryan Ramos,STL,3B,31.0271,-1.115312930295291,-1.1324068824012699,-1.4893512497155108,-1.418980479288478,-0.8234925497067761,-1.2289198848124565,-0.5987265358472565
25629,Cody Freeman,TEX,2B,190.133,-0.6712574276476685,-0.6867530673827018,-0.8410628412532543,-0.8068786309857864,-0.555166772871825,-0.7991564104229388,-0.3385268429695045
25690,Grant McCray,SFG,OF,57.5054,-1.011507876889558,-1.0491093016779904,-1.3669784328543797,-1.3221728336598324,-0.617983738516715,-1.2701024935505172,-0.44270046107791394
25764,Bobby Witt Jr.,KCR,SS,663.196,2.1257892082597083,1.6850114164761798,2.1053080558346986,1.9327959725767607,3.1025266168045302,1.7436520262958237,2.1854411615702563
25768,CJ Abrams,WSN,SS,604.984,1.1981448377758268,0.7226012054836698,1.4356897745827895,0.9577579982258327,2.8720087058912758,0.5595805836434311,0.6412307588279624
25782,Pedro Pagés,STL,C,328.302,-0.3587851483114968,-0.21770461677420885,-0.3685309077132704,-0.13490229488357408,-0.6987772598961363,-0.5897599093997272,-0.14303590120206425
25807,Jared Triolo,PIT,3B,513.808,-0.03633350246321315,-0.3065549609496189,0.48971717431662415,0.07543807652849649,0.5566885323291071,-0.12309266873355627,-0.9101971682703315
25816,Shea Langeliers,ATH,C,528.42,1.0830670609298285,1.9786729343036467,0.9354297725768541,1.5286374091397241,-0.23094845071194195,0.5637979354682743,1.7228127648024139
25845,Michael Toglia,CIN,1B,71.2348,-0.9520473499177088,-0.9551098749009153,-1.3150025684678277,-1.2435000494630208,-0.7498910870418452,-1.098530171171888,-0.35025034846075664
25878,Corbin Carroll,ARI,OF,650.436,1.8005169159505208,1.6009947012817263,2.073103511207068,1.3870376925604362,2.9682536237406825,1.3980413662443825,1.3756706006688288
25931,Michael Harris II,ATL,OF,567.237,0.5045421698090918,0.445752735921263,0.8831815947294145,0.7731578841724936,0.8710109520710386,-0.2577477157810901,0.31189756774143174
25961,Kerry Carpenter,DET,DH/OF,480.54,0.8903846169190027,1.414027239687717,0.6511070684805416,1.1635061805301141,-0.5441702971064367,0.9193347893529299,1.7385027205691506
25976,Riley Greene,DET,OF,629.487,1.4390900006088474,1.9997319141627006,1.5665274163064935,1.8347173346722647,-0.18963978559338573,1.4465269786040211,1.9766761455009896
26031,Vaughn Grissom,LAA,2B,318.466,-0.4347540348247198,-0.608397826624678,-0.30427177005280215,-0.5345253459804515,0.1815010804978307,-0.5208945244056946,-0.8219358223825229
26121,Francisco Alvarez,NYM,C,437.953,0.35799180187750895,0.7586306154900383,0.2953472980389788,0.6386951246110139,-0.6342229860049544,0.26436308147792376,0.8251376776520535
26123,Brett Baty,NYM,3B,446.451,0.2624677341420505,0.2952059343805389,0.3973886171866956,0.3903348449648595,-0.2109103165861731,0.28919704227575416,0.413590282630628
26143,Troy Johnston,COL,1B/OF,243.813,-0.10321563470277655,-0.47500929756509674,-0.5337897373556191,-0.4832102103069337,-0.4446446004531909,0.7962004060991933,0.5211596313649882
26151,Kyle Stowers,MIA,OF,582.516,1.1592006679420914,1.7591160982776817,1.224281863167587,1.5665306252990236,-0.12939021192036634,0.8865769291062694,1.6480887037223537
26197,Andrew Vaughn,MIL,1B/OF,533.603,0.259752353749428,0.5559642260819696,0.428840690840981,0.9058313773393215,-0.7010129246445421,0.03286517129618225,0.3360255815826558
26202,Jake Mangum,PIT,OF,347.956,0.09355549082722203,-0.725184849721367,-0.11099997812523697,-0.42791203371472947,1.6829322960537216,0.6058614205408408,-0.46336391006989675
26208,Tyler Fitzgerald,SFG,2B/SS,89.9022,-0.7719067611974598,-1.0168869660298394,-1.2160175778386986,-1.2248243850700091,-0.4628863325460798,-0.27820080338687553,-0.43262450231325644
26224,Darell Hernaiz,ATH,3B/SS,194.346,-0.9046361473496723,-0.9094482172212716,-0.9050851804720872,-0.9428735355069457,-0.5348950301896606,-0.8956886285102141,-1.2398262921978553
26284,John Rave,KCR,OF,141.963,-0.8758630978394213,-0.9149486590265474,-1.028118071439197,-1.086882446030658,-0.22903778283043563,-0.9750942024631686,-1.0210974252465206
26288,Adley Rutschman,BAL,C/DH,568.004,0.08349423010687716,0.2284295581267711,0.6052296150966232,0.5768725003623131,-0.6693205730722079,0.15868098297196523,-0.39892670284420173
26289,Gunnar Henderson,BAL,SS,658.346,1.57921055220429,1.2619961163913855,1.9284268684697246,1.3804619553260007,2.2739523960915102,1.3886372364207535,1.2417887405263657
26294,Bryson Stott,PHI,2B,574.5,0.7832514466985816,0.2064285177621498,1.0541069381659771,0.6436705946295115,2.2857701323207205,0.4047407259837358,0.10479177132939456
26299,Josh Jung,TEX,3B,519.269,0.28900294800447857,0.4834116996874549,0.5987674459541322,0.7497623071862094,-0.2671708258929421,-0.18839840820622822,0.35764546929824514
26319,Michael Busch,CHC,1B,579.488,1.1578459993487458,1.773510741390035,1.209823568670306,1.5594741771061689,-0.468860070006969,1.3161245951358471,1.5570029837970871
26323,Spencer Steer,CIN,1B/OF,426.74,0.4272476572280988,0.4636350798603414,0.3338598382833192,0.4642296958795524,0.21993977504176795,0.4026492684567648,0.6791722858468474
26365,Jonny DeLuca,TBR,OF,265.944,-0.5317345048177561,-0.6896273703577305,-0.5280109068016451,-0.6779547249095389,0.4129368221687358,-0.8423478099653152,-0.8654030390410428
26368,JJ Bleday,CIN,OF,323.655,0.0628579284015452,0.12800004111741628,-0.09984720656579779,-0.1333627241347015,-0.5035908326919253,0.45306773209515805,0.5328805605891214
26374,Kameron Misner,KCR,OF,59.3169,-0.9274807235524029,-1.0684034439964059,-1.3542348604619632,-1.3278717676175176,-0.6049799567993669,-0.6764497648576503,-0.5329445475815141
26396,Josh Smith,TEX,3B/SS,476.546,0.3324501727270731,-0.10273863403030187,0.5881980652025849,0.153969302456169,0.3631735818743255,1.0468249682956106,-0.05472624743594935
26420,Kyren Paris,LAA,2B/OF,56.4735,-0.9100446712370904,-1.0377745823824185,-1.354543544930553,-1.3278061658442777,-0.5392349428241918,-0.923667203507957,-0.2772415879331447
26438,Dominic Canzone,SEA,OF,409.69,0.3980290163616347,0.4905350937092661,0.3035410144191846,0.39995865293051736,-0.26971141636954427,0.4757087781532491,0.9881419753271351
26466,Matt Wallner,MIN,OF,479.808,0.531613806812413,1.0043379800022028,0.6444416688566371,0.6628932180991944,-0.26674759731246217,0.4552179516157012,0.6895396196132051
26467,Luis Matos,SFG,OF,152.425,-0.6056301599246079,-0.7551470805753652,-0.9621381117384012,-0.9205680454499228,-0.5645525013494945,-0.5022294241120515,0.070854203677587893
26477,Spencer Horwitz,PIT,1B,477.699,0.490499604181821,0.3420260580316614,0.48502352596375775,0.6092275178173604,-0.6930365724082453,1.4411242707762464,0.7586328249101448
26517,Noelvi Marte,CIN,3B/OF,527.086,0.5603881930141263,0.3747038918250764,0.800925656094772,0.6683077983451368,1.0153674651016311,0.08498215064364004,0.41804219607450166
26536,Warming Bernabel,WSN,1B,107.636,-0.6184238337061517,-0.8981112716332689,-1.163045658906028,-1.0885547151262287,-0.757861871368602,0.04070880018412885,0.15632171461308847
26540,Angel Martínez,CLE,OF,267.01,-0.43883396793687196,-0.5851743820999538,-0.4874710426241151,-0.59496334830159,-0.2151655664059584,-0.3657615639359116,-0.3844679042537024
26546,Agustín Ramírez,MIA,C/DH,499.99,0.44348470617341934,0.567057779658259,0.6729500735865329,0.6176888266220566,0.5700646232892018,-0.1192768826406402,0.3524238165251063
26548,Luisangel Acuña,CHW,2B,351.006,-0.14558013002743753,-0.7991229256627037,-0.1571213630401427,-0.633067128081878,2.3731433239072715,-0.2896206821836831,-1.367692005103489
26599,Jonatan Clase,TOR,OF,31.2522,-1.0902535290792843,-1.1593728974264683,-1.4830190312889027,-1.4387010625129677,-0.7456814398794078,-0.8022233048988916,-0.9125234384690674
26668,Elly De La Cruz,CIN,SS,638.698,1.6469721513812852,1.1501536206821619,1.81063399080394,1.2431402681586585,3.7631523009846126,0.9029723163646841,1.011780411293655
27462,Austin Martin,MIN,OF,333.926,0.04518974741009452,-0.732377634334291,-0.07912105590058047,-0.5490954906043017,0.9152216344433062,1.2055787281037618,-0.4890676972473275
27464,Dillon Dingler,DET,C,416.217,0.2275296386044567,0.0699923225255567,0.11014105737200341,0.36555900970067084,-0.696271844807272,0.8598933033901462,0.655863983445635
27465,Spencer Torkelson,DET,1B,615.785,0.865305174536871,1.599648972370721,1.200980700833099,1.4201900333444206,-0.5639235653573433,0.6925688424580134,0.8423660635723145
27467,Tyler Soderstrom,ATH,1B/OF,583.241,0.8100588372719972,1.3447172364534465,0.9846582395601196,1.4349257690856736,-0.1541189107486611,0.2999354480686151,0.9502352412127896
27475,Jordan Walker,STL,OF,497.176,0.042560725589913674,0.08270272483225627,0.44104690523982115,0.3113264063737822,0.35725404943650735,-0.6513883041483263,-0.28557742819455856
27478,Patrick Bailey,SFG,C,487.532,-0.19883727129737175,-0.05079430697113907,0.18553597548059395,0.352181008946294,-0.5609710451261437,-0.5987791940673157,-0.5201960660465199
27479,Masyn Winn,STL,SS,608.285,0.4851453123227272,0.31404005170235183,1.130700624754782,0.768795368461616,0.6268462067179671,0.05187644561560704,0.01861317668403881
27482,Robert Hassell III,WSN,OF,253.931,-0.6565652222423994,-0.70292361197695,-0.6076139863038945,-0.697391567466196,-0.1475346693911277,-0.9623471505187827,-0.8215803477974458
27490,Nick Gonzales,PIT,2B,421.339,-0.16283163841756834,-0.3044441166202409,0.0683469287529955,0.01768763951060176,-0.4738918407385573,-0.04425652055110547,-0.24043192085910361
27506,Ha-Seong Kim,ATL,SS,311.098,0.023633785028562063,-0.4605140617796581,-0.18700528957934984,-0.40975693297712273,1.0781972365194354,0.2664197906109791,-0.1455380326229114
27531,David Hamilton,BOS,2B/SS,143.138,-0.5158450246155447,-0.8628489189192159,-0.947951182825433,-1.0373328061740512,0.804417402708375,-0.5931705635419843,-0.45818407894095886
27534,Edouard Julien,COL,2B,354.853,-0.4509309632139731,-0.46703452104967086,-0.17655753459966592,-0.4236533468870838,-0.42326142298667097,-0.2903081810828825,-0.9247707726778649
27555,Garrett Mitchell,MIL,OF,353.346,0.4881473032069284,-0.009298405494904424,0.18925774845860865,-0.046954268602341795,0.986458014276821,0.9909826383833709,0.8184380922200163
27562,Austin Wells,NYY,C,455.779,0.31656630498362603,0.8438122645816878,0.33259033576618596,0.7354440218639637,-0.5079941878768407,-0.13202485237992423,0.6275702479466835
27577,Casey Schmitt,SFG,2B/3B,278.474,-0.2233539678695997,-0.1772922207116868,-0.4663285745376332,-0.2716057683581726,-0.6899128897488026,-0.16450384834624737,0.4295194944849441
27615,Alec Burleson,STL,DH/OF,582.682,0.81279629574452394,0.8462041002417517,0.9995034873807509,1.261925291605411,-0.06975630725021217,0.8199808328037531,1.0189203696856894
27630,Nick Loftin,KCR,2B/OF,132.31,-0.9320332626267694,-0.9336322007240514,-1.101023754168736,-1.1061550711008719,-0.6848239782236651,-0.8574824963549648,-0.9090820751883283
27647,Anthony Volpe,NYY,SS,454.823,0.22127525602790524,0.1944426616169623,0.42757408738414016,0.2568697334965053,0.980651069207705,-0.4978206012390026,-0.03406541429887853
27653,Christian Koss,SFG,2B,104.943,-0.5765654455567366,-0.9547703743224075,-1.1433526395643112,-1.1374779599455447,-0.6035356712126795,0.3252182587130476,0.0545257129914759
27676,Vinnie Pasquantino,KCR,1B/DH,629.939,1.1031037218958848,1.8728895475539868,1.0671084140933655,1.9921945254172817,-0.7033418145434613,0.908562319315142,1.4812093395389931
27684,Michael Massey,KCR,2B,317.527,-0.4735222402563535,-0.4192969944062265,-0.38306898871069694,-0.3314983360556025,-0.5411758144113479,-0.7639836576983748,-0.4021096502558719
27735,Brett Wisely,TBR,2B,48.5237,-1.137079368350908,-1.1157580638346603,-1.4259942171687359,-1.371829308662416,-0.7851230483764802,-1.2211970496612004,-0.9025745224019548
27769,Pete Crow-Armstrong,CHC,OF,619.082,1.4360326003033534,1.4658723904927835,1.4669883657089795,1.425775251997536,3.264039402332438,-0.01590676168561355,1.0094269529739968
27790,Evan Carter,TEX,OF,410.247,0.3352160699237691,0.08262892373352329,0.3487598995185901,0.07170649121962124,1.3267390615502963,0.014055086668995655,0.167406956851588
27815,Jordan Westburg,BAL,2B/3B,581.651,0.9741699117165225,1.2562627497586834,1.174420046061543,1.3220270500790992,-0.10900347374620399,0.8916801292896543,1.3096329688563586
27845,Matt Mervis,WSN,1B/DH,41.9675,-1.0584430878070863,-1.0561813052390736,-1.4516536025251454,-1.3593603926441715,-0.8335707780471415,-1.2308991617538931,-0.4189932866330918
27883,Thomas Saggese,STL,2B/SS,336.237,-0.3977224029409256,-0.6674636361812667,-0.28642912363723,-0.4453486988248764,-0.2451612913282151,-0.11366239967971484,-0.6282692679942503
27899,Colt Keith,DET,2B,477.202,0.29604131619169494,0.14307829382058362,0.5017282083571217,0.38902600732421083,-0.2856012868656027,0.6307583713572629,0.39725830315659333
27915,Alejandro Osuna,TEX,OF,102.597,-0.9735351832956742,-1.053999321068802,-1.210788319629088,-1.2347574002258044,-0.48669907895394654,-0.6973303392725655,-1.1576366406238396
27962,Adael Amador,COL,2B,169.853,-1.220370561648324,-0.9471429368091926,-1.043639108873277,-1.054183902268831,-0.6305825331461818,-1.9095799135301472,-1.737094975262314
28022,Edgar Quero,CHW,C/DH,432.131,-0.18696185595558953,-0.41696203889830186,-0.024722491465451284,-0.009676378761375046,-0.6957263815244644,0.39700354072316235,-0.37168738580710686
28080,Jasson Domínguez,NYY,OF,292.09,0.1934502183614549,-0.4082024778064751,-0.18602367137015455,-0.3957337346605195,1.0506687523238936,0.651800112452155,0.44819232922982993
28163,Junior Caminero,TBR,3B,635.478,1.4538602341333065,2.6497131187986325,1.5517617380850275,2.125721959407535,0.007907299742154022,0.4948723834937963,1.8931849052726923
28253,Javier Sanoja,MIA,3B/OF,239.421,-0.37235124390452917,-0.5877953839824157,-0.5726148298281267,-0.6058792967550655,-0.3343440090027669,-0.1417778479826924,0.008303904123891787
28312,Coby Mayo,BAL,1B,63.6433,-0.7936764191724451,-1.0119132472439973,-1.3424328642104013,-1.2777535880612334,-0.7850266063297691,-0.27280780553832634,-0.07212440365094303
28552,Yanquiel Fernández,NYY,DH/OF,63.5781,-0.9967442315403412,-1.063010014815518,-1.375201591361298,-1.300719987748317,-0.814247144621397,-0.8538386881798069,-0.5734479625157106
28806,Jackson Chourio,MIL,OF,632.677,1.5148017162078766,1.3488617796868279,1.6916329625672724,1.51554731444395,2.0844934981782823,0.8983622883151814,1.5499124540557456
28824,Samuel Basallo,BAL,C,421.263,-0.6070653484387974,0.2634738124630639,-0.21200825834365883,0.20930445151911534,-0.7304063508834887,-2.311165746276407,-0.8615899991114102
29490,Jackson Merrill,SDP,OF,611.214,1.1573517759020884,1.30665621786948,1.3485425930308004,1.529809148418089,0.3905463189688672,0.805741909592105,1.5628144675331892
29518,James Wood,WSN,OF,632.511,1.3729967376060863,1.4297634470559206,1.5910040442797493,1.4570929748800554,1.2876420154188544,1.127500541654404,1.3449774023475354
29524,Bryce Teodosio,LAA,OF,219.76,-0.8496987481232976,-0.876222476061357,-0.7697602363188732,-0.9206653081370422,0.28532869989567083,-1.3558462435539327,-1.4610269245642515
29554,Adrian Del Castillo,ARI,C/DH,258.042,-0.36789052036936915,-0.3856820065661541,-0.5852216520465895,-0.42778097132001947,-0.7149176255869237,-0.204618193820697,0.11087732712416887
29571,Tim Tawa,ARI,2B/OF,150.713,-0.7222996394558248,-0.8165365071446283,-0.9569349282746589,-1.0153577634474988,-0.2285985920204655,-0.7605566860188017,-0.5558133598288961
29575,Trey Sweeney,DET,SS,91.5348,-0.978355019824546,-0.9730642681259912,-1.243837220797715,-1.2030084762919697,-0.699621230559893,-1.1302994829987574,-0.6202994401729498
29576,Ben Rice,NYY,1B/DH,553.155,0.7101634954205109,1.5217601587193683,0.8649992081408306,1.2113669477974258,-0.5082606071097695,0.33392151996363856,0.837193745011572
29591,Colton Cowser,BAL,OF,519.922,0.5299583669707867,0.8951890976578087,0.8015818602339928,0.7045903095808713,0.7869285521042566,-0.35182780454493456,0.3432881867927251
29592,Connor Norby,MIA,3B,473.497,0.33051223714248007,0.2703806236415003,0.5674249818005316,0.41023951088357236,0.2618608589683545,0.1834946297779922,0.2896728177829298
29606,Justyn-Henry Malloy,TBR,DH/OF,201.425,-0.5537350607593653,-0.6428101229347627,-0.8144109958053111,-0.7562164057040538,-0.720492511518129,-0.07060239981544332,-0.3178779287784915
29617,Henry Davis,PIT,C/OF,273.892,-1.0131742155792687,-0.6483952161337522,-0.6528020055897841,-0.713209595082639,-0.5729289265111382,-1.8786850951003125,-1.6130244550579873
29622,Sal Frelick,MIL,OF,536.001,0.6232822908417394,-0.15769483656398225,0.9074323256935657,0.33061996559669693,1.3413655082680478,1.2158609973555812,0.10210978470052694
29630,Joey Loperfido,TOR,OF,67.5637,-0.42972765656858397,-1.0141894045076647,-1.2946571705051417,-1.2474902621962873,-0.7181100651132254,0.917665267498663,0.7784156954121526
29634,Will Wagner,SDP,2B/3B,116.268,-0.9409737782478519,-1.0538063147995214,-1.175472947783836,-1.2079950222851927,-0.6850300392028471,-0.26995019503432466,-1.2535881503813902
29646,Caleb Durbin,MIL,3B,558.933,0.6021039432159013,0.1752274927800912,0.9614077659689415,0.5890242142500439,1.2749719333864253,0.525744003925525,0.08624824898438102
29668,Marcelo Mayer,BOS,3B,474.865,0.02844871239251989,0.24235784457045637,0.36364280170237595,0.3884356289875946,-0.36992406763531044,-0.4092896371193569,-0.04453029615064039
29695,Matt McLain,CIN,2B,546.302,0.41570621904685784,0.2113514291140404,0.8857661775179887,0.4237585637783868,1.0274901119853823,0.11946492072771284,-0.17359388884236385
29704,Braxton Fulford,COL,C,204.328,-0.7740088153040613,-0.7226953298277966,-0.8561196296402483,-0.7775858127043418,-0.6888072103841493,-0.8703782899058331,-0.7284666193619984
29712,Colson Montgomery,CHW,SS,549.568,1.3644290535772352,2.937410364978645,1.1565519952855985,1.8102239330660885,-0.40112526790566805,0.4908929446981363,2.192620351340611
29715,Hunter Goodman,COL,C,569.038,0.9135172254195485,2.05965095276896,0.8710477934189081,1.7696975808420714,-0.6087352376805241,-0.01851743896589682,1.4079597021337722
29766,Zack Gelof,ATH,2B,147.76,-0.9155445614551095,-0.8471386243848399,-1.0063975344854483,-1.0415773338361314,-0.31917864107681015,-1.3787030645640423,-0.9002721703833853
29779,Max Muncy,ATH,2B/3B,376.989,-0.3056401969978358,0.08099277991951237,-0.15381801500865244,0.036543676742828865,-0.5456021896569003,-1.065491704373569,-0.18646572961023422
29782,Niko Kavadas,LAA,1B/DH,21.3275,-1.090117063194948,-1.160528734072781,-1.5274471062433261,-1.458747715455303,-0.8351057329775113,-0.8760508151563539,-0.682822275264413
29788,Brett Harris,ATH,3B,175.935,-1.055835428310667,-0.7865153821859844,-0.9650434462546471,-0.9672254128328676,-0.6827822319333751,-1.5923820682069834,-1.341064028450145
29794,Kyle Manzardo,CLE,1B/DH,550.042,0.47675822123234557,1.2038697735876434,0.6029894569488612,1.1680125302141802,-0.6492115490271891,-0.10382027892093824,0.638709394591516
29844,Liam Hicks,MIA,C/1B,231.121,-0.4212544375158289,-0.6699543791879928,-0.6763566172733187,-0.6628544245048569,-0.6659296198213054,0.34358624507148294,-0.19601782937898285
29858,Denzel Clarke,ATH,OF,367.697,-0.17849503517903964,-0.4350039213159283,-0.04941782161045835,-0.3113516812680474,0.7948226908904189,-0.46116182738026584,-0.6088576503899569
29931,Jacob Young,WSN,OF,325.211,-0.2865290879462277,-0.7786580891912703,-0.26017795802903504,-0.6183358838516605,0.9614732518471444,-0.00616473433751122,-1.0173111141150337
29993,Brady House,WSN,3B,488.107,-0.1986153032641227,-0.17570653749309195,0.2857736387965332,0.21127067143661446,0.17438296183564564,-0.9900381858324989,-0.6973743683279384
29995,Daylen Lile,WSN,OF,541.554,1.0718073879053147,0.5433093362318498,1.1465094522272508,0.8685167428544323,0.860851760554963,1.5866001387381103,1.4250568968252821
30011,Christian Encarnacion-Strand,CIN,1B,83.6983,-0.9565994905043147,-0.9110955879370404,-1.2916142566272222,-1.1674438287122975,-0.8066243386928189,-1.3588302299308546,-0.20398870112565473
30038,Carson Williams,TBR,SS,377.558,-0.4471737036603081,0.15405051609094658,-0.10693124106388989,-0.03516446258730302,0.03069531659801632,-2.1011998668731975,-0.6244924841264211
30116,Seiya Suzuki,CHC,DH/OF,607.283,1.188200441554865,1.5705224906319801,1.3179340270843503,1.6324025701309803,-0.06586964539687352,1.2039442759377728,1.47026893094098
31166,Heston Kjerstad,BAL,OF,35.5559,-0.9682080004068524,-1.1185350889628283,-1.4645241209358653,-1.402714754556001,-0.804887286992283,-0.6707803547434104,-0.34780639625072574
31347,Zach Neto,LAA,SS,642.542,1.514331659184699,1.4763317668776101,1.6995616097588258,1.4510467073740139,2.7383158330126394,0.6232144597969327,1.0975195782881713
31349,Victor Scott II,STL,OF,505.604,0.18253742834042383,-0.3282219713972123,0.4675508906953049,-0.040438378158661206,3.2753327673927024,-1.0828418137186935,-1.1961569247708974
31363,Graham Pauley,MIA,3B,345.5,-0.3259489465429853,-0.4380282403124455,-0.19304813883337416,-0.329095920865858,-0.31651212607659907,-0.15335879533726493,-0.5256504578323697
31370,Jakob Marsee,MIA,OF,571.341,1.4134256469347062,0.6141443589605549,1.3472880680177317,0.9719516401870472,2.8864353769817237,1.4377286733719972,1.2230057640891832
31382,Dalton Rushing,LAD,C,198.842,-0.7367393576499964,-0.5751777216826423,-0.8820831381619876,-0.6966500294551264,-0.7674853855276492,-1.1031004990934876,-0.3959393719790862
31394,Brooks Baldwin,CHW,OF,387.308,-0.12268641813656506,-0.09223658562276037,0.01731879343643521,-0.007289471896166228,0.13375025381575648,-0.6703710186512877,-0.11729047990136776
31396,Tyler Locklear,ARI,1B,210.264,-1.0029778610453757,-0.8316996134853412,-0.8448430504193151,-0.9068788413713055,-0.4617834941570331,-1.4491217109489223,-1.5235404558903374
31431,Jordan Beck,COL,OF,523.917,0.2586479417860641,0.03935502512952158,0.6251719428579564,0.3562086310107011,1.353976797802803,-0.4822031799402051,-0.3406215661443923
31500,Ryan Ritter,COL,2B/SS,210.128,-0.6027215378077797,-0.8339306599435824,-0.7525813913774076,-0.8472402136720943,-0.34081062982280613,-0.20923196312240663,-0.6325343689083809
31539,Drake Baldwin,ATL,C,516.952,0.9361315546070298,1.3575629585164042,0.708821917430897,1.3919420687911244,-0.6783702790104101,1.1105638764940888,1.726268785420074
31545,Drew Gilbert,SFG,OF,220.279,-0.6981219243954735,-0.5386453218006907,-0.7238892404730911,-0.6989704720519532,-0.42271249456512866,-1.2861737741678017,-0.5183402433141762
31562,Zach Dezenzo,HOU,1B/OF,82.097,-0.6353358838982898,-1.0017209722962976,-1.2589130295908126,-1.2171164683780475,-0.7119824455378266,0.3748558000669638,0.0028618123462819446
31564,Alan Roden,MIN,OF,188.098,-0.9488715848767603,-0.853622190495138,-0.9007971134337246,-0.9614851935146059,-0.49534155393821006,-1.2437784572354313,-1.2382050006434508
31580,Chase Meidroth,CHW,2B/SS,533.78,0.04434014005255926,-0.5882624464277972,0.5689574540934899,-0.11141886531404634,1.2133093518564508,0.2706118354964846,-1.087156489389226
31595,Brooks Lee,MIN,3B/SS,549.766,0.13614337691008668,0.47079370983212193,0.5453404937512307,0.816816360775166,-0.2532455242509979,-0.7273901119570371,-0.03545466668996368
31680,Cole Young,SEA,2B,375.821,-0.4926736893977872,-0.41167620106717817,-0.19944116756807023,-0.2828898323056251,-0.4823631346948012,-0.7179983535443842,-0.8616734472066643
31695,Dylan Beavers,BAL,OF,406.26,0.2943951367999208,0.06404504254626844,0.29522172764408183,0.0817328197293001,0.12925026418222768,0.7839268525489221,0.4121941141487245
31765,Nacho Alvarez Jr.,ATL,3B,89.9922,-0.9398100799214767,-1.0586470248354296,-1.2758723490292925,-1.241809768976151,-0.7829077376663168,-0.4232851698274686,-0.8563384291942023
31781,Jackson Holliday,BAL,2B,559.206,0.28846294727257005,0.2839996722934387,0.808914967656972,0.5024807614533069,0.9560951292308733,-0.5035414689423071,-0.3171713780568635
31792,Otto Kemp,PHI,1B/3B,206.846,-0.33894871582352937,-0.46333142251996756,-0.7139555341754399,-0.6090214825288566,-0.6744720887724082,0.06254417753363131,0.3645440555218648
31812,Roman Anthony,BOS,OF,602.296,1.2274929826521224,0.7129934188438404,1.5140775234077188,1.0334886310135032,0.5294342553443576,2.1520045985068497,1.4229594687964648
31837,Masataka Yoshida,BOS,DH/OF,217.055,-0.3617123097272006,-0.7037499036699628,-0.7409264367696506,-0.6368873691108133,-0.6765459819451539,0.46357512076444746,0.12426071236793
31855,Colby Thomas,ATH,OF,265.352,-0.14331573466808925,-0.0816565547155281,-0.3952139021114761,-0.32831920328459185,-0.21646400015145684,-0.39573800177765667,0.557497254032174
31912,Chandler Simpson,TBR,OF,454.059,0.6299335032667304,-0.7304943461440576,0.38759014296984334,-0.30033403340528503,4.347396237736762,0.834018500437884,-0.7585754819947637
33189,Nolan Schanuel,LAA,1B,600.293,0.5163548863476005,0.11168431027158092,1.0398033182398123,0.6139444600998821,-0.0797778971855437,1.4154494846035337,-0.002974357943662758
33197,Ben Williamson,TBR,3B,228.421,-0.6178139796384104,-0.8796785607327376,-0.6986709605797372,-0.8395208949613279,-0.3473618745239223,-0.05108870315413309,-0.8905628838786042
33252,Kyle Karros,COL,3B,228.874,-0.7668703051447224,-0.8633773497325609,-0.754373027376918,-0.8523880514866147,-0.6092150601627386,-0.36597880823288925,-1.1558895338766138
33266,Jacob Wilson,ATH,SS,578.318,0.5983555437317306,0.1910630636130715,0.9833114363298789,0.7928654031580727,-0.06322688008352645,1.0832343904308337,0.6028858489420532
33321,Luke Keaschall,MIN,2B,539.443,1.37941603685487,0.33675702590189366,1.1922847446656137,0.7387977376462376,3.0364665860537245,1.7965622171400568,1.1756279097216926
33322,Matt Shaw,CHC,3B,259.637,-0.19217011964178124,-0.43080494365910604,-0.4082403791864727,-0.5101410428116746,0.24302332451172312,-0.09735608182832602,0.050498405123169
33333,Wyatt Langford,TEX,OF,617.139,1.1605576626569822,1.0331060282369866,1.4527913217589175,1.1341827285734454,1.8527199073026228,0.693298547077318,0.7972474429926032
33541,Dylan Crews,WSN,OF,554.035,0.6231464072087997,0.22620171474163933,0.88949280105053,0.40298348063739875,3.133776396979168,-0.510434515543589,-0.4031414346123486
33549,Kyle Teel,CHW,C,462.645,0.4986167873913406,0.2040510809179409,0.5046141310844764,0.48082426400814676,-0.32566290947889404,1.3536313191580502,0.7742428386583233
33644,Kristian Campbell,BOS,2B,168.178,-0.6823662120742492,-0.8308215015511072,-0.9306702693204357,-0.9527055366707021,-0.627289537037913,-0.22670662810107095,-0.5260037997642664
33704,C.J. Kayfus,CLE,1B/OF,397.391,0.14444527921319225,0.20107294779465298,0.14233808023565014,0.19251872515175567,0.270251143783485,-0.2052370902294507,0.26572786854306024
33824,Jung Hoo Lee,SFG,OF,564.028,0.2852761396852851,-0.18806562487904652,0.8043280323844816,0.3625336239924308,0.37400136887840074,0.6260515250840681,-0.26719208734862415
34979,Christian Moore,LAA,2B,440.886,-0.0792767928466697,0.18796553866549076,0.2441819158213753,0.15146449352202818,0.07127297533198251,-0.8007684411115864,-0.3297772393093086
35041,Jac Caglianone,KCR,OF,501.533,-0.5867419286973649,0.08841398103075215,0.1572982103015397,0.138684448842018,-0.29270424677176393,-2.2728646710838363,-1.3392792945028986
35108,Cam Smith,HOU,OF,405.497,-0.03967917596310878,-0.22481429430216077,0.12519119854592203,-0.04597846452715188,0.09455898481799703,-0.03366328565371158,-0.1533691946595475
35110,Nick Kurtz,ATH,1B,579.594,2.064614784995596,3.134915213414985,1.717848462468326,2.126312254394527,-0.40672754415612117,2.5275818237942547,3.287758500057605
35322,Hyeseong Kim,LAD,2B,150.781,-0.32805197085764504,-0.884321820251893,-0.9013414746511368,-0.9889890087442715,0.24727328716883323,0.5106511671360106,0.04841602419658742
