playerid,PlayerName,Season,metric,observed,fitted_mean,fitted_p05,fitted_p95,type
29911,Andrew Abbott,2023,WHIP,1.3170731707317076,1.2880868902439027,1.0975609756097562,1.4908536585365857,fit
29911,Andrew Abbott,2024,WHIP,1.2971014492753623,1.2150157004830917,1.0579710144927537,1.3840579710144927,fit
29911,Andrew Abbott,2025,WHIP,1.1482965931863727,1.1874008016032063,1.034068136272545,1.3406813627254508,fit
29914,Andrew Alvarez,2025,WHIP,1.1142857142857143,1.2429285714285714,0.8571428571428572,1.6714285714285715,fit
16162,Brandon Woodruff,2019,WHIP,1.1424657534246574,1.0974205479452053,0.9369863013698628,1.2657534246575342,fit
16162,Brandon Woodruff,2020,WHIP,0.9909502262443438,1.0442058823529412,0.841628959276018,1.248868778280543,fit
16162,Brandon Woodruff,2021,WHIP,0.9646840148698884,1.0044795539033458,0.8754646840148699,1.1375464684014869,fit
16162,Brandon Woodruff,2022,WHIP,1.0695652173913044,0.974641304347826,0.8409782608695651,1.1152173913043477,fit
16162,Brandon Woodruff,2023,WHIP,0.8208955223880597,1.0109850746268656,0.8059701492537313,1.2238805970149254,fit
16162,Brandon Woodruff,2025,WHIP,0.9123711340206185,0.9928427835051545,0.7731958762886597,1.2216494845360824,fit
21844,Braxton Garrett,2021,WHIP,1.8235294117647058,1.3437107843137255,1,1.7058823529411764,fit
21844,Braxton Garrett,2022,WHIP,1.25,1.2504583333333332,1.0454545454545454,1.4545454545454546,fit
21844,Braxton Garrett,2023,WHIP,1.1461377870563676,1.2451659707724427,1.0897703549060545,1.4091858037578289,fit
21844,Braxton Garrett,2024,WHIP,1.1891891891891893,1.1712657657657657,0.8918918918918919,1.4864864864864864,fit
23920,Brayan Bello,2022,WHIP,1.7790697674418603,1.338328488372093,1.0813953488372092,1.6046511627906976,fit
23920,Brayan Bello,2023,WHIP,1.3375796178343948,1.352788747346072,1.1910828025477707,1.5222929936305734,fit
23920,Brayan Bello,2024,WHIP,1.3613963039014374,1.287348049281314,1.1334702258726899,1.4476386036960984,fit
23920,Brayan Bello,2025,WHIP,1.236,1.269118,1.11,1.4280000000000002,fit
30279,Bryan Woo,2023,WHIP,1.209125475285171,1.1230342205323196,0.923954372623574,1.3231939163498099,fit
30279,Bryan Woo,2024,WHIP,0.8983516483516485,1.0470164835164837,0.8896978021978023,1.2115384615384617,fit
30279,Bryan Woo,2025,WHIP,0.9267857142857144,1.0082375000000001,0.8785714285714288,1.1410714285714287,fit
31872,Cade Horton,2025,WHIP,1.0847457627118644,1.1440282485875706,0.9656779661016949,1.3389830508474576,fit
32095,Cam Schlittler,2025,WHIP,1.2191780821917808,1.1688698630136987,0.9452054794520548,1.4109589041095891,fit
16137,Carlos Rodón,2018,WHIP,1.2596685082872927,1.2308950276243091,1.0524861878453038,1.4171270718232043,fit
16137,Carlos Rodón,2019,WHIP,1.4423076923076925,1.220831730769231,0.9230769230769231,1.5576923076923077,fit
16137,Carlos Rodón,2021,WHIP,0.9572864321608041,1.1375238693467338,0.9798994974874372,1.2964824120603016,fit
16137,Carlos Rodón,2022,WHIP,1.0280898876404494,1.1066966292134832,0.9719101123595506,1.252808988764045,fit
16137,Carlos Rodón,2023,WHIP,1.4455958549222798,1.1582461139896374,0.9326424870466322,1.383419689119171,fit
16137,Carlos Rodón,2024,WHIP,1.2228571428571429,1.138842857142857,1,1.2857142857142858,fit
16137,Carlos Rodón,2025,WHIP,1.0494880546075083,1.157654436860068,1.0136518771331056,1.3003412969283275,fit
30113,Chad Patrick,2025,WHIP,1.278551532033426,1.237143454038997,1.044568245125348,1.437325905292479,fit
35333,Chase Burns,2025,WHIP,1.3153846153846154,1.2006192307692307,0.8999999999999999,1.523076923076923,fit
10603,Chris Sale,2018,WHIP,0.8607594936708861,1.0260042194092827,0.879746835443038,1.1708860759493671,fit
10603,Chris Sale,2019,WHIP,1.085972850678733,1.0367454751131222,0.8959276018099547,1.1809954751131222,fit
10603,Chris Sale,2021,WHIP,1.3359375,0.99266015625,0.75,1.2421875,fit
10603,Chris Sale,2023,WHIP,1.1298701298701297,1.0370519480519478,0.8668831168831167,1.2077922077922076,fit
10603,Chris Sale,2024,WHIP,1.0131332082551596,1.0320300187617262,0.8949343339587242,1.1707317073170733,fit
10603,Chris Sale,2025,WHIP,1.0663129973474799,1.0619217506631298,0.8992042440318301,1.2334217506631298,fit
19899,Clarke Schmidt,2023,WHIP,1.3522012578616351,1.274287211740042,1.1069182389937107,1.440251572327044,fit
19899,Clarke Schmidt,2024,WHIP,1.18359375,1.2070996093750002,1.0078125,1.41796875,fit
19899,Clarke Schmidt,2025,WHIP,1.0932203389830508,1.1842372881355931,0.9788135593220338,1.3983050847457625,fit
27597,Cody Bradford,2024,WHIP,1.0087336244541485,1.1402183406113537,0.9301310043668123,1.3624454148471616,fit
21846,Cole Ragans,2022,WHIP,1.475,1.3412625,1.025,1.675,fit
21846,Cole Ragans,2024,WHIP,1.143112701252236,1.1759785330948118,1.0304114490161,1.325581395348837,fit
21846,Cole Ragans,2025,WHIP,1.183783783783784,1.104245945945946,0.8756756756756757,1.345945945945946,fit
19361,Corbin Burnes,2020,WHIP,1.0223463687150838,0.9930418994413408,0.7709497206703911,1.223463687150838,fit
19361,Corbin Burnes,2021,WHIP,0.9401197604790419,0.9887724550898204,0.8562874251497006,1.125748502994012,fit
19361,Corbin Burnes,2022,WHIP,0.9653465346534653,0.9904001650165016,0.8712871287128713,1.113861386138614,fit
19361,Corbin Burnes,2023,WHIP,1.068846815834768,1.0654457831325304,0.934595524956971,1.193029259896731,fit
19361,Corbin Burnes,2024,WHIP,1.0960548885077184,1.0787264150943394,0.9468267581475127,1.20926243567753,fit
19361,Corbin Burnes,2025,WHIP,1.1658031088082903,1.1268341968911917,0.9015544041450778,1.3523316062176167,fit
20778,Cristopher Sánchez,2023,WHIP,1.0469798657718123,1.1778523489932888,0.9966442953020136,1.3791946308724834,fit
20778,Cristopher Sánchez,2024,WHIP,1.2440366972477066,1.098992660550459,0.9633027522935782,1.2385321100917435,fit
20778,Cristopher Sánchez,2025,WHIP,1.0643564356435644,1.0565643564356435,0.9257425742574258,1.193069306930693,fit
19350,Dean Kremer,2021,WHIP,1.639751552795031,1.3865310559006212,1.1180124223602486,1.6770186335403727,fit
19350,Dean Kremer,2022,WHIP,1.2526595744680853,1.30861835106383,1.1329787234042554,1.492021276595745,fit
19350,Dean Kremer,2023,WHIP,1.308880308880309,1.3232316602316603,1.1756756756756757,1.4768339768339769,fit
19350,Dean Kremer,2024,WHIP,1.2416452442159385,1.2612133676092545,1.0874035989717223,1.4344473007712084,fit
19350,Dean Kremer,2025,WHIP,1.2116504854368932,1.2411174757281553,1.0893203883495146,1.3980582524271845,fit
25385,Drew Rasmussen,2022,WHIP,1.0410958904109588,1.078148401826484,0.9246575342465754,1.2397260273972603,fit
25385,Drew Rasmussen,2023,WHIP,1.0522388059701493,1.1045298507462686,0.8507462686567164,1.3880597014925373,fit
25385,Drew Rasmussen,2025,WHIP,1.02,1.0634311111111112,0.9133333333333333,1.2133333333333334,fit
18525,Dylan Cease,2019,WHIP,1.547945205479452,1.405538812785388,1.1643835616438356,1.6575342465753424,fit
18525,Dylan Cease,2020,WHIP,1.44,1.3328114285714285,1.0799999999999998,1.5942857142857143,fit
18525,Dylan Cease,2021,WHIP,1.2494969818913482,1.260446680080483,1.1106639839034207,1.4185110663983904,fit
18525,Dylan Cease,2022,WHIP,1.108695652173913,1.2073813405797102,1.065217391304348,1.3478260869565217,fit
18525,Dylan Cease,2023,WHIP,1.4180790960451977,1.2443088512241054,1.1016949152542372,1.3901129943502837,fit
18525,Dylan Cease,2024,WHIP,1.066901408450704,1.2049049295774645,1.061619718309859,1.3468309859154928,fit
18525,Dylan Cease,2025,WHIP,1.3273809523809523,1.2077946428571429,1.0595238095238095,1.3630952380952381,fit
21690,Edward Cabrera,2021,WHIP,1.6329113924050633,1.516481012658228,1.1012658227848102,1.9367088607594938,fit
21690,Edward Cabrera,2022,WHIP,1.0744186046511628,1.3875488372093023,1.1441860465116278,1.6325581395348836,fit
21690,Edward Cabrera,2023,WHIP,1.4448160535117054,1.3771588628762539,1.1739130434782608,1.5852842809364545,fit
21690,Edward Cabrera,2024,WHIP,1.3702422145328723,1.2837577854671283,1.0899653979238757,1.484429065743945,fit
21690,Edward Cabrera,2025,WHIP,1.2276029055690074,1.2457518159806296,1.082324455205811,1.4237288135593222,fit
29839,Emmet Sheehan,2023,WHIP,1.1933701657458564,1.2743342541436464,1.011049723756906,1.5414364640883977,fit
29839,Emmet Sheehan,2025,WHIP,0.9681818181818183,1.1346113636363637,0.9136363636363637,1.3636363636363638,fit
27768,Eury Pérez,2023,WHIP,1.1277372262773726,1.1787645985401463,0.9744525547445257,1.4014598540145988,fit
27768,Eury Pérez,2025,WHIP,1.0489510489510492,1.1255367132867136,0.9335664335664338,1.3216783216783219,fit
17295,Framber Valdez,2018,WHIP,1.2432432432432432,1.255189189189189,0.9459459459459459,1.5675675675675675,fit
17295,Framber Valdez,2020,WHIP,1.1179245283018868,1.1883349056603774,0.9764150943396226,1.4150943396226414,fit
17295,Framber Valdez,2021,WHIP,1.2475247524752475,1.1468341584158417,0.9876237623762377,1.3143564356435644,fit
17295,Framber Valdez,2022,WHIP,1.1572847682119203,1.1152293046357613,0.9884105960264898,1.2516556291390726,fit
17295,Framber Valdez,2023,WHIP,1.1262626262626263,1.1651969696969697,1.0303030303030303,1.303030303030303,fit
17295,Framber Valdez,2024,WHIP,1.10586011342155,1.1447013232514176,1.003780718336484,1.2873345935727787,fit
17295,Framber Valdez,2025,WHIP,1.2447916666666667,1.1626015625000001,1.02578125,1.3072916666666667,fit
18679,Freddy Peralta,2018,WHIP,1.1361702127659574,1.226304255319149,1.0085106382978724,1.4553191489361703,fit
18679,Freddy Peralta,2021,WHIP,0.9699769053117783,1.1184953810623557,0.9699769053117783,1.2748267898383372,fit
18679,Freddy Peralta,2022,WHIP,1.0384615384615385,1.0873141025641027,0.8846153846153846,1.294871794871795,fit
18679,Freddy Peralta,2023,WHIP,1.1167002012072436,1.1370653923541247,0.9959758551307848,1.2857142857142858,fit
18679,Freddy Peralta,2024,WHIP,1.2149712092130518,1.1182965451055662,0.9788867562380039,1.2610364683301345,fit
18679,Freddy Peralta,2025,WHIP,1.0754716981132075,1.1373349056603774,0.9962264150943396,1.2849056603773585,fit
27463,Garrett Crochet,2024,WHIP,1.0684931506849316,1.0331986301369862,0.8900684931506848,1.1849315068493151,fit
27463,Garrett Crochet,2025,WHIP,1.0275974025974024,1.0159569805194804,0.891233766233766,1.1493506493506491,fit
27792,Gavin Stone,2024,WHIP,1.211401425178147,1.2055296912114013,1.033254156769596,1.3827790973871745,fit
30122,Gavin Williams,2023,WHIP,1.2560975609756098,1.3169857723577236,1.0853658536585367,1.5609756097560976,fit
30122,Gavin Williams,2024,WHIP,1.368421052631579,1.2627587719298246,1.0526315789473684,1.486842105263158,fit
30122,Gavin Williams,2025,WHIP,1.2703777335984097,1.2509005964214712,1.091451292246521,1.4194831013916502,fit
25436,George Kirby,2022,WHIP,1.2076923076923076,1.1011282051282052,0.9384615384615385,1.2692307692307692,fit
25436,George Kirby,2023,WHIP,1.0384615384615388,1.1298863636363639,0.9965034965034967,1.2692307692307694,fit
25436,George Kirby,2024,WHIP,1.068062827225131,1.099480802792321,0.9685863874345549,1.2356020942408377,fit
25436,George Kirby,2025,WHIP,1.1904761904761905,1.0976574074074075,0.9365079365079365,1.2698412698412698,fit
13125,Gerrit Cole,2018,WHIP,1.033277870216306,0.971916805324459,0.8535773710482527,1.0981697171381029,fit
13125,Gerrit Cole,2019,WHIP,0.8948194662480375,0.9960518053375195,0.8759811616954473,1.1161695447409732,fit
13125,Gerrit Cole,2020,WHIP,0.958904109589041,0.9850205479452054,0.7945205479452054,1.1917808219178083,fit
13125,Gerrit Cole,2021,WHIP,1.0588235294117645,0.9817794117647056,0.8602941176470587,1.108455882352941,fit
13125,Gerrit Cole,2022,WHIP,1.0166112956810633,0.985824750830565,0.8621262458471762,1.1063122923588042,fit
13125,Gerrit Cole,2023,WHIP,0.9808612440191388,1.0626562998405105,0.937799043062201,1.1913875598086126,fit
13125,Gerrit Cole,2024,WHIP,1.1263157894736842,1.0767403508771929,0.8947368421052632,1.263157894736842,fit
24492,Grayson Rodriguez,2023,WHIP,1.3360655737704918,1.2449262295081966,1.0655737704918034,1.4426229508196722,fit
24492,Grayson Rodriguez,2024,WHIP,1.2428571428571427,1.1854342857142854,1.0028571428571427,1.3714285714285712,fit
27581,Hayden Wesneski,2025,WHIP,1.09375,1.223822916666667,0.9046874999999996,1.5625,fit
25880,Hunter Brown,2023,WHIP,1.3618843683083512,1.2933715203426126,1.1306209850107067,1.4646680942184156,fit
25880,Hunter Brown,2024,WHIP,1.2705882352941176,1.1819460784313724,1.035294117647059,1.3294117647058823,fit
25880,Hunter Brown,2025,WHIP,1.0251798561151078,1.1157508992805754,0.9712230215827337,1.2625899280575537,fit
22182,Hunter Greene,2022,WHIP,1.209549071618037,1.215705570291777,1.0344827586206895,1.4005305039787797,fit
22182,Hunter Greene,2023,WHIP,1.4196428571428572,1.1991354166666666,1.0178571428571428,1.3839285714285714,fit
22182,Hunter Greene,2024,WHIP,1.0177383592017737,1.1139634146341462,0.9645232815964523,1.270509977827051,fit
22182,Hunter Greene,2025,WHIP,0.938080495356037,1.0709984520123836,0.9009287925696593,1.244582043343653,fit
33527,Hurston Waldrep,2025,WHIP,1.1893491124260354,1.1757011834319526,0.9053254437869822,1.4556213017751478,fit
25098,Jacob Lopez,2025,WHIP,1.2733812949640284,1.2485791366906471,1.0359712230215825,1.4676258992805753,fit
31623,Jacob Misiorowski,2025,WHIP,1.2424242424242424,1.1892727272727273,0.9393939393939394,1.4545454545454546,fit
10954,Jacob deGrom,2018,WHIP,0.9124423963133641,0.8913141321044546,0.7788018433179723,1.0092165898617511,fit
10954,Jacob deGrom,2019,WHIP,0.9705882352941176,0.9004411764705882,0.7843137254901961,1.0196078431372548,fit
10954,Jacob deGrom,2020,WHIP,0.9558823529411765,0.8759166666666667,0.6911764705882353,1.0735294117647058,fit
10954,Jacob deGrom,2021,WHIP,0.5543478260869565,0.8590688405797101,0.6956521739130435,1.0217391304347827,fit
10954,Jacob deGrom,2022,WHIP,0.7461139896373058,0.8496139896373057,0.6683937823834197,1.0414507772020727,fit
10954,Jacob deGrom,2023,WHIP,0.7582417582417583,0.8971978021978022,0.6263736263736264,1.1868131868131868,fit
10954,Jacob deGrom,2025,WHIP,0.9208494208494209,0.9190588803088804,0.7876447876447877,1.0598455598455598,fit
11674,Jameson Taillon,2018,WHIP,1.1780104712041886,1.200565445026178,1.057591623036649,1.3455497382198953,fit
11674,Jameson Taillon,2019,WHIP,1.125,1.2122276785714285,0.9107142857142857,1.5267857142857142,fit
11674,Jameson Taillon,2021,WHIP,1.20554272517321,1.1458868360277135,0.997690531177829,1.3025404157043878,fit
11674,Jameson Taillon,2022,WHIP,1.1278195488721805,1.1326156015037594,0.9924812030075187,1.269078947368422,fit
11674,Jameson Taillon,2023,WHIP,1.2764578833693303,1.1916652267818575,1.043196544276458,1.347732181425486,fit
11674,Jameson Taillon,2024,WHIP,1.131048387096774,1.1850443548387095,1.034274193548387,1.3366935483870968,fit
11674,Jameson Taillon,2025,WHIP,1.0565552699228793,1.210849614395887,1.0411311053984578,1.3881748071979436,fit
23301,Janson Junk,2025,WHIP,1.1363636363636365,1.214878787878788,1.018181818181818,1.4181818181818182,fit
27863,Jared Jones,2024,WHIP,1.191780821917808,1.1957205479452053,1.0109589041095888,1.3890410958904107,fit
19959,Jesús Luzardo,2020,WHIP,1.271186440677966,1.4655621468926554,1.2033898305084745,1.7457627118644068,fit
19959,Jesús Luzardo,2021,WHIP,1.6153846153846156,1.3431101398601402,1.1328671328671331,1.5524475524475527,fit
19959,Jesús Luzardo,2022,WHIP,1.036544850498339,1.2487275747508308,1.0564784053156149,1.445182724252492,fit
19959,Jesús Luzardo,2023,WHIP,1.2145522388059702,1.2450625,1.1026119402985075,1.388339552238807,fit
19959,Jesús Luzardo,2024,WHIP,1.2449999999999999,1.1722299999999999,0.96,1.41,fit
19959,Jesús Luzardo,2025,WHIP,1.2196007259528132,1.1371578947368424,0.99637023593466445,1.2794918330308533,fit
25386,Jhony Brito,2023,WHIP,1.2177121771217714,1.257156826568266,1.0405904059040592,1.4833948339483398,fit
12970,Joe Musgrove,2018,WHIP,1.179190751445087,1.2181531791907516,1.0404624277456649,1.4046242774566475,fit
12970,Joe Musgrove,2019,WHIP,1.2152641878669275,1.2086585127201566,1.0626223091976517,1.3620352250489236,fit
12970,Joe Musgrove,2020,WHIP,1.2352941176470589,1.15568487394958,0.8823529411764707,1.46218487394958,fit
12970,Joe Musgrove,2021,WHIP,1.0808823529411762,1.1164227941176468,0.9871323529411763,1.2518382352941173,fit
12970,Joe Musgrove,2022,WHIP,1.0828729281767955,1.0841740331491714,0.9502762430939227,1.2209944751381216,fit
12970,Joe Musgrove,2023,WHIP,1.1404109589041098,1.1248630136986304,0.945205479452055,1.315068493150685,fit
12970,Joe Musgrove,2024,WHIP,1.1739130434782608,1.105700668896321,0.9230769230769229,1.2943143812709028,fit
12972,Joe Ross,2021,WHIP,1.2222222222222223,1.240074074074074,1.0462962962962963,1.4444444444444444,fit
21390,Joe Ryan,2021,WHIP,0.7875,1.19566875,0.8624999999999999,1.575,fit
21390,Joe Ryan,2022,WHIP,1.1020408163265305,1.1265442176870748,0.9727891156462585,1.2857142857142858,fit
21390,Joe Ryan,2023,WHIP,1.1690721649484537,1.1339969072164948,0.9896907216494846,1.2804123711340207,fit
21390,Joe Ryan,2024,WHIP,0.9851851851851852,1.0817975308641976,0.9333333333333333,1.237037037037037,fit
21390,Joe Ryan,2025,WHIP,1.0350877192982457,1.0634990253411307,0.9181286549707602,1.2046783625730995,fit
20418,Josh Fleming,2020,WHIP,1.0824742268041236,1.1701494845360825,0.8350515463917525,1.5154639175257731,fit
17312,Justin Steele,2022,WHIP,1.3529411764705883,1.1636932773109243,0.9915966386554622,1.3445378151260505,fit
17312,Justin Steele,2023,WHIP,1.171153846153846,1.1711557692307693,1.0269230769230768,1.3153846153846154,fit
17312,Justin Steele,2024,WHIP,1.099009900990099,1.1159220297029704,0.957920792079208,1.2772277227722773,fit
14107,Kevin Gausman,2018,WHIP,1.3012704174228678,1.2425517241379314,1.0943738656987299,1.3938294010889296,fit
14107,Kevin Gausman,2019,WHIP,1.4169381107491859,1.2353420195439742,1.0456026058631924,1.42671009771987,fit
14107,Kevin Gausman,2020,WHIP,1.106145251396648,1.1813072625698324,0.9385474860335196,1.4245810055865922,fit
14107,Kevin Gausman,2021,WHIP,1.0416666666666667,1.1428350694444445,1.0104166666666667,1.2760416666666667,fit
14107,Kevin Gausman,2022,WHIP,1.2366412213740459,1.114,0.9790076335877863,1.25381679389313,fit
14107,Kevin Gausman,2023,WHIP,1.1783783783783783,1.1554216216216215,1.0213513513513512,1.2972972972972974,fit
14107,Kevin Gausman,2024,WHIP,1.2209944751381216,1.1338508287292817,1,1.276243093922652,fit
14107,Kevin Gausman,2025,WHIP,1.0621761658031088,1.1459455958549223,1.005181347150259,1.2849740932642486,fit
21455,Kris Bubic,2020,WHIP,1.48,1.5969333333333333,1.3,1.92,fit
21455,Kris Bubic,2021,WHIP,1.3846153846153846,1.4670782051282052,1.2769230769230768,1.6615384615384616,fit
21455,Kris Bubic,2022,WHIP,1.697674418604651,1.3633837209302326,1.186046511627907,1.5426356589147288,fit
21455,Kris Bubic,2025,WHIP,1.177650429799427,1.2335773638968484,1.0487106017191978,1.4269340974212037,fit
20531,Kutter Crawford,2022,WHIP,1.4224137931034484,1.265625,1.0474137931034484,1.5,fit
20531,Kutter Crawford,2023,WHIP,1.1056701030927834,1.2753582474226803,1.1056701030927834,1.4536082474226804,fit
20531,Kutter Crawford,2024,WHIP,1.121597096188748,1.2059437386569876,1.0562613430127044,1.3611615245009077,fit
24586,Kyle Bradish,2022,WHIP,1.4022662889518411,1.2203852691218129,1.036827195467422,1.4107648725212463,fit
24586,Kyle Bradish,2023,WHIP,1.0434782608695652,1.1840167984189724,1.0372529644268775,1.3399209486166008,fit
24586,Kyle Bradish,2024,WHIP,1.0677966101694916,1.077300847457627,0.8135593220338982,1.3728813559322033,fit
24586,Kyle Bradish,2025,WHIP,1.03125,1.0188802083333335,0.71875,1.3125,fit
27758,Kyle Harrison,2023,WHIP,1.153846153846154,1.3727307692307693,1.0384615384615385,1.7307692307692308,fit
27758,Kyle Harrison,2024,WHIP,1.3431635388739949,1.3010911528150135,1.1179624664879357,1.4879356568364615,fit
27758,Kyle Harrison,2025,WHIP,1.3738317757009346,1.2699485981308412,0.9532710280373833,1.5981308411214954,fit
22250,Logan Gilbert,2021,WHIP,1.1731843575418996,1.1895977653631287,1.0139664804469275,1.3743016759776538,fit
22250,Logan Gilbert,2022,WHIP,1.1795332136445245,1.1165080789946142,0.9802513464991025,1.2603231597845603,fit
22250,Logan Gilbert,2023,WHIP,1.0751748251748254,1.1199256993006996,0.9912587412587415,1.2534965034965038,fit
22250,Logan Gilbert,2024,WHIP,0.8865814696485624,1.0584696485623004,0.9345047923322686,1.1837060702875402,fit
22250,Logan Gilbert,2025,WHIP,1.0305343511450382,1.0353307888040713,0.8854961832061069,1.1908396946564885,fit
31475,Logan Henderson,2025,WHIP,0.986842105263158,1.0778157894736842,0.7105263157894737,1.4605263157894737,fit
17995,Logan Webb,2019,WHIP,1.46218487394958,1.3654075630252103,1.0588235294117647,1.6890756302521008,fit
17995,Logan Webb,2020,WHIP,1.5644171779141103,1.2747116564417178,1.0122699386503067,1.5460122699386503,fit
17995,Logan Webb,2021,WHIP,1.1056179775280899,1.1947123595505618,1.038202247191011,1.355056179775281,fit
17995,Logan Webb,2022,WHIP,1.1594454072790292,1.1358873483535525,1.0086655112651643,1.2686308492201037,fit
17995,Logan Webb,2023,WHIP,1.0740740740740742,1.153429012345679,1.0321759259259258,1.2824074074074074,fit
17995,Logan Webb,2024,WHIP,1.2312703583061892,1.1052402280130296,0.9820846905537461,1.2361563517915313,fit
17995,Logan Webb,2025,WHIP,1.2367149758454106,1.0919863123993558,0.966183574879227,1.2222222222222223,fit
27691,Louis Varland,2022,WHIP,1.2307692307692308,1.2257307692307693,0.8461538461538461,1.6153846153846154,fit
27691,Louis Varland,2023,WHIP,1.2205882352941178,1.2457279411764706,1.0147058823529411,1.5,fit
15689,Luis Castillo,2018,WHIP,1.2200392927308448,1.226688605108055,1.0785854616895876,1.3850687622789786,fit
15689,Luis Castillo,2019,WHIP,1.1433566433566436,1.2207736013986017,1.0804195804195806,1.363636363636364,fit
15689,Luis Castillo,2020,WHIP,1.2285714285714286,1.1770476190476191,0.9714285714285714,1.4,fit
15689,Luis Castillo,2021,WHIP,1.3641207815275314,1.139896980461812,1.0071047957371229,1.2735346358792188,fit
15689,Luis Castillo,2022,WHIP,1.0842572062084257,1.114221729490022,0.9711751662971174,1.2572062084257205,fit
15689,Luis Castillo,2023,WHIP,1.0964467005076142,1.167587986463621,1.0355329949238579,1.299492385786802,fit
15689,Luis Castillo,2024,WHIP,1.1692015209125475,1.1503688212927756,1.015209125475285,1.2946768060836502,fit
15689,Luis Castillo,2025,WHIP,1.1845018450184504,1.1740996309963103,1.0350553505535058,1.3173431734317347,fit
32227,Luis Morales,2025,WHIP,1.1506849315068495,1.2043938356164383,0.9246575342465754,1.5205479452054795,fit
31757,Mason Miller,2023,WHIP,1.2,1.2876049999999999,0.9299999999999999,1.65,fit
15440,Matthew Boyd,2018,WHIP,1.1565557729941291,1.2881360078277886,1.1327788649706456,1.4500978473581212,fit
15440,Matthew Boyd,2019,WHIP,1.2302158273381292,1.2788093525179853,1.133093525179856,1.424460431654676,fit
15440,Matthew Boyd,2020,WHIP,1.4751381215469612,1.2217209944751382,0.994475138121547,1.4585635359116023,fit
15440,Matthew Boyd,2021,WHIP,1.271186440677966,1.1821843220338983,0.9788135593220338,1.3983050847457625,fit
15440,Matthew Boyd,2023,WHIP,1.323943661971831,1.1934859154929578,0.971830985915493,1.408450704225352,fit
15440,Matthew Boyd,2024,WHIP,1.134453781512605,1.1715420168067228,0.8823529411764707,1.46218487394958,fit
15440,Matthew Boyd,2025,WHIP,1.090909090909091,1.1828821892393322,1.0352504638218925,1.3360853432282014,fit
13743,Max Fried,2019,WHIP,1.3340040241448692,1.1864778672032195,1.0321931589537223,1.3460764587525151,fit
13743,Max Fried,2020,WHIP,1.0892857142857142,1.1330952380952382,0.8928571428571429,1.375,fit
13743,Max Fried,2021,WHIP,1.0865191146881288,1.0899949698189135,0.9537223340040242,1.2313883299798793,fit
13743,Max Fried,2022,WHIP,1.0143884892086328,1.0574793165467624,0.9280575539568343,1.1924460431654673,fit
13743,Max Fried,2023,WHIP,1.1330472103004292,1.094233905579399,0.9012875536480686,1.300429184549356,fit
13743,Max Fried,2024,WHIP,1.164435946462715,1.0714541108986615,0.9407265774378585,1.216061185468451,fit
13743,Max Fried,2025,WHIP,1.1006825938566551,1.0831313993174059,0.9522184300341295,1.2235494880546072,fit
11156,Merrill Kelly,2019,WHIP,1.3145454545454542,1.293942727272727,1.1454545454545453,1.445454545454545,fit
11156,Merrill Kelly,2020,WHIP,0.9893617021276596,1.2342659574468087,0.9255319148936171,1.5638297872340425,fit
11156,Merrill Kelly,2021,WHIP,1.2911392405063291,1.1863660337552742,1.0379746835443038,1.3354430379746836,fit
11156,Merrill Kelly,2022,WHIP,1.1381031613976704,1.1528893510815306,1.0183028286189681,1.287853577371048,fit
11156,Merrill Kelly,2023,WHIP,1.1932457786116324,1.195049718574109,1.052532833020638,1.3395872420262664,fit
11156,Merrill Kelly,2024,WHIP,1.1674208144796379,1.1692104072398188,0.9638009049773755,1.3981900452488687,fit
11156,Merrill Kelly,2025,WHIP,1.1141304347826086,1.1799375,1.0326086956521738,1.3315217391304348,fit
19853,Michael King,2024,WHIP,1.1919385796545106,1.1616257197696738,1.013435700575816,1.3128598848368522,fit
19853,Michael King,2025,WHIP,1.2000000000000002,1.1762136363636364,0.9545454545454546,1.4045454545454545,fit
14078,Michael Wacha,2018,WHIP,1.233201581027668,1.391420948616601,1.173913043478261,1.624505928853755,fit
14078,Michael Wacha,2019,WHIP,1.5631578947368419,1.3644565789473682,1.1842105263157894,1.5473684210526313,fit
14078,Michael Wacha,2020,WHIP,1.5588235294117647,1.2964117647058824,0.9705882352941176,1.6470588235294117,fit
14078,Michael Wacha,2021,WHIP,1.3074866310160427,1.2400360962566843,1.0748663101604277,1.4117647058823528,fit
14078,Michael Wacha,2022,WHIP,1.1151832460732987,1.1949934554973825,1.036649214659686,1.3586387434554976,fit
14078,Michael Wacha,2023,WHIP,1.161290322580645,1.2306091811414392,1.0719602977667493,1.3995037220843671,fit
14078,Michael Wacha,2024,WHIP,1.1940000000000002,1.197438,1.05,1.35,fit
14078,Michael Wacha,2025,WHIP,1.2220077220077221,1.1980086872586873,1.0482625482625483,1.3494208494208495,fit
17594,Mitch Keller,2019,WHIP,1.8333333333333333,1.6830069444444444,1.3541666666666667,2.0208333333333335,fit
17594,Mitch Keller,2020,WHIP,1.2461538461538462,1.5504538461538462,1.1076923076923075,2.0307692307692307,fit
17594,Mitch Keller,2021,WHIP,1.788079470198675,1.4383940397350992,1.2317880794701985,1.649006622516556,fit
17594,Mitch Keller,2022,WHIP,1.3962264150943395,1.3435922431865828,1.1886792452830188,1.5031446540880504,fit
17594,Mitch Keller,2023,WHIP,1.2452830188679243,1.3457958833619208,1.1989708404802741,1.4922813036020581,fit
17594,Mitch Keller,2024,WHIP,1.303370786516854,1.2706554307116105,1.1235955056179776,1.4213483146067416,fit
17594,Mitch Keller,2025,WHIP,1.2589792060491494,1.2384017013232513,1.0945179584120983,1.389413988657845,fit
9132,Nathan Eovaldi,2018,WHIP,1.1261261261261262,1.2699294294294294,1.09009009009009,1.4594594594594594,fit
9132,Nathan Eovaldi,2019,WHIP,1.5812807881773399,1.2475837438423645,1.019704433497537,1.477832512315271,fit
9132,Nathan Eovaldi,2020,WHIP,1.2,1.182544827586207,0.9310344827586207,1.4482758620689655,fit
9132,Nathan Eovaldi,2021,WHIP,1.1901279707495427,1.1297001828153563,0.9926873857404019,1.2669104204753197,fit
9132,Nathan Eovaldi,2022,WHIP,1.234756097560976,1.0908582317073172,0.9237804878048782,1.2621951219512197,fit
9132,Nathan Eovaldi,2023,WHIP,1.1388888888888888,1.1217604166666666,0.9722222222222222,1.2777777777777777,fit
9132,Nathan Eovaldi,2024,WHIP,1.107421875,1.086927734375,0.94921875,1.23046875,fit
9132,Nathan Eovaldi,2025,WHIP,0.8538461538461538,1.0879435897435898,0.9307692307692308,1.2538461538461538,fit
26378,Nick Lodolo,2022,WHIP,1.2483870967741937,1.2308048387096777,1.035483870967742,1.441935483870968,fit
26378,Nick Lodolo,2023,WHIP,1.7475728155339805,1.24728640776699,0.9320388349514562,1.5728155339805825,fit
26378,Nick Lodolo,2024,WHIP,1.1965317919075147,1.197476878612717,1.031791907514451,1.378612716763006,fit
26378,Nick Lodolo,2025,WHIP,1.0787234042553193,1.1833744680851064,1.0340425531914894,1.3468085106382979,fit
15454,Nick Pivetta,2018,WHIP,1.3048780487804879,1.451459349593496,1.2804878048780488,1.6341463414634145,fit
15454,Nick Pivetta,2021,WHIP,1.303225806451613,1.2396397849462366,1.0903225806451613,1.3935483870967742,fit
15454,Nick Pivetta,2022,WHIP,1.3803339517625233,1.1772031539888683,1.0352504638218925,1.3191094619666048,fit
15454,Nick Pivetta,2024,WHIP,1.1258581235697942,1.1523558352402747,1.002288329519451,1.311212814645309,fit
15454,Nick Pivetta,2025,WHIP,0.9853211009174314,1.138906422018349,0.996330275229358,1.28256880733945,fit
30184,Noah Cameron,2025,WHIP,1.0987951807228915,1.1775,1.0048192771084337,1.3521686746987966,fit
33703,Nolan McLean,2025,WHIP,1.0416666666666667,1.0583958333333334,0.7916666666666666,1.3541666666666667,fit
31986,Parker Messick,2025,WHIP,1.3109243697478992,1.163079831932773,0.8571428571428572,1.4873949579831933,fit
33677,Paul Skenes,2024,WHIP,0.9473684210526315,0.911422305764411,0.7669172932330827,1.0601503759398496,fit
33677,Paul Skenes,2025,WHIP,0.9484902309058616,0.9295657193605685,0.7992895204262879,1.0603907637655419,fit
25977,Quinn Priester,2023,WHIP,1.7,1.53539,1.22,1.86,fit
25977,Quinn Priester,2024,WHIP,1.4093959731543624,1.3913557046979868,1.1073825503355705,1.691275167785235,fit
25977,Quinn Priester,2025,WHIP,1.2394067796610169,1.297028601694915,1.125,1.4682203389830508,fit
17277,Ranger Suárez,2022,WHIP,1.332618025751073,1.2781695278969956,1.113733905579399,1.448497854077253,fit
17277,Ranger Suárez,2023,WHIP,1.416,1.268808,1.096,1.448,fit
17277,Ranger Suárez,2024,WHIP,1.2013274336283186,1.1862267699115046,1.035066371681416,1.3407079646017699,fit
17277,Ranger Suárez,2025,WHIP,1.2203389830508473,1.1460180084745761,0.9978813559322033,1.3029661016949152,fit
16400,Reynaldo López,2018,WHIP,1.2720848056537104,1.3951908127208483,1.2349823321554774,1.5583038869257955,fit
16400,Reynaldo López,2019,WHIP,1.4565217391304348,1.3511195652173913,1.1956521739130435,1.5054347826086956,fit
16400,Reynaldo López,2020,WHIP,1.6329113924050633,1.2712025316455697,0.9113924050632912,1.6329113924050633,fit
16400,Reynaldo López,2024,WHIP,1.1056511056511058,1.1082371007371008,0.9434889434889435,1.2825552825552826,fit
33876,Rhett Lowder,2024,WHIP,1.2717391304347825,1.2477336956521738,0.8804347826086956,1.6304347826086956,fit
29812,Robert Gasser,2024,WHIP,1.0357142857142858,1.1857142857142857,0.8214285714285714,1.5714285714285714,fit
19407,Ronel Blanco,2024,WHIP,1.0876494023904382,1.17326593625498,1.0219123505976095,1.3266932270916334,fit
19407,Ronel Blanco,2025,WHIP,1.1793103448275861,1.1989413793103447,0.9310344827586207,1.489655172413793,fit
26221,Ryan Pepiot,2022,WHIP,1.4587155963302751,1.3327339449541284,0.9908256880733944,1.6788990825688073,fit
26221,Ryan Pepiot,2024,WHIP,1.1538461538461537,1.2228333333333332,1.0538461538461539,1.4,fit
26221,Ryan Pepiot,2025,WHIP,1.1630218687872764,1.1805387673956262,1.0318091451292246,1.3359840954274356,fit
23796,Ryan Weathers,2021,WHIP,1.3838028169014083,1.5054366197183096,1.2781690140845068,1.7429577464788728,fit
23796,Ryan Weathers,2023,WHIP,1.6820809248554913,1.3927947976878614,1.1271676300578035,1.6647398843930636,fit
23796,Ryan Weathers,2024,WHIP,1.176923076923077,1.304898076923077,1.096153846153846,1.523076923076923,fit
23796,Ryan Weathers,2025,WHIP,1.2782608695652173,1.2648739130434783,0.9652173913043478,1.5913043478260869,fit
16502,Ryan Yarbrough,2019,WHIP,0.9952941176470589,1.2143141176470589,1.0447058823529412,1.383529411764706,fit
16502,Ryan Yarbrough,2020,WHIP,1.18562874251497,1.2055479041916168,0.9700598802395209,1.4550898203592815,fit
16502,Ryan Yarbrough,2021,WHIP,1.2258064516129032,1.2171602150537635,1.0580645161290323,1.3806451612903226,fit
26253,Ryne Nelson,2023,WHIP,1.4236111111111112,1.3661956018518517,1.1875,1.5486111111111112,fit
26253,Ryne Nelson,2024,WHIP,1.254424778761062,1.249236725663717,1.095132743362832,1.4137168141592922,fit
26253,Ryne Nelson,2025,WHIP,1.0714285714285714,1.1808495670995671,1.025974025974026,1.3376623376623376,fit
22264,Shane Baz,2022,WHIP,1.3333333333333333,1.2949506172839507,0.9259259259259259,1.7037037037037037,fit
22264,Shane Baz,2024,WHIP,1.0588235294117647,1.2650063025210085,1.046218487394958,1.4873949579831933,fit
22264,Shane Baz,2025,WHIP,1.3346693386773547,1.2558236472945892,1.100200400801603,1.4188376753507013,fit
31687,Shane Smith,2025,WHIP,1.1958997722095672,1.2689635535307515,1.0933940774487472,1.4487471526195899,fit
19755,Shohei Ohtani,2018,WHIP,1.1612903225806452,1.188958064516129,0.9096774193548387,1.4709677419354839,fit
19755,Shohei Ohtani,2021,WHIP,1.0895140664961636,1.0694450127877237,0.9130434782608695,1.2280051150895153,fit
19755,Shohei Ohtani,2022,WHIP,1.0120481927710843,1.0321465863453816,0.8975903614457831,1.1746987951807228,fit
19755,Shohei Ohtani,2023,WHIP,1.0606060606060606,1.073159090909091,0.9166666666666666,1.2348484848484849,fit
19755,Shohei Ohtani,2025,WHIP,1.0425531914893618,1.063031914893617,0.8085106382978723,1.3404255319148937,fit
33829,Shota Imanaga,2024,WHIP,1.021153846153846,1.0703538461538462,0.9288461538461538,1.2173076923076922,fit
33829,Shota Imanaga,2025,WHIP,0.9884792626728112,1.0832730414746545,0.9331797235023042,1.2442396313364057,fit
12768,Sonny Gray,2018,WHIP,1.49616368286445,1.270510230179028,1.0971867007672633,1.4501278772378516,fit
12768,Sonny Gray,2019,WHIP,1.0836501901140685,1.2582300380228137,1.1064638783269962,1.4144486692015208,fit
12768,Sonny Gray,2020,WHIP,1.2142857142857142,1.208452380952381,0.9642857142857143,1.4642857142857142,fit
12768,Sonny Gray,2021,WHIP,1.2192118226600985,1.16435960591133,1.0123152709359604,1.3300492610837438,fit
12768,Sonny Gray,2022,WHIP,1.1281337047353759,1.1329832869080778,0.9693593314763229,1.2952646239554315,fit
12768,Sonny Gray,2023,WHIP,1.1467391304347827,1.1812119565217392,1.0434782608695652,1.3206521739130435,fit
12768,Sonny Gray,2024,WHIP,1.0881763527054107,1.1612775551102203,1.0160320641282565,1.3046092184368736,fit
12768,Sonny Gray,2025,WHIP,1.234317343173432,1.175757380073801,1.0295202952029523,1.322878228782288,fit
31846,Spencer Schwellenbach,2024,WHIP,1.0431266846361185,1.0483611859838273,0.8894878706199459,1.2129380053908354,fit
31846,Spencer Schwellenbach,2025,WHIP,0.9668674698795179,1.0364442771084335,0.8674698795180722,1.2108433734939756,fit
21487,Stephen Kolek,2025,WHIP,1.1449704142011832,1.2391153846153844,1.0473372781065087,1.437869822485207,fit
30134,Tanner Bibee,2023,WHIP,1.176056338028169,1.1778075117370892,1.0140845070422535,1.3450704225352113,fit
30134,Tanner Bibee,2024,WHIP,1.1170825335892516,1.1651871401151632,1.0249520153550864,1.3128598848368522,fit
30134,Tanner Bibee,2025,WHIP,1.2285191956124313,1.1914588665447896,1.0475319926873856,1.3436928702010966,fit
22267,Tarik Skubal,2020,WHIP,1.21875,1.3199843749999995,1,1.6875,fit
22267,Tarik Skubal,2021,WHIP,1.2589285714285714,1.1914441964285714,1.0379464285714286,1.359375,fit
22267,Tarik Skubal,2022,WHIP,1.1558073654390932,1.0844320113314445,0.9178470254957506,1.2492917847025493,fit
22267,Tarik Skubal,2023,WHIP,0.8962655601659751,1.0524564315352698,0.8713692946058091,1.2448132780082988,fit
22267,Tarik Skubal,2024,WHIP,0.921875,0.9657482638888889,0.84375,1.09375,fit
22267,Tarik Skubal,2025,WHIP,0.8907849829351534,0.916555460750853,0.7986348122866893,1.039249146757679,fit
22191,Tobias Myers,2024,WHIP,1.173913043478261,1.1966195652173912,1.0217391304347827,1.3695652173913044,fit
14374,Tyler Glasnow,2019,WHIP,0.8901098901098902,1.0351153846153847,0.8076923076923077,1.2692307692307694,fit
14374,Tyler Glasnow,2020,WHIP,1.1337209302325582,1.0209447674418604,0.8023255813953488,1.255813953488372,fit
14374,Tyler Glasnow,2021,WHIP,0.9318181818181818,1.011155303030303,0.8295454545454546,1.1931818181818181,fit
14374,Tyler Glasnow,2023,WHIP,1.0833333333333333,1.086298611111111,0.925,1.25,fit
14374,Tyler Glasnow,2024,WHIP,0.9477611940298507,1.0926218905472638,0.9328358208955224,1.2537313432835822,fit
14374,Tyler Glasnow,2025,WHIP,1.0959409594095944,1.1416457564575648,0.9520295202952032,1.3505535055350557,fit
16358,Tyler Mahle,2018,WHIP,1.5892857142857142,1.4215684523809524,1.2142857142857142,1.6339285714285714,fit
16358,Tyler Mahle,2019,WHIP,1.3110539845758356,1.3821876606683805,1.2030848329048844,1.5655526992287918,fit
16358,Tyler Mahle,2020,WHIP,1.153846153846154,1.2943461538461538,1.027972027972028,1.5734265734265735,fit
16358,Tyler Mahle,2021,WHIP,1.2333333333333334,1.2264314814814814,1.0833333333333333,1.3722222222222222,fit
16358,Tyler Mahle,2022,WHIP,1.2182320441988947,1.1693287292817678,1.0027624309392265,1.3346685082872942,fit
16358,Tyler Mahle,2023,WHIP,1.051948051948052,1.1992012987012985,0.8571428571428571,1.5584415584415583,fit
16358,Tyler Mahle,2025,WHIP,1.1307692307692307,1.1396442307692307,0.9461538461538461,1.3499999999999999,fit
20000,Tyler Wells,2022,WHIP,1.138263665594855,1.1820675241157554,0.9935691318327973,1.3794212218649515,fit
20000,Tyler Wells,2023,WHIP,0.9859550561797751,1.2182949438202246,1.044943820224719,1.4073033707865166,fit
33825,Yoshinobu Yamamoto,2024,WHIP,1.1111111111111112,1.0557407407407406,0.8666666666666667,1.2555555555555555,fit
33825,Yoshinobu Yamamoto,2025,WHIP,0.9904030710172745,1.0410748560460654,0.9040307101727447,1.18042226487524,fit
13774,Zach Eflin,2018,WHIP,1.3046875,1.25684375,1.078125,1.4375,fit
13774,Zach Eflin,2019,WHIP,1.346938775510204,1.2562693877551019,1.1020408163265305,1.4142857142857141,fit
13774,Zach Eflin,2020,WHIP,1.271186440677966,1.2048870056497174,0.9830508474576272,1.4406779661016949,fit
13774,Zach Eflin,2021,WHIP,1.2492113564668768,1.1693454258675078,0.9936908517350156,1.3533123028391165,fit
13774,Zach Eflin,2022,WHIP,1.1233480176211452,1.1500947136563877,0.9515418502202643,1.3612334801762114,fit
13774,Zach Eflin,2023,WHIP,1.024390243902439,1.1975881801125705,1.0581613508442778,1.3452157598499062,fit
13774,Zach Eflin,2024,WHIP,1.1491935483870968,1.1831945564516129,1.0403225806451613,1.3366935483870968,fit
13774,Zach Eflin,2025,WHIP,1.4158878504672898,1.1988271028037385,0.9813084112149534,1.4299065420560748,fit
15823,Zack Littell,2023,WHIP,1.1777777777777778,1.2202166666666667,1.0222222222222221,1.4333333333333333,fit
15823,Zack Littell,2024,WHIP,1.2473347547974414,1.2036972281449894,1.0554371002132195,1.3560767590618337,fit
15823,Zack Littell,2025,WHIP,1.1035714285714289,1.2189964285714288,1.0714285714285716,1.3660714285714288,fit
10310,Zack Wheeler,2018,WHIP,1.1243144424131624,1.175650822669104,1.0365630712979887,1.321755027422303,fit
10310,Zack Wheeler,2019,WHIP,1.25938566552901,1.151329351535836,1.0187713310580202,1.290102389078498,fit
10310,Zack Wheeler,2020,WHIP,1.1690140845070423,1.0895093896713615,0.8873239436619719,1.295774647887324,fit
10310,Zack Wheeler,2021,WHIP,1.0078124999999998,1.0370585937499999,0.9234374999999998,1.1580468750000004,fit
10310,Zack Wheeler,2022,WHIP,1.0392156862745099,0.997020697167756,0.8627450980392157,1.1372549019607843,fit
10310,Zack Wheeler,2023,WHIP,1.078125,1.0216909722222223,0.8958333333333334,1.1510416666666667,fit
10310,Zack Wheeler,2024,WHIP,0.955,0.9896958333333333,0.865,1.115,fit
10310,Zack Wheeler,2025,WHIP,0.9354120267260579,0.9871213808463253,0.8418708240534521,1.135857461024499,fit
9132,Nathan Eovaldi,2026,WHIP,NA,1.1148477842003854,0.9595375722543352,1.277456647398844,projection
10310,Zack Wheeler,2026,WHIP,NA,1.0096530612244898,0.8571428571428571,1.1768707482993197,projection
10603,Chris Sale,2026,WHIP,NA,1.1161202020202021,0.9515151515151515,1.284848484848485,projection
10954,Jacob deGrom,2026,WHIP,NA,0.9687938856015779,0.8165680473372781,1.1242603550295858,projection
11156,Merrill Kelly,2026,WHIP,NA,1.2179822485207101,1.0529585798816568,1.3905325443786982,projection
11674,Jameson Taillon,2026,WHIP,NA,1.2726623093681917,1.0980392156862746,1.457516339869281,projection
12768,Sonny Gray,2026,WHIP,NA,1.223121722846442,1.0617977528089888,1.3876404494382022,projection
12970,Joe Musgrove,2026,WHIP,NA,1.1351350210970463,0.9746835443037974,1.3101265822784811,projection
12972,Joe Ross,2026,WHIP,NA,1.2589027777777777,0.75,1.8333333333333333,projection
13125,Gerrit Cole,2026,WHIP,NA,1.1405196078431372,0.9705882352941176,1.3161764705882353,projection
13743,Max Fried,2026,WHIP,NA,1.1184338624338623,0.9682539682539683,1.2751322751322751,projection
13774,Zach Eflin,2026,WHIP,NA,1.2518892617449664,1.080536912751678,1.436241610738255,projection
14078,Michael Wacha,2026,WHIP,NA,1.232239837398374,1.0670731707317074,1.4024390243902438,projection
14107,Kevin Gausman,2026,WHIP,NA,1.185930402930403,1.032967032967033,1.3461538461538463,projection
14374,Tyler Glasnow,2026,WHIP,NA,1.216141604010025,1.0300751879699248,1.413533834586466,projection
15440,Matthew Boyd,2026,WHIP,NA,1.2255928143712576,1.0598802395209581,1.401197604790419,projection
15454,Nick Pivetta,2026,WHIP,NA,1.1553949903660887,0.9942196531791907,1.3179190751445087,projection
15689,Luis Castillo,2026,WHIP,NA,1.2229134078212291,1.0614525139664805,1.3910614525139664,projection
15823,Zack Littell,2026,WHIP,NA,1.2725721247563353,1.0994152046783625,1.456140350877193,projection
16137,Carlos Rodón,2026,WHIP,NA,1.2026225806451614,1.038709677419355,1.3741935483870968,projection
16162,Brandon Woodruff,2026,WHIP,NA,1.024629753914989,0.8523489932885906,1.2013422818791946,projection
16358,Tyler Mahle,2026,WHIP,NA,1.1570231143552312,0.9708029197080292,1.3503649635036497,projection
16400,Reynaldo López,2026,WHIP,NA,1.1140949074074074,0.9375,1.2986111111111112,projection
16502,Ryan Yarbrough,2026,WHIP,NA,1.2661317204301075,1.0161290322580645,1.532258064516129,projection
17277,Ranger Suárez,2026,WHIP,NA,1.1361400394477317,0.9763313609467456,1.301775147928994,projection
17295,Framber Valdez,2026,WHIP,NA,1.2050965811965813,1.0512820512820513,1.3692307692307693,projection
17312,Justin Steele,2026,WHIP,NA,1.1081378600823046,0.9012345679012346,1.3333333333333333,projection
17594,Mitch Keller,2026,WHIP,NA,1.2391323809523809,1.08,1.4114285714285715,projection
17995,Logan Webb,2026,WHIP,NA,1.1102656765676568,0.9702970297029703,1.2574257425742574,projection
18525,Dylan Cease,2026,WHIP,NA,1.2337978142076502,1.0710382513661203,1.3991803278688535,projection
18679,Freddy Peralta,2026,WHIP,NA,1.179746913580247,1.0243827160493828,1.3518518518518519,projection
19350,Dean Kremer,2026,WHIP,NA,1.2494964028776978,1.0719424460431655,1.4388489208633093,projection
19361,Corbin Burnes,2026,WHIP,NA,1.2063803418803418,0.9230769230769231,1.5384615384615385,projection
19407,Ronel Blanco,2026,WHIP,NA,1.241313725490196,0.8235294117647058,1.7058823529411764,projection
19755,Shohei Ohtani,2026,WHIP,NA,1.093492816091954,0.9051724137931034,1.293103448275862,projection
19853,Michael King,2026,WHIP,NA,1.2183333333333333,1.0372670807453417,1.4037267080745341,projection
19899,Clarke Schmidt,2026,WHIP,NA,1.1937395833333337,0.875,1.5625,projection
19959,Jesús Luzardo,2026,WHIP,NA,1.1340335195530726,0.9776536312849162,1.2905027932960893,projection
20000,Tyler Wells,2026,WHIP,NA,1.1997981220657277,0.9577464788732394,1.4507042253521127,projection
20418,Josh Fleming,2026,WHIP,NA,1.1639791666666661,0.625,1.875,projection
20531,Kutter Crawford,2026,WHIP,NA,1.2016763565891473,0.9883720930232558,1.4191860465116302,projection
20778,Cristopher Sánchez,2026,WHIP,NA,1.0405216666666666,0.895,1.195,projection
21390,Joe Ryan,2026,WHIP,NA,1.0720369261477045,0.9161676646706587,1.2335329341317365,projection
21455,Kris Bubic,2026,WHIP,NA,1.2250988505747127,1.0413793103448277,1.4206896551724137,projection
21487,Stephen Kolek,2026,WHIP,NA,1.2721623376623377,1.0389610389610389,1.5324675324675325,projection
21690,Edward Cabrera,2026,WHIP,NA,1.235829683698297,1.051094890510949,1.4306569343065694,projection
21844,Braxton Garrett,2026,WHIP,NA,1.1499354005167959,0.9689922480620154,1.3410852713178294,projection
21846,Cole Ragans,2026,WHIP,NA,1.0631840490797546,0.8957055214723927,1.2392638036809815,projection
22182,Hunter Greene,2026,WHIP,NA,1.0494296296296297,0.8944444444444445,1.211111111111111,projection
22191,Tobias Myers,2026,WHIP,NA,1.2089133333333333,0.9733333333333334,1.4666666666666666,projection
22250,Logan Gilbert,2026,WHIP,NA,1.0353977505112475,0.8834355828220859,1.1901840490797546,projection
22264,Shane Baz,2026,WHIP,NA,1.2744506578947368,1.0921052631578947,1.4671052631578947,projection
22267,Tarik Skubal,2026,WHIP,NA,0.8877408333333333,0.76,1.02,projection
23301,Janson Junk,2026,WHIP,NA,1.2443701754385965,1.0315789473684212,1.4736842105263157,projection
23796,Ryan Weathers,2026,WHIP,NA,1.253594262295082,1.0491803278688525,1.4672131147540983,projection
23920,Brayan Bello,2026,WHIP,NA,1.2741786492374727,1.0980392156862746,1.457516339869281,projection
24492,Grayson Rodriguez,2026,WHIP,NA,1.1845464480874317,1,1.3852459016393444,projection
24586,Kyle Bradish,2026,WHIP,NA,0.9838515815085158,0.8102189781021898,1.167883211678832,projection
25098,Jacob Lopez,2026,WHIP,NA,1.2733435114503817,1.0687022900763359,1.4885496183206106,projection
25385,Drew Rasmussen,2026,WHIP,NA,1.0836625,0.925,1.25625,projection
25386,Jhony Brito,2026,WHIP,NA,1.2374270833333334,0.8125,1.6875,projection
25436,George Kirby,2026,WHIP,NA,1.1292552986512525,0.9653179190751445,1.300578034682081,projection
25880,Hunter Brown,2026,WHIP,NA,1.078615664845173,0.9234972677595629,1.2349726775956285,projection
25977,Quinn Priester,2026,WHIP,NA,1.239080459770115,1.0689655172413792,1.4137931034482758,projection
26221,Ryan Pepiot,2026,WHIP,NA,1.1633856015779094,1,1.3372781065088757,projection
26253,Ryne Nelson,2026,WHIP,NA,1.1472115768463074,0.9820359281437125,1.3233532934131738,projection
26378,Nick Lodolo,2026,WHIP,NA,1.1972649006622516,1.0198675496688743,1.3841059602649006,projection
27463,Garrett Crochet,2026,WHIP,NA,1.0193096446700507,0.8781725888324873,1.16751269035533,projection
27581,Hayden Wesneski,2026,WHIP,NA,1.2468924731182796,0.9032258064516129,1.6129032258064515,projection
27597,Cody Bradford,2026,WHIP,NA,1.1490328638497653,0.9154929577464789,1.3943661971830985,projection
27691,Louis Varland,2026,WHIP,NA,1.2125522388059702,0.9701492537313433,1.4776119402985075,projection
27758,Kyle Harrison,2026,WHIP,NA,1.273426966292135,1.0449438202247192,1.5168539325842696,projection
27768,Eury Pérez,2026,WHIP,NA,1.1452567901234567,0.9703703703703703,1.3333333333333333,projection
27792,Gavin Stone,2026,WHIP,NA,1.2187539682539683,0.9285714285714286,1.5238095238095237,projection
27863,Jared Jones,2026,WHIP,NA,1.1932954545454546,0.9772727272727273,1.4204545454545454,projection
29812,Robert Gasser,2026,WHIP,NA,1.1915376984126984,0.9523809523809523,1.4523809523809523,projection
29839,Emmet Sheehan,2026,WHIP,NA,1.111109557109557,0.9300699300699301,1.3006993006993006,projection
29911,Andrew Abbott,2026,WHIP,NA,1.1889989837398374,1.0182926829268293,1.3658536585365855,projection
29914,Andrew Alvarez,2026,WHIP,NA,1.26695,1.0222222222222221,1.5333333333333334,projection
30113,Chad Patrick,2026,WHIP,NA,1.2458380952380952,1.0571428571428572,1.4428571428571428,projection
30122,Gavin Williams,2026,WHIP,NA,1.2671438492063491,1.0892857142857142,1.4583333333333333,projection
30134,Tanner Bibee,2026,WHIP,NA,1.2493910256410257,1.0769230769230769,1.4230769230769231,projection
30184,Noah Cameron,2026,WHIP,NA,1.1935892018779344,1.0140845070422535,1.3873239436619718,projection
30279,Bryan Woo,2026,WHIP,NA,0.9964888888888889,0.8564102564102564,1.1435897435897435,projection
31475,Logan Henderson,2026,WHIP,NA,1.0990666666666666,0.8857142857142857,1.3333333333333333,projection
31623,Jacob Misiorowski,2026,WHIP,NA,1.1916920289855073,0.9927536231884058,1.3985507246376812,projection
31687,Shane Smith,2026,WHIP,NA,1.2752468750000001,1.0875,1.46875,projection
31757,Mason Miller,2026,WHIP,NA,1.2470176767676768,0.9848484848484849,1.5303030303030303,projection
31846,Spencer Schwellenbach,2026,WHIP,NA,1.050823970037453,0.8539325842696629,1.2584269662921348,projection
31872,Cade Horton,2026,WHIP,NA,1.1551653543307088,0.9763779527559056,1.3543307086614174,projection
31986,Parker Messick,2026,WHIP,NA,1.1766418732782369,0.9669421487603306,1.396694214876033,projection
32095,Cam Schlittler,2026,WHIP,NA,1.1696776859504132,0.9669421487603306,1.3801652892561984,projection
32227,Luis Morales,2026,WHIP,NA,1.1996988795518206,0.9831932773109243,1.4285714285714286,projection
33527,Hurston Waldrep,2026,WHIP,NA,1.1757738095238095,0.9285714285714286,1.4285714285714286,projection
33677,Paul Skenes,2026,WHIP,NA,0.9717530864197531,0.8306878306878307,1.1216931216931216,projection
33703,Nolan McLean,2026,WHIP,NA,1.070880459770115,0.8893103448275862,1.2620689655172415,projection
33825,Yoshinobu Yamamoto,2026,WHIP,NA,1.0522010752688171,0.8903225806451613,1.2193548387096773,projection
33829,Shota Imanaga,2026,WHIP,NA,1.1170975056689343,0.9455782312925171,1.2993197278911566,projection
33876,Rhett Lowder,2026,WHIP,NA,1.236729674796748,0.9878048780487805,1.5121951219512195,projection
35333,Chase Burns,2026,WHIP,NA,1.2001355013550135,0.991869918699187,1.4227642276422765,projection
