playerid,PlayerName,Season,outcome,observed,fitted_mean,fitted_p10,fitted_p90,type
15640,Aaron Judge,2021,RBI,0.15481832543443919,0.16489007756525637,0.15585636457465973,0.17405116701721726,fit
15640,Aaron Judge,2022,RBI,0.1882183908045977,0.16475498425564758,0.1572249153306423,0.17231452497844407,fit
15640,Aaron Judge,2023,RBI,0.16375545851528384,0.18364099426030936,0.1755182564298153,0.19160700262886116,fit
15640,Aaron Judge,2024,RBI,0.20454545454545456,0.18245636927600142,0.17377329683230272,0.19135865819160994,fit
15640,Aaron Judge,2025,RBI,0.16789396170839468,0.18996438265808716,0.17877085827852243,0.20137117627352,fit
19287,Adolis García,2021,RBI,0.14469453376205788,0.14808871288315345,0.1393236541707127,0.15704495779098246,fit
19287,Adolis García,2022,RBI,0.1537290715372907,0.13926832871718975,0.13277826970459505,0.14595766843998637,fit
19287,Adolis García,2023,RBI,0.16930379746835442,0.1461222170074339,0.1395299023914606,0.15271157454184947,fit
19287,Adolis García,2024,RBI,0.13343799058084774,0.1366715944097613,0.1294899898933844,0.14393048744717532,fit
19287,Adolis García,2025,RBI,0.13711151736745886,0.13397060494547594,0.12488003925883284,0.14320568722845975,fit
21618,Alec Bohm,2021,RBI,0.11270983213429256,0.11558092544777743,0.10628209496630946,0.12506683948882819,fit
21618,Alec Bohm,2022,RBI,0.11410459587955626,0.11504959472934947,0.10806595024057389,0.12232109876281337,fit
21618,Alec Bohm,2023,RBI,0.15875613747954173,0.1277690403320926,0.12125934988745965,0.13441038685741918,fit
21618,Alec Bohm,2024,RBI,0.16006600660066006,0.1264989479641353,0.11942941388990688,0.13360297126033885,fit
21618,Alec Bohm,2025,RBI,0.11706349206349206,0.13125686569203981,0.12185913539025597,0.14092060963729655,fit
27615,Alec Burleson,2023,RBI,0.1037463976945245,0.11813040439619284,0.10825296074225309,0.12816393514370544,fit
27615,Alec Burleson,2024,RBI,0.13109243697478992,0.12060159193347555,0.11252575779103748,0.12868810758565022,fit
27615,Alec Burleson,2025,RBI,0.12637362637362637,0.12913148188915013,0.11966691387589184,0.1387242023918302,fit
17678,Alex Bregman,2021,RBI,0.1375,0.12900375655188806,0.12018610802915473,0.13793917964295507,fit
17678,Alex Bregman,2022,RBI,0.14176829268292682,0.12442683586663313,0.11781761633505303,0.13109906182602754,fit
17678,Alex Bregman,2023,RBI,0.13535911602209943,0.13388391929277407,0.12786759659251154,0.14018217765250843,fit
17678,Alex Bregman,2024,RBI,0.11829652996845426,0.12841773196764755,0.12171191402374132,0.1351947690249902,fit
17678,Alex Bregman,2025,RBI,0.12525252525252525,0.12908476685615686,0.12011773674517849,0.13833445916633752,fit
24816,Andy Pages,2024,RBI,0.1038374717832957,0.12234848136558914,0.11271279340198807,0.13210556993678346,fit
24816,Andy Pages,2025,RBI,0.13782051282051283,0.12644922510107395,0.11714521226499161,0.1355155117921699,fit
18360,Austin Riley,2021,RBI,0.16163141993957703,0.15628923538044961,0.14651607152791443,0.16611067192878542,fit
18360,Austin Riley,2022,RBI,0.1341991341991342,0.14273043497265864,0.13556656078263046,0.14981796063710778,fit
18360,Austin Riley,2023,RBI,0.13566433566433567,0.14540319705418583,0.13880985944460508,0.15215495915539023,fit
18360,Austin Riley,2024,RBI,0.11940298507462686,0.13203514606431932,0.12526621558955747,0.1392544148164072,fit
18360,Austin Riley,2025,RBI,0.12080536912751678,0.12563659587180886,0.1174099366906583,0.1343042867332007,fit
29576,Ben Rice,2024,RBI,0.12921348314606743,0.12105647056665848,0.10959440624671662,0.13244868591763717,fit
29576,Ben Rice,2025,RBI,0.12264150943396226,0.1327753229893196,0.12194142501601322,0.14384584781502383,fit
25764,Bobby Witt Jr.,2022,RBI,0.12658227848101267,0.1259089362342627,0.11668959180519524,0.13509808706706763,fit
25764,Bobby Witt Jr.,2023,RBI,0.138328530259366,0.13953698718883722,0.131875944998974,0.1474426159962343,fit
25764,Bobby Witt Jr.,2024,RBI,0.153737658674189,0.13784089715994371,0.13073932484484269,0.14493263921577176,fit
25764,Bobby Witt Jr.,2025,RBI,0.12809315866084425,0.14268214524588244,0.1338209649777354,0.15157929238905427,fit
18882,Brandon Lowe,2021,RBI,0.16097560975609757,0.14070148168141433,0.13117500842452512,0.15038687022507044,fit
18882,Brandon Lowe,2022,RBI,0.09398496240601503,0.1355412850885074,0.1281306162951399,0.14285458401841314,fit
18882,Brandon Lowe,2023,RBI,0.1559633027522936,0.14562237759817667,0.1384148255392432,0.15291090635094426,fit
18882,Brandon Lowe,2024,RBI,0.13647058823529412,0.13943228630406254,0.1317487483559121,0.14711459439245608,fit
18882,Brandon Lowe,2025,RBI,0.15009041591320071,0.1398740552616468,0.12993485817137096,0.14948621593471015,fit
12927,Brandon Nimmo,2021,RBI,0.07253886010362694,0.10732273780222655,0.09963269627326782,0.11525986071092645,fit
12927,Brandon Nimmo,2022,RBI,0.0950965824665676,0.10713558123944061,0.1011720027584975,0.1133505990072752,fit
12927,Brandon Nimmo,2023,RBI,0.09970674486803519,0.11932836092419759,0.11351555415657977,0.12523910620357495,fit
12927,Brandon Nimmo,2024,RBI,0.13574660633484162,0.11849133693007068,0.11219477753378584,0.1252114781528567,fit
12927,Brandon Nimmo,2025,RBI,0.1411042944785276,0.12332052124094647,0.1147461828842643,0.13216084598141,fit
19627,Brent Rooker,2021,RBI,0.07511737089201878,0.12304889126429999,0.11181391848929763,0.1343341013395846,fit
19627,Brent Rooker,2023,RBI,0.1311787072243346,0.14256249735607682,0.13486829516034676,0.15016011025810708,fit
19627,Brent Rooker,2024,RBI,0.18241042345276873,0.14451487287143944,0.13699544229408545,0.15202957560020583,fit
19627,Brent Rooker,2025,RBI,0.12732474964234622,0.15353971305327024,0.14391497876005477,0.16341218858926468,fit
22186,Brice Turang,2023,RBI,0.07589285714285714,0.08323538920375707,0.07572229405963594,0.0910311574850128,fit
22186,Brice Turang,2024,RBI,0.09208400646203554,0.09172767382202082,0.08529621200992947,0.09844557313146335,fit
22186,Brice Turang,2025,RBI,0.12291350531107739,0.10598816017160823,0.09832049862792086,0.11430491580746019,fit
19326,Bryan Reynolds,2021,RBI,0.1393188854489164,0.136705879592431,0.12800539070793926,0.14564700181498064,fit
19326,Bryan Reynolds,2022,RBI,0.10097719869706841,0.12585477273044385,0.11943915865951331,0.1322704420924512,fit
19326,Bryan Reynolds,2023,RBI,0.13125,0.12926676479623572,0.12321009528565857,0.13511732039852203,fit
19326,Bryan Reynolds,2024,RBI,0.12716763005780346,0.11836343999160422,0.11210862367452844,0.12474083974039031,fit
19326,Bryan Reynolds,2025,RBI,0.11162079510703364,0.11358733132147017,0.10599262952658924,0.12152119175169565,fit
11579,Bryce Harper,2021,RBI,0.14023372287145242,0.1498860209691622,0.14058889579013018,0.15914189036171078,fit
11579,Bryce Harper,2022,RBI,0.15258215962441316,0.14008081500154584,0.13312039084496619,0.14730087193165184,fit
11579,Bryce Harper,2023,RBI,0.13186813186813187,0.146055247904058,0.139327627979153,0.15319105098415847,fit
11579,Bryce Harper,2024,RBI,0.13787638668779714,0.13575352122177217,0.12851527869773638,0.14329172733481713,fit
11579,Bryce Harper,2025,RBI,0.12931034482758622,0.132237033689006,0.12342176155414776,0.1414958878714454,fit
14161,Byron Buxton,2021,RBI,0.12598425196850394,0.14967604243602042,0.13860006166248962,0.16087374768187201,fit
14161,Byron Buxton,2022,RBI,0.13350785340314136,0.1436200809856207,0.13535508805703458,0.1520979751299957,fit
14161,Byron Buxton,2023,RBI,0.12103746397694524,0.15375949277354678,0.14584242485204624,0.16180318875137584,fit
14161,Byron Buxton,2024,RBI,0.14432989690721648,0.14675799827222374,0.13866645030392735,0.15516797122946124,fit
14161,Byron Buxton,2025,RBI,0.15313653136531366,0.146807745592957,0.1365754714042218,0.15709193261246504,fit
25768,CJ Abrams,2022,RBI,0.0695364238410596,0.08913657080877206,0.08117155223824479,0.09726097470953929,fit
25768,CJ Abrams,2023,RBI,0.10423452768729642,0.10139682258172236,0.09430131788622195,0.10863214071528943,fit
25768,CJ Abrams,2024,RBI,0.1079734219269103,0.1028265960737307,0.09671042016864007,0.10915136258024458,fit
25768,CJ Abrams,2025,RBI,0.09448818897637795,0.10927853386043818,0.1020234615994736,0.11669499988560213,fit
21534,Cal Raleigh,2021,RBI,0.08783783783783784,0.11775033671463507,0.10793734351514557,0.12782773827320665,fit
21534,Cal Raleigh,2022,RBI,0.15180722891566265,0.12520032781640722,0.1170778649523458,0.13332532918646212,fit
21534,Cal Raleigh,2023,RBI,0.13181019332161686,0.1484817021486586,0.14093841239167607,0.15608474304625555,fit
21534,Cal Raleigh,2024,RBI,0.1592356687898089,0.15694151760169697,0.14923765953015694,0.1644978956532819,fit
21534,Cal Raleigh,2025,RBI,0.1773049645390071,0.1738015916931946,0.16366953277949473,0.18419959085653775,fit
13419,Christian Walker,2021,RBI,0.10337078651685393,0.1338520189546254,0.12525514055389203,0.14258476103789833,fit
13419,Christian Walker,2022,RBI,0.1409295352323838,0.13177998291776952,0.12483641905637019,0.13892675463812898,fit
13419,Christian Walker,2023,RBI,0.15582450832072617,0.14466866009814058,0.13745173527837123,0.15187299856888836,fit
13419,Christian Walker,2024,RBI,0.15217391304347827,0.14151046829254282,0.13381668663527438,0.14928421596255953,fit
13419,Christian Walker,2025,RBI,0.1375,0.14499039741782524,0.13505314917477806,0.15452074908969565,fit
11477,Christian Yelich,2021,RBI,0.10736842105263159,0.100496618775353,0.0935055351386905,0.10746588124639364,fit
11477,Christian Yelich,2022,RBI,0.08494783904619971,0.10445308710312701,0.09865417845324903,0.11036796572734625,fit
11477,Christian Yelich,2023,RBI,0.12025316455696203,0.12113020818026964,0.11493155551981775,0.12755997923040538,fit
11477,Christian Yelich,2024,RBI,0.13333333333333333,0.12522962587425532,0.11780599655658458,0.13277554966164817,fit
11477,Christian Yelich,2025,RBI,0.15993788819875776,0.1356901782322273,0.12562954406936166,0.14591845560597919,fit
15998,Cody Bellinger,2021,RBI,0.10285714285714286,0.11248088617604952,0.10393328707751127,0.12135551364017239,fit
15998,Cody Bellinger,2022,RBI,0.12363636363636364,0.11700045561636133,0.11004111088004279,0.12420112915656317,fit
15998,Cody Bellinger,2023,RBI,0.17446043165467626,0.13574064574399863,0.1291188339577168,0.14244959300085203,fit
15998,Cody Bellinger,2024,RBI,0.13708260105448156,0.1403527876472726,0.13321490612371079,0.14747100168977073,fit
15998,Cody Bellinger,2025,RBI,0.14939024390243902,0.15204860783522584,0.14235197754661008,0.16173512567820889,fit
29712,Colson Montgomery,2025,RBI,0.1936619718309859,0.1701781337254066,0.15303393173961688,0.18812940870601685,fit
25878,Corbin Carroll,2022,RBI,0.12173913043478261,0.11473757631387768,0.1048119762126264,0.12524329594789096,fit
25878,Corbin Carroll,2023,RBI,0.11782945736434108,0.12458158984072952,0.1159687974392907,0.13309241043526976,fit
25878,Corbin Carroll,2024,RBI,0.10818713450292397,0.12062995254554582,0.11352998142996786,0.12774220140530923,fit
25878,Corbin Carroll,2025,RBI,0.1308411214953271,0.12244632188116936,0.11446232213336159,0.13062969407055258,fit
13624,Corey Seager,2021,RBI,0.1393643031784841,0.14528493160589015,0.13562889932214112,0.15528095999695293,fit
13624,Corey Seager,2022,RBI,0.12518853695324283,0.14013472650245432,0.13283036971472925,0.14746667919483195,fit
13624,Corey Seager,2023,RBI,0.1791044776119403,0.15076682328998067,0.14384908136247068,0.15801866018771923,fit
13624,Corey Seager,2024,RBI,0.13883677298311445,0.14456451383360883,0.13691986357357835,0.15262286773141231,fit
13624,Corey Seager,2025,RBI,0.11235955056179775,0.14524149554326055,0.13522447874962942,0.1556776354618785,fit
18314,Dansby Swanson,2021,RBI,0.13476263399693722,0.1302533108548154,0.1222662117208254,0.13854913672893948,fit
18314,Dansby Swanson,2022,RBI,0.13793103448275862,0.12232528298564174,0.11627432050946304,0.12842032791698965,fit
18314,Dansby Swanson,2023,RBI,0.12539184952978055,0.12813198454658511,0.12227474210844194,0.13413534716361433,fit
18314,Dansby Swanson,2024,RBI,0.11129848229342328,0.11961480495819213,0.11327647170068299,0.12612720476602482,fit
18314,Dansby Swanson,2025,RBI,0.11937984496124031,0.11699291940544937,0.10891131978449525,0.12531706404508997,fit
19918,Daulton Varsho,2021,RBI,0.12063492063492064,0.11639601965586548,0.10727194866674725,0.1258200395593731,fit
19918,Daulton Varsho,2022,RBI,0.125,0.11652628628369424,0.10957450390059964,0.12369117481708256,fit
19918,Daulton Varsho,2023,RBI,0.10499139414802065,0.13017274515675809,0.1236030722164434,0.1368405016163858,fit
19918,Daulton Varsho,2024,RBI,0.11306042884990253,0.12965775137299745,0.12222654799427578,0.13703037879133495,fit
19918,Daulton Varsho,2025,RBI,0.2029520295202952,0.13536829213971258,0.12536095206769543,0.14554457577322444,fit
31539,Drake Baldwin,2025,RBI,0.17937219730941703,0.15645958276360378,0.14232014687162275,0.17116888415860237,fit
26668,Elly De La Cruz,2023,RBI,0.10304449648711944,0.11345419495430938,0.10392015924740412,0.1231845019284461,fit
26668,Elly De La Cruz,2024,RBI,0.10919540229885058,0.11237992398396114,0.10479477619052213,0.12015706183043302,fit
26668,Elly De La Cruz,2025,RBI,0.12303290414878398,0.11667907196491051,0.10880845563117385,0.12481484783339435,fit
12552,Eugenio Suárez,2021,RBI,0.13763066202090593,0.12998315937569008,0.12190675080472343,0.13810362633856402,fit
12552,Eugenio Suárez,2022,RBI,0.1383147853736089,0.1324950694052925,0.1259789578926256,0.13920974630195998,fit
12552,Eugenio Suárez,2023,RBI,0.138328530259366,0.15065243822116514,0.14371463329171252,0.15774731375542927,fit
12552,Eugenio Suárez,2024,RBI,0.1578125,0.15268139748407414,0.14486939987985192,0.16053109343729696,fit
12552,Eugenio Suárez,2025,RBI,0.1796042617960426,0.16214437373590956,0.15179436888683817,0.1727838152393968,fit
24064,Ezequiel Tovar,2023,RBI,0.11869918699186992,0.11565398466071156,0.10658562549847372,0.12535492520648767,fit
24064,Ezequiel Tovar,2024,RBI,0.11223021582733812,0.1112106106153751,0.10366479330561859,0.11897047578085793,fit
24064,Ezequiel Tovar,2025,RBI,0.08461538461538462,0.11208703827047449,0.10387361767721172,0.12025021700929896,fit
19709,Fernando Tatis Jr.,2021,RBI,0.17765567765567766,0.15746353144692404,0.14500766547171867,0.17037124830307765,fit
19709,Fernando Tatis Jr.,2023,RBI,0.12283464566929134,0.14030140933838495,0.13268897348756406,0.14814240221630087,fit
19709,Fernando Tatis Jr.,2024,RBI,0.11187214611872145,0.12470716357680837,0.11753378627131698,0.1319398231584671,fit
19709,Fernando Tatis Jr.,2025,RBI,0.10274963820549927,0.11616787776758711,0.10829829143446143,0.12397567817888082,fit
12916,Francisco Lindor,2021,RBI,0.12022900763358779,0.1266099323396978,0.11847035552306151,0.1348432546786902,fit
12916,Francisco Lindor,2022,RBI,0.15155807365439095,0.12420614813041461,0.11780408799602671,0.13061837071377036,fit
12916,Francisco Lindor,2023,RBI,0.14264919941775836,0.1359011720120226,0.12968961898908135,0.14220254208355615,fit
12916,Francisco Lindor,2024,RBI,0.1320754716981132,0.13251800110090725,0.12582354430072157,0.13923407514811678,fit
12916,Francisco Lindor,2025,RBI,0.11748633879781421,0.13538268984628973,0.1266918360866633,0.14399958173561442,fit
5361,Freddie Freeman,2021,RBI,0.11942446043165468,0.14180867701439934,0.13364945074324153,0.1502661308879013,fit
5361,Freddie Freeman,2022,RBI,0.14124293785310735,0.13527092602387183,0.12858478776829926,0.1419875620743313,fit
5361,Freddie Freeman,2023,RBI,0.13972602739726028,0.14388230822658207,0.13709883640520187,0.15063851189660296,fit
5361,Freddie Freeman,2024,RBI,0.13949843260188088,0.13636063072027566,0.1289710468240661,0.14384635749564778,fit
5361,Freddie Freeman,2025,RBI,0.14354066985645933,0.13536786932446002,0.12625669734606645,0.14499953271966523,fit
12856,George Springer,2021,RBI,0.14619883040935672,0.12884659797158524,0.12014693909684294,0.13766277177164804,fit
12856,George Springer,2022,RBI,0.13036020583190394,0.12280250218984358,0.11592715951472711,0.12966164096757507,fit
12856,George Springer,2023,RBI,0.1054172767203514,0.1305816879112841,0.12367348350356386,0.13741863265096335,fit
12856,George Springer,2024,RBI,0.09120521172638436,0.12378422507757035,0.11649726076607528,0.13128803489560242,fit
12856,George Springer,2025,RBI,0.14334470989761092,0.12297892483583618,0.11374503558231508,0.13224709441875515,fit
22799,Geraldo Perdomo,2022,RBI,0.08,0.07422378102805942,0.0673722001465177,0.08146874443474698,fit
22799,Geraldo Perdomo,2023,RBI,0.09494949494949495,0.09081672517571163,0.08435131208093842,0.09772374113819818,fit
22799,Geraldo Perdomo,2024,RBI,0.09536082474226804,0.09906789612961414,0.09284360556310017,0.10553693542141544,fit
22799,Geraldo Perdomo,2025,RBI,0.1388888888888889,0.11326363018588259,0.1053945488853973,0.1214128503767017,fit
4949,Giancarlo Stanton,2021,RBI,0.16753022452504318,0.15783986149837573,0.1479186971567522,0.16799681314579462,fit
4949,Giancarlo Stanton,2022,RBI,0.17256637168141592,0.15736034214148348,0.14893728660987582,0.16613574481030496,fit
4949,Giancarlo Stanton,2023,RBI,0.14457831325301204,0.1750154295543414,0.1654548412267098,0.18471994640976086,fit
4949,Giancarlo Stanton,2024,RBI,0.1568627450980392,0.17351464351668627,0.16245649488835986,0.18480773928892805,fit
4949,Giancarlo Stanton,2025,RBI,0.23487544483985764,0.1802747258768772,0.16599210222159694,0.1951168622225744,fit
16997,Gleyber Torres,2021,RBI,0.09883720930232558,0.10908305127974448,0.10083871600444005,0.11723154608352529,fit
16997,Gleyber Torres,2022,RBI,0.13286713286713286,0.1057567583829376,0.09947209576776789,0.11194016077466859,fit
16997,Gleyber Torres,2023,RBI,0.10119047619047619,0.11436169303103103,0.10862079132117058,0.12015204387227375,fit
16997,Gleyber Torres,2024,RBI,0.09473684210526316,0.11021728520158106,0.10416790740369276,0.11626859580697417,fit
16997,Gleyber Torres,2025,RBI,0.1178343949044586,0.11129356012112085,0.10375019891815811,0.11900774686032187,fit
26289,Gunnar Henderson,2022,RBI,0.13636363636363635,0.1248479653634872,0.11422991868958618,0.1354022686376507,fit
26289,Gunnar Henderson,2023,RBI,0.13183279742765272,0.13186993996966048,0.12317890018632721,0.1404690006103446,fit
26289,Gunnar Henderson,2024,RBI,0.12795549374130738,0.12416785742233231,0.11704105524736244,0.13131677302228112,fit
26289,Gunnar Henderson,2025,RBI,0.10445468509984639,0.12252037510960166,0.11464833736685362,0.13060206075194852,fit
29715,Hunter Goodman,2024,RBI,0.16071428571428573,0.1502302499123998,0.1378888919166758,0.16308117079895723,fit
29715,Hunter Goodman,2025,RBI,0.15716753022452504,0.15784125412247826,0.14646372885675002,0.16929016827108953,fit
17919,Ian Happ,2021,RBI,0.1233644859813084,0.11817468231162857,0.11030265816807361,0.12625147935832606,fit
17919,Ian Happ,2022,RBI,0.11232449297971919,0.11450150903584741,0.10862580073932224,0.12053089692495782,fit
17919,Ian Happ,2023,RBI,0.12156295224312591,0.12377776913602122,0.118109497788844,0.12942347721462924,fit
17919,Ian Happ,2024,RBI,0.1308980213089802,0.1192878162748581,0.11326871566431898,0.12546192384254573,fit
17919,Ian Happ,2025,RBI,0.1191553544494721,0.12048455449079483,0.11261497845607803,0.1283849580304566,fit
28806,Jackson Chourio,2024,RBI,0.13787085514834205,0.13039378611684566,0.11966606144827738,0.1412508120457773,fit
28806,Jackson Chourio,2025,RBI,0.13242784380305603,0.13144050685600586,0.12145800968308545,0.1415044173272014,fit
29490,Jackson Merrill,2024,RBI,0.15177065767284992,0.13925459042778604,0.1279298218349514,0.15104220132102983,fit
29490,Jackson Merrill,2025,RBI,0.13871635610766045,0.1374626674800157,0.12726284566104384,0.14828106707066524,fit
22275,Jake Burger,2022,RBI,0.14207650273224043,0.1471786146188432,0.13499646379615146,0.15923322613635413,fit
22275,Jake Burger,2023,RBI,0.14814814814814814,0.15357753808135619,0.1442942016790936,0.16304727715726428,fit
22275,Jake Burger,2024,RBI,0.13126079447322972,0.1429401959246846,0.13470765941235247,0.15140370250836307,fit
22275,Jake Burger,2025,RBI,0.14095744680851063,0.13950283470261912,0.12898789768036664,0.15016760616904404,fit
29518,James Wood,2024,RBI,0.12202380952380952,0.12476023060115486,0.11445329194504078,0.13563170876211555,fit
29518,James Wood,2025,RBI,0.13642960812772134,0.12741707554710563,0.11805348179574195,0.13713999767442264,fit
24617,Jarren Duran,2021,RBI,0.08928571428571429,0.09003053135176482,0.08080644004426124,0.09988661708551688,fit
24617,Jarren Duran,2022,RBI,0.07623318385650224,0.09289319373724715,0.0857868385240072,0.1004768620130967,fit
24617,Jarren Duran,2023,RBI,0.11049723756906077,0.10696352784275356,0.1005225479385876,0.11363711982652525,fit
24617,Jarren Duran,2024,RBI,0.10204081632653061,0.10982926030611107,0.10367492391296927,0.1161799404957122,fit
24617,Jarren Duran,2025,RBI,0.1206896551724138,0.11822122920484904,0.11022737634420865,0.12633597425649887,fit
20454,Jazz Chisholm Jr.,2021,RBI,0.10453648915187377,0.12743672021710664,0.1174970036448539,0.13778886215061437,fit
20454,Jazz Chisholm Jr.,2022,RBI,0.18672199170124482,0.12493113417990044,0.11705542494966606,0.1328715877974816,fit
20454,Jazz Chisholm Jr.,2023,RBI,0.13315926892950392,0.13661728745815416,0.12913199228350786,0.14411749204138952,fit
20454,Jazz Chisholm Jr.,2024,RBI,0.11755233494363929,0.1331620973660177,0.1257852749198468,0.14064275743553237,fit
20454,Jazz Chisholm Jr.,2025,RBI,0.15065913370998116,0.136006239201973,0.1269840141487861,0.1453743232827845,fit
21636,Jeremy Peña,2022,RBI,0.11290322580645161,0.10161468639980482,0.09381685667035963,0.10943244502191261,fit
21636,Jeremy Peña,2023,RBI,0.08201892744479496,0.11182502598582937,0.10517763795553851,0.11865703901652502,fit
21636,Jeremy Peña,2024,RBI,0.1076923076923077,0.10970627800242161,0.10358533066106723,0.11604729951985279,fit
21636,Jeremy Peña,2025,RBI,0.1141804788213628,0.11279524205493574,0.1048009184165904,0.12095455059887267,fit
20220,Jo Adell,2021,RBI,0.18571428571428572,0.12207912307241767,0.10986143071837041,0.13440959599084035,fit
20220,Jo Adell,2022,RBI,0.09473684210526316,0.12269929264855274,0.11291191725909587,0.13266274013978238,fit
20220,Jo Adell,2024,RBI,0.13747228381374724,0.13759962749277782,0.1291622634704837,0.14592955586836612,fit
20220,Jo Adell,2025,RBI,0.17102966841186737,0.14421781449625024,0.13443569599518365,0.15425951797111262,fit
21837,Jonathan Aranda,2023,RBI,0.1262135922330097,0.11491343125010113,0.10255487621978267,0.1279791390539175,fit
21837,Jonathan Aranda,2024,RBI,0.0979020979020979,0.1216698017507823,0.11178414595314928,0.13225625000587413,fit
21837,Jonathan Aranda,2025,RBI,0.13981042654028436,0.13511408502564293,0.12406774502711028,0.14670190280479078,fit
27815,Jordan Westburg,2023,RBI,0.10087719298245613,0.12221571916194025,0.11107651204083037,0.13335430707979323,fit
27815,Jordan Westburg,2024,RBI,0.14093959731543623,0.12366530872442684,0.11463652508875044,0.13264718101692452,fit
27815,Jordan Westburg,2025,RBI,0.11647727272727272,0.13124259980871664,0.12060578267647921,0.14205250456543514,fit
18839,Josh Naylor,2021,RBI,0.084,0.13586038562486089,0.12480160357602586,0.14715256704611365,fit
18839,Josh Naylor,2022,RBI,0.15863453815261044,0.13532120336321826,0.12687127135977397,0.14401828308544712,fit
18839,Josh Naylor,2023,RBI,0.19595959595959597,0.15032136853436268,0.14274558019000114,0.15814355450537088,fit
18839,Josh Naylor,2024,RBI,0.17061611374407584,0.1488080125505693,0.14119196109143978,0.15667629097419766,fit
18839,Josh Naylor,2025,RBI,0.152317880794702,0.1543245546114831,0.14442203974445697,0.16462877990130848,fit
13510,José Ramírez,2021,RBI,0.1619496855345912,0.15291920901267508,0.14409195672087002,0.16211950370734796,fit
13510,José Ramírez,2022,RBI,0.18394160583941604,0.145478450677305,0.1384814583750979,0.15245788264661297,fit
13510,José Ramírez,2023,RBI,0.11577424023154848,0.15437918389526942,0.1475707160867793,0.16127517401400215,fit
13510,José Ramírez,2024,RBI,0.17302052785923755,0.14602084977079613,0.1386498837986522,0.15348267259352208,fit
13510,José Ramírez,2025,RBI,0.1263001485884101,0.14472251764851143,0.13552967195467516,0.15415098645872674,fit
20123,Juan Soto,2021,RBI,0.1452599388379205,0.1292193141367951,0.12042812207917522,0.13808227017941177,fit
20123,Juan Soto,2022,RBI,0.09337349397590361,0.127686052350645,0.12067214118953651,0.13474576934982452,fit
20123,Juan Soto,2023,RBI,0.153954802259887,0.14075771471793977,0.13428206048370245,0.14731944427033206,fit
20123,Juan Soto,2024,RBI,0.15287517531556802,0.13832059257674736,0.13176933826835618,0.14511478529791516,fit
20123,Juan Soto,2025,RBI,0.14685314685314685,0.14244455835259234,0.13424424769830662,0.15079299905510282,fit
23697,Julio Rodríguez,2022,RBI,0.13392857142857142,0.13306099367457164,0.12366222728481775,0.14277972043394505,fit
23697,Julio Rodríguez,2023,RBI,0.14425770308123248,0.1394668343647443,0.13158014547826438,0.1475831173047504,fit
23697,Julio Rodríguez,2024,RBI,0.11092985318107668,0.13032958272410922,0.1234435609883922,0.13734118512511886,fit
23697,Julio Rodríguez,2025,RBI,0.13380281690140844,0.12765467617031176,0.11980349397708401,0.13573450085204167,fit
28163,Junior Caminero,2024,RBI,0.1016949152542373,0.1511765889125115,0.13764929006079393,0.16569973996915396,fit
28163,Junior Caminero,2025,RBI,0.16845329249617153,0.15502465819072805,0.142686563769263,0.16800262914707298,fit
10815,Jurickson Profar,2021,RBI,0.08009708737864078,0.08622257984811126,0.0796866095621787,0.09289336000217455,fit
10815,Jurickson Profar,2022,RBI,0.08814589665653495,0.09050234733763843,0.08509727325026176,0.0960014601188035,fit
10815,Jurickson Profar,2023,RBI,0.08829174664107485,0.10599759080093095,0.10022681583284443,0.11185911052087692,fit
10815,Jurickson Profar,2024,RBI,0.12724550898203593,0.11068642768192673,0.10391818599823686,0.11760064211631335,fit
10815,Jurickson Profar,2025,RBI,0.11590296495956873,0.12115100604787889,0.11151832256538585,0.13077947617427627,fit
25961,Kerry Carpenter,2022,RBI,0.08849557522123894,0.1397559055810485,0.12709314018367582,0.15268628138342902,fit
25961,Kerry Carpenter,2023,RBI,0.1394335511982571,0.15290831335130392,0.14249741268224794,0.16352149016717754,fit
25961,Kerry Carpenter,2024,RBI,0.19256756756756757,0.14920251956405003,0.1401639102339087,0.15839353688968005,fit
25961,Kerry Carpenter,2025,RBI,0.1336206896551724,0.15263064550154767,0.1418235220767975,0.16356499347365416,fit
13613,Ketel Marte,2021,RBI,0.13368983957219252,0.11916977695763564,0.11066592021250825,0.12812669085700085,fit
13613,Ketel Marte,2022,RBI,0.0931899641577061,0.12089268985874914,0.11423886370300804,0.12787883560856977,fit
13613,Ketel Marte,2023,RBI,0.12615384615384614,0.1367884068688077,0.13026209150835516,0.14356656621849365,fit
13613,Ketel Marte,2024,RBI,0.16295025728987994,0.13794040559423631,0.130887292989588,0.14522674536285346,fit
13613,Ketel Marte,2025,RBI,0.12949640287769784,0.14574583143334488,0.136370807008647,0.15563989152216723,fit
29794,Kyle Manzardo,2024,RBI,0.09615384615384616,0.12789728985491364,0.11506230919133731,0.14073586019723344,fit
29794,Kyle Manzardo,2025,RBI,0.1318267419962335,0.13191208936444246,0.1205873467049244,0.1433744393031951,fit
16478,Kyle Schwarber,2021,RBI,0.15074309978768577,0.1464592931247589,0.13756327304223817,0.1552070912003757,fit
16478,Kyle Schwarber,2022,RBI,0.14050822122571002,0.14386924908557008,0.1369174791337537,0.15085672678637999,fit
16478,Kyle Schwarber,2023,RBI,0.14444444444444443,0.15764701818044818,0.15074336180710038,0.16460493633269194,fit
16478,Kyle Schwarber,2024,RBI,0.15028901734104047,0.15397417606059594,0.14642394315237883,0.16160580331890484,fit
16478,Kyle Schwarber,2025,RBI,0.18232044198895028,0.1575837768852958,0.14791396323549413,0.1673597992581714,fit
26151,Kyle Stowers,2024,RBI,0.11483253588516747,0.11935028864475299,0.10837119036972866,0.13075379166623807,fit
26151,Kyle Stowers,2025,RBI,0.15973741794310722,0.14018541809128746,0.12861856880072367,0.15197195508767847,fit
18345,Kyle Tucker,2021,RBI,0.16225749559082892,0.15706052171487037,0.1471982379078347,0.16720934365113566,fit
18345,Kyle Tucker,2022,RBI,0.17569786535303777,0.14682276190747956,0.13951543394579188,0.15416878114583674,fit
18345,Kyle Tucker,2023,RBI,0.1661721068249258,0.1531259968142589,0.14618073351593905,0.16020823921787766,fit
18345,Kyle Tucker,2024,RBI,0.14454277286135694,0.14236372403749112,0.13497762461586174,0.14972170113870367,fit
18345,Kyle Tucker,2025,RBI,0.12227805695142378,0.13871274089371646,0.12969118586600395,0.14792812012015213,fit
22715,Maikel Garcia,2023,RBI,0.0970873786407767,0.09100471554173646,0.08299368543541605,0.09899467548418651,fit
22715,Maikel Garcia,2024,RBI,0.0926517571884984,0.09425859038989418,0.08775781759708767,0.10095872854130555,fit
22715,Maikel Garcia,2025,RBI,0.1111111111111111,0.1023689983315344,0.09499385559810464,0.11007160522993925,fit
11493,Manny Machado,2021,RBI,0.165625,0.1561925395981956,0.14686287537565523,0.16518138438366411,fit
11493,Manny Machado,2022,RBI,0.15838509316770186,0.14815347323791064,0.14117233001049953,0.15511937494658254,fit
11493,Manny Machado,2023,RBI,0.15141430948419302,0.15675152286308883,0.14974646399288086,0.16386574260623102,fit
11493,Manny Machado,2024,RBI,0.16329704510108864,0.14782427682896088,0.14046981408706166,0.15548334698942198,fit
11493,Manny Machado,2025,RBI,0.140117994100295,0.14607471552093623,0.13684591767110182,0.15571670943096158,fit
10324,Marcell Ozuna,2021,RBI,0.125,0.1318559206585563,0.12235354328168743,0.14156298881996637,fit
10324,Marcell Ozuna,2022,RBI,0.11045364891518737,0.13044972337340463,0.12286844803819305,0.13809982435076418,fit
10324,Marcell Ozuna,2023,RBI,0.16891891891891891,0.14398122625354692,0.13676829750528471,0.15133840848169225,fit
10324,Marcell Ozuna,2024,RBI,0.1511627906976744,0.1416684518682111,0.1335536864522552,0.1498292062855029,fit
10324,Marcell Ozuna,2025,RBI,0.11486486486486487,0.146081929107213,0.13585679253174313,0.15660429544838733,fit
16505,Matt Chapman,2021,RBI,0.1157556270096463,0.11636603041323981,0.1090306799750243,0.12368128247295605,fit
16505,Matt Chapman,2022,RBI,0.12238325281803543,0.11313102128611156,0.10734847751856544,0.11892188524335347,fit
16505,Matt Chapman,2023,RBI,0.09294320137693632,0.12268986737980486,0.1169163967184079,0.12849130530824837,fit
16505,Matt Chapman,2024,RBI,0.1205564142194745,0.11860347796217463,0.112110756256063,0.12504539049976734,fit
16505,Matt Chapman,2025,RBI,0.11401869158878504,0.12014568898292369,0.11186662975642728,0.12876894940491163,fit
14344,Matt Olson,2021,RBI,0.1649331352154532,0.1617442147473328,0.15246945863259342,0.17120601956601564,fit
14344,Matt Olson,2022,RBI,0.1473533619456366,0.15171481523447,0.14478425966993227,0.15874446049705787,fit
14344,Matt Olson,2023,RBI,0.19305555555555556,0.15868175340269508,0.15207332812422128,0.16531662014534754,fit
14344,Matt Olson,2024,RBI,0.14306569343065692,0.14787919868553107,0.14058509028385596,0.15509941778535097,fit
14344,Matt Olson,2025,RBI,0.13121546961325967,0.14435247435275034,0.13532411646959258,0.1534188935431544,fit
13301,Max Muncy,2021,RBI,0.15878378378378377,0.1442129838747748,0.1352993570360914,0.15320937535364448,fit
13301,Max Muncy,2022,RBI,0.12212389380530973,0.14118962369691482,0.13360937437687584,0.14871129021874194,fit
13301,Max Muncy,2023,RBI,0.18134715025906736,0.15422821800412115,0.14593796319881475,0.16283343764204716,fit
13301,Max Muncy,2024,RBI,0.16382252559726962,0.15019648414367906,0.1407820761756127,0.16019348326509553,fit
13301,Max Muncy,2025,RBI,0.17268041237113402,0.1533107654590359,0.1412801194579048,0.16607735537508417,fit
26319,Michael Busch,2024,RBI,0.1146384479717813,0.13368658299339262,0.12418612905009932,0.1434361234364596,fit
26319,Michael Busch,2025,RBI,0.15202702702702703,0.14294074197650428,0.1332884795107371,0.1527890059732777,fit
19956,Mickey Moniak,2022,RBI,0.07142857142857142,0.10362373359763993,0.09343848251271894,0.11414054504291624,fit
19956,Mickey Moniak,2023,RBI,0.1393188854489164,0.12282208893496868,0.11394112709861492,0.13186671219094329,fit
19956,Mickey Moniak,2024,RBI,0.11722488038277512,0.1298591648676626,0.12189836092516926,0.13814780314166708,fit
19956,Mickey Moniak,2025,RBI,0.1475054229934924,0.14397276827380137,0.13354065849791907,0.15450577980249286,fit
13611,Mookie Betts,2021,RBI,0.10545454545454545,0.13986976766109532,0.13151873785514945,0.1484567026351049,fit
13611,Mookie Betts,2022,RBI,0.12832550860719874,0.13246489435552378,0.12603112917600465,0.1389673746871326,fit
13611,Mookie Betts,2023,RBI,0.1544011544011544,0.13995226676502034,0.13363761778794367,0.14640247855607147,fit
13611,Mookie Betts,2024,RBI,0.14534883720930233,0.13181377239804132,0.12486243380035807,0.1387540823402931,fit
13611,Mookie Betts,2025,RBI,0.12368024132730016,0.13010345746872196,0.12160264167485352,0.13871245422589504,fit
35110,Nick Kurtz,2025,RBI,0.17586912065439672,0.1766408681738033,0.16095767549589612,0.19280029626701878,fit
19251,Pete Alonso,2021,RBI,0.14756671899529042,0.16121616393272517,0.15184539631119734,0.17068563097330713,fit
19251,Pete Alonso,2022,RBI,0.19124087591240876,0.1544955531266217,0.1473594435387096,0.16159742200338875,fit
19251,Pete Alonso,2023,RBI,0.17933130699088146,0.16508856127456334,0.15844687777915936,0.1718431873364976,fit
19251,Pete Alonso,2024,RBI,0.12661870503597122,0.15717853145537344,0.1501388050970471,0.16471199525741204,fit
19251,Pete Alonso,2025,RBI,0.1777150916784203,0.156748564581934,0.14781763127833805,0.16612165041046234,fit
27769,Pete Crow-Armstrong,2024,RBI,0.11463414634146342,0.12414015152940978,0.11383847379584111,0.13441218921202877,fit
27769,Pete Crow-Armstrong,2025,RBI,0.14683153013910355,0.12936194435148277,0.1199472104004595,0.13893983290901363,fit
17350,Rafael Devers,2021,RBI,0.17018072289156627,0.15622713709168362,0.14651330881242552,0.16622468782325828,fit
17350,Rafael Devers,2022,RBI,0.14332247557003258,0.14704659417600896,0.1399257632227652,0.15433744906981733,fit
17350,Rafael Devers,2023,RBI,0.1524390243902439,0.15438969350535203,0.14787622258167898,0.161018870364151,fit
17350,Rafael Devers,2024,RBI,0.13810316139767054,0.14448751722073952,0.13769282987542744,0.1513521236586313,fit
17350,Rafael Devers,2025,RBI,0.149519890260631,0.14168969715706314,0.13305331975274837,0.1502216835514711,fit
17128,Ramón Laureano,2021,RBI,0.10317460317460317,0.10064700916676593,0.09249972043464542,0.1091789740104249,fit
17128,Ramón Laureano,2022,RBI,0.08877284595300261,0.10398419786785446,0.09739620505223498,0.1106541936646334,fit
17128,Ramón Laureano,2023,RBI,0.08663366336633663,0.11987269288394667,0.113440356582929,0.1262921261929995,fit
17128,Ramón Laureano,2024,RBI,0.10679611650485436,0.12321045898962958,0.11609666991706474,0.13050445334187905,fit
17128,Ramón Laureano,2025,RBI,0.1557377049180328,0.13273993608469328,0.12328725137122375,0.14250989763594804,fit
19290,Randy Arozarena,2021,RBI,0.11423841059602649,0.12157781626075158,0.1135946747723335,0.12982566976335935,fit
19290,Randy Arozarena,2022,RBI,0.13798449612403102,0.11431205733184027,0.1083301464070693,0.12034078480304364,fit
19290,Randy Arozarena,2023,RBI,0.12691131498470948,0.11991368474047746,0.11445344901914967,0.1254274641793697,fit
19290,Randy Arozarena,2024,RBI,0.09259259259259259,0.11214357746197227,0.10636899982746509,0.11805508122984681,fit
19290,Randy Arozarena,2025,RBI,0.1071932299012694,0.10991310482444917,0.10282911402669503,0.11731161678542058,fit
25976,Riley Greene,2022,RBI,0.10047846889952153,0.10375917416195256,0.09485057372011278,0.11295330463658318,fit
25976,Riley Greene,2023,RBI,0.0889423076923077,0.12144230147783387,0.11320504782057911,0.12976617022461526,fit
25976,Riley Greene,2024,RBI,0.1267123287671233,0.12674063653191914,0.11928921140365091,0.1342852021927774,fit
25976,Riley Greene,2025,RBI,0.16946564885496182,0.1386492138265796,0.12984702753095778,0.14753010296133534,fit
18401,Ronald Acuña Jr.,2021,RBI,0.14444444444444443,0.13188016381246823,0.1221253167252866,0.14208792166693984,fit
18401,Ronald Acuña Jr.,2022,RBI,0.09380863039399624,0.12441240725937709,0.11694420592438463,0.13208341007684218,fit
18401,Ronald Acuña Jr.,2023,RBI,0.14421768707482993,0.13095419619443954,0.12384021738183429,0.1381344914101921,fit
18401,Ronald Acuña Jr.,2024,RBI,0.06756756756756757,0.12289134083692732,0.11553733889298788,0.13035251389046243,fit
18401,Ronald Acuña Jr.,2025,RBI,0.10194174757281553,0.12087085626180509,0.11194754162769831,0.12971056931962124,fit
7304,Salvador Perez,2021,RBI,0.18195488721804512,0.17188143844238377,0.16217377654380166,0.1820134277713131,fit
7304,Salvador Perez,2022,RBI,0.160676532769556,0.15953192427817728,0.15182927585234654,0.16741310190723135,fit
7304,Salvador Perez,2023,RBI,0.13793103448275862,0.1651239880208047,0.1572102732440668,0.17322887616357938,fit
7304,Salvador Perez,2024,RBI,0.15950920245398773,0.15230256950649268,0.1440218708778312,0.16068489574665742,fit
7304,Salvador Perez,2025,RBI,0.15600624024961,0.14716328623659392,0.13700599372496539,0.15754875177177813,fit
30116,Seiya Suzuki,2022,RBI,0.1031390134529148,0.11843039990583873,0.10939196138042057,0.12770757793887647,fit
30116,Seiya Suzuki,2023,RBI,0.1269296740994854,0.13318324279594712,0.12565702867832607,0.14083220776522057,fit
30116,Seiya Suzuki,2024,RBI,0.12478632478632479,0.13355329452023032,0.12638031987414838,0.141070032830443,fit
30116,Seiya Suzuki,2025,RBI,0.15821812596006143,0.1403844317262256,0.13068213968993278,0.1502852892410098,fit
25816,Shea Langeliers,2022,RBI,0.1437908496732026,0.1235719748476723,0.11306691633183098,0.13449206294080668,fit
25816,Shea Langeliers,2023,RBI,0.12857142857142856,0.14141202340804007,0.13255260188134785,0.15051420606145813,fit
25816,Shea Langeliers,2024,RBI,0.149812734082397,0.14427503017404125,0.13633290319368846,0.15227132842403215,fit
25816,Shea Langeliers,2025,RBI,0.13766730401529637,0.1542680073652019,0.14402749200935736,0.16455613151788664,fit
19755,Shohei Ohtani,2021,RBI,0.1564945226917058,0.15133201153115652,0.14215023411459712,0.16064677762198282,fit
19755,Shohei Ohtani,2022,RBI,0.14264264264264265,0.15017270110211317,0.14262789659826317,0.15779206803358992,fit
19755,Shohei Ohtani,2023,RBI,0.15859766277128548,0.16620000119329412,0.1588836366066151,0.17358630471255426,fit
19755,Shohei Ohtani,2024,RBI,0.17783857729138167,0.16392285781415172,0.15617904762798163,0.1718673487061562,fit
19755,Shohei Ohtani,2025,RBI,0.14030261348005502,0.16938274437806544,0.15962816062968296,0.17939137745524597,fit
26323,Spencer Steer,2022,RBI,0.07407407407407407,0.1099994318786121,0.1002479458391323,0.1197814205537772,fit
26323,Spencer Steer,2023,RBI,0.1293233082706767,0.12238937074413768,0.11453543061042601,0.13040621586698575,fit
26323,Spencer Steer,2024,RBI,0.1402439024390244,0.12142205329418615,0.11462867723291281,0.1284530831633609,fit
26323,Spencer Steer,2025,RBI,0.13204225352112675,0.1262678008181288,0.11767168086438073,0.13530666385804352,fit
27465,Spencer Torkelson,2022,RBI,0.06930693069306931,0.10055293189222406,0.09223308055429381,0.10908315794273371,fit
27465,Spencer Torkelson,2023,RBI,0.13742690058479531,0.11515788732471506,0.10778243740744252,0.12260731367345894,fit
27465,Spencer Torkelson,2024,RBI,0.09711286089238845,0.1175478955425304,0.11073084696666755,0.12427623497033638,fit
27465,Spencer Torkelson,2025,RBI,0.12018489984591679,0.12572157506481593,0.11733903507480087,0.1342281636551539,fit
17548,Taylor Ward,2021,RBI,0.13924050632911392,0.12352111210477958,0.11442195120723847,0.13308667272513564,fit
17548,Taylor Ward,2022,RBI,0.11524822695035461,0.12137678023294862,0.11445145722249354,0.12837959473094104,fit
17548,Taylor Ward,2023,RBI,0.11491442542787286,0.1330754749124869,0.1265070211092483,0.13950206500189166,fit
17548,Taylor Ward,2024,RBI,0.11312217194570136,0.13007463380784534,0.12321364066635702,0.13702739002872047,fit
17548,Taylor Ward,2025,RBI,0.15535444947209653,0.133256609412293,0.1243251668947215,0.14211448147341102,fit
13066,Teoscar Hernández,2021,RBI,0.1949579831932773,0.15958675428147576,0.14995592779969627,0.169101771486244,fit
13066,Teoscar Hernández,2022,RBI,0.14392523364485982,0.15013590343763286,0.142852018810889,0.15725127816166778,fit
13066,Teoscar Hernández,2023,RBI,0.13716814159292035,0.15757925055636937,0.1504537542210747,0.1647684370622267,fit
13066,Teoscar Hernández,2024,RBI,0.15184049079754602,0.14743596478486531,0.1396988608628134,0.15527655926047162,fit
13066,Teoscar Hernández,2025,RBI,0.163003663003663,0.14457294524203368,0.13467030808219738,0.15443088425228363,fit
16252,Trea Turner,2021,RBI,0.11919504643962849,0.13402214720868905,0.12596218359906558,0.1422825023475608,fit
16252,Trea Turner,2022,RBI,0.14124293785310735,0.12483007504974529,0.11870739156195216,0.1310777645804668,fit
16252,Trea Turner,2023,RBI,0.10998552821997105,0.1296797541161121,0.12364224186795908,0.13589952569717145,fit
16252,Trea Turner,2024,RBI,0.1150278293135436,0.12006319225539079,0.11342027243291229,0.12700673696955722,fit
16252,Trea Turner,2025,RBI,0.107981220657277,0.11646625738631555,0.10829797087261711,0.12507088662581495,fit
12564,Trevor Story,2021,RBI,0.12605042016806722,0.1266676379096996,0.11786959277357932,0.13566826379396102,fit
12564,Trevor Story,2022,RBI,0.16666666666666666,0.12214845111975971,0.11491017244673514,0.12952247227245148,fit
12564,Trevor Story,2023,RBI,0.08333333333333333,0.13137681183434927,0.12390353348850154,0.13900852793286922,fit
12564,Trevor Story,2024,RBI,0.09433962264150944,0.1259328008577207,0.11803358082029547,0.13421096202007776,fit
12564,Trevor Story,2025,RBI,0.14678899082568808,0.12647371814019617,0.11674569694195952,0.1367425731801893,fit
27467,Tyler Soderstrom,2023,RBI,0.050724637681159424,0.1062045323524619,0.09516859633542783,0.11771197202813481,fit
27467,Tyler Soderstrom,2024,RBI,0.12206572769953052,0.11582465352585261,0.10606382812777435,0.12621574256379858,fit
27467,Tyler Soderstrom,2025,RBI,0.14903846153846154,0.1324196363598727,0.1219444373118305,0.14338697750748397,fit
27676,Vinnie Pasquantino,2022,RBI,0.087248322147651,0.12314853302689599,0.11220218757103145,0.13437648139606345,fit
27676,Vinnie Pasquantino,2023,RBI,0.1,0.13905023660785276,0.1297252841363831,0.1488082539761586,fit
27676,Vinnie Pasquantino,2024,RBI,0.17509025270758122,0.13997796752828878,0.13204215181528248,0.14832101741537854,fit
27676,Vinnie Pasquantino,2025,RBI,0.1656891495601173,0.147691603379611,0.13825441111665127,0.15766559027642008,fit
19611,Vladimir Guerrero Jr.,2021,RBI,0.15902578796561603,0.1559903021470286,0.14576899976257882,0.1660372874582272,fit
19611,Vladimir Guerrero Jr.,2022,RBI,0.13739376770538245,0.14414721110814965,0.13678159737362527,0.15165231437663626,fit
19611,Vladimir Guerrero Jr.,2023,RBI,0.1378299120234604,0.14852894854315374,0.14206699827519798,0.1551357153008718,fit
19611,Vladimir Guerrero Jr.,2024,RBI,0.14777618364418937,0.13636254545580026,0.12998716119132436,0.14294489834476148,fit
19611,Vladimir Guerrero Jr.,2025,RBI,0.12352941176470589,0.13113320345397403,0.12337661917294761,0.13880066177485953,fit
20503,William Contreras,2021,RBI,0.12432432432432433,0.12984762219791884,0.11837333575745444,0.1411608142970471,fit
20503,William Contreras,2022,RBI,0.1196808510638298,0.1238138792463841,0.11539166223849336,0.13205233454646617,fit
20503,William Contreras,2023,RBI,0.1276595744680851,0.13168521223742946,0.12457565477829942,0.1388656342932921,fit
20503,William Contreras,2024,RBI,0.13549337260677466,0.12482753488803094,0.11837535645518982,0.13148832799446303,fit
20503,William Contreras,2025,RBI,0.11532625189681335,0.1239804595412831,0.11632981943694468,0.1318942172061553,fit
11609,Willson Contreras,2021,RBI,0.11801242236024845,0.1267736537215473,0.11834203287954925,0.13568695521326735,fit
11609,Willson Contreras,2022,RBI,0.11293634496919917,0.12281563892037572,0.1160695355609868,0.12974276481172292,fit
11609,Willson Contreras,2023,RBI,0.13535353535353536,0.13269673901081516,0.12591624073566485,0.13958535944279338,fit
11609,Willson Contreras,2024,RBI,0.1005586592178771,0.12777274871461614,0.12034723936679198,0.13531657749072162,fit
11609,Willson Contreras,2025,RBI,0.14209591474245115,0.12889940346974052,0.11942837414557154,0.1385333853059164,fit
15986,Willy Adames,2021,RBI,0.13153153153153152,0.13850615287964363,0.12950169282710514,0.1480435937336364,fit
15986,Willy Adames,2022,RBI,0.15883306320907617,0.13163134931951678,0.1250150249504068,0.13852502876083908,fit
15986,Willy Adames,2023,RBI,0.12539184952978055,0.13952638995658204,0.13345430677211678,0.14588266963220445,fit
15986,Willy Adames,2024,RBI,0.16279069767441862,0.13180568960167038,0.12549085798609422,0.138464714514971,fit
15986,Willy Adames,2025,RBI,0.12682215743440234,0.13045100309589452,0.1223610250869428,0.13883472398639687,fit
23772,Wilyer Abreu,2024,RBI,0.1297539149888143,0.13426686557914302,0.12394376395763339,0.1447645075775792,fit
23772,Wilyer Abreu,2025,RBI,0.16546762589928057,0.13721455858321335,0.12706874045084116,0.14724150968241614,fit
33333,Wyatt Langford,2024,RBI,0.13285457809694792,0.11607918601520066,0.1066945898714408,0.12558374945878717,fit
33333,Wyatt Langford,2025,RBI,0.1082024432809773,0.11728081382290018,0.10854804705517972,0.1259897248553407,fit
16578,Yandy Díaz,2021,RBI,0.11829944547134935,0.1136928983747952,0.10558044356106935,0.12189452314109012,fit
16578,Yandy Díaz,2022,RBI,0.10215053763440861,0.11259130612421181,0.10626890606108907,0.11908557284631179,fit
16578,Yandy Díaz,2023,RBI,0.13,0.12441584663962832,0.11793140726801532,0.13114896515593738,fit
16578,Yandy Díaz,2024,RBI,0.10466988727858294,0.12257651658146149,0.115260756470974,0.13002559821555923,fit
16578,Yandy Díaz,2025,RBI,0.12749615975422426,0.1265830512657947,0.11716882050121946,0.13650852517610879,fit
19556,Yordan Alvarez,2021,RBI,0.17391304347826086,0.1756986960486594,0.16467733173391866,0.18728832962193662,fit
19556,Yordan Alvarez,2022,RBI,0.17290552584670232,0.16181465508107,0.1538014008002127,0.1701079993178343,fit
19556,Yordan Alvarez,2023,RBI,0.19556451612903225,0.16625394701977317,0.15868542222947946,0.17410806434242498,fit
19556,Yordan Alvarez,2024,RBI,0.13543307086614173,0.15227236201658884,0.14392324577433296,0.16079329765111358,fit
19556,Yordan Alvarez,2025,RBI,0.135678391959799,0.14615429501472646,0.13570478399129587,0.15679390097863014,fit
31347,Zach Neto,2023,RBI,0.1033434650455927,0.11590710622372292,0.10641396612598823,0.12567347994667635,fit
31347,Zach Neto,2024,RBI,0.12790697674418605,0.11721894919431013,0.10941595286014207,0.12517071696680812,fit
31347,Zach Neto,2025,RBI,0.11191335740072202,0.12427058472319732,0.11570714857681517,0.13320856141870382,fit
4949,Giancarlo Stanton,2026,RBI,NA,0.1886584654496792,0.1662368389689431,0.2119545843066308,projection
5361,Freddie Freeman,2026,RBI,NA,0.13532766688326608,0.12057011195968022,0.15129532572342128,projection
7304,Salvador Perez,2026,RBI,NA,0.14321452211844204,0.12764137006050688,0.15899002766106,projection
10324,Marcell Ozuna,2026,RBI,NA,0.15175860954690898,0.13460635514232414,0.1697755828486895,projection
10815,Jurickson Profar,2026,RBI,NA,0.13359799861832516,0.11721232292664002,0.1502872493023013,projection
11477,Christian Yelich,2026,RBI,NA,0.14813740845734483,0.130846160057468,0.16552450719443992,projection
11493,Manny Machado,2026,RBI,NA,0.14540153211520923,0.13044185593237043,0.16155364964575808,projection
11579,Bryce Harper,2026,RBI,NA,0.12976064630661535,0.11562329973838922,0.14441296678992346,projection
11609,Willson Contreras,2026,RBI,NA,0.13098963738686442,0.11599120937310328,0.14653478393346367,projection
12552,Eugenio Suárez,2026,RBI,NA,0.17345628453249984,0.15484124742957714,0.19251279557335324,projection
12564,Trevor Story,2026,RBI,NA,0.12791466323957232,0.11268641899403306,0.14329230139713636,projection
12856,George Springer,2026,RBI,NA,0.12310567320699702,0.1086334935098476,0.13811313194843058,projection
12916,Francisco Lindor,2026,RBI,NA,0.1392952555609019,0.12450262176593956,0.15420708976272807,projection
12927,Brandon Nimmo,2026,RBI,NA,0.12929238010294156,0.11498830111362764,0.1439540709297229,projection
13066,Teoscar Hernández,2026,RBI,NA,0.1428127161141273,0.12688939153961518,0.1586426919902192,projection
13301,Max Muncy,2026,RBI,NA,0.15766893814442837,0.13889572384400792,0.1772880431933405,projection
13419,Christian Walker,2026,RBI,NA,0.1496022641115751,0.13298608732789502,0.1660888259495824,projection
13510,José Ramírez,2026,RBI,NA,0.14449904309197473,0.12930784265074585,0.16015395583061473,projection
13611,Mookie Betts,2026,RBI,NA,0.1293785615025896,0.1153195173762893,0.14360463564020723,projection
13613,Ketel Marte,2026,RBI,NA,0.15510089507791072,0.1383086742113344,0.1726898080244453,projection
13624,Corey Seager,2026,RBI,NA,0.146996209973392,0.12988589740990175,0.16435715367651102,projection
14161,Byron Buxton,2026,RBI,NA,0.14792933637572445,0.13209789355922408,0.16479727989500906,projection
14344,Matt Olson,2026,RBI,NA,0.14188595100954063,0.1271211623984547,0.157297193502493,projection
15640,Aaron Judge,2026,RBI,NA,0.19923574959877843,0.17885095014722327,0.21982428614526667,projection
15986,Willy Adames,2026,RBI,NA,0.13002818456069984,0.11651578779712052,0.14430754348673475,projection
15998,Cody Bellinger,2026,RBI,NA,0.1659000804109386,0.14829565954067192,0.18428697501749747,projection
16252,Trea Turner,2026,RBI,NA,0.1137848100970048,0.10058032276018476,0.12720068653523386,projection
16478,Kyle Schwarber,2026,RBI,NA,0.16246004226776098,0.1455245114519134,0.17963180786651306,projection
16505,Matt Chapman,2026,RBI,NA,0.12261064807933653,0.1085411335076442,0.1366730787925321,projection
16578,Yandy Díaz,2026,RBI,NA,0.13172990329903148,0.11611818118239628,0.14795183422158642,projection
16997,Gleyber Torres,2026,RBI,NA,0.11319215847234744,0.10081438860422176,0.12618611555841486,projection
17128,Ramón Laureano,2026,RBI,NA,0.1440858654565765,0.12760952184815266,0.16131834752437618,projection
17350,Rafael Devers,2026,RBI,NA,0.13996927341024673,0.12522943912392526,0.15471560759610556,projection
17548,Taylor Ward,2026,RBI,NA,0.13753636111398806,0.12282050069419448,0.1530313524328461,projection
17678,Alex Bregman,2026,RBI,NA,0.13072788487019002,0.11564869647409975,0.1457969406077072,projection
17919,Ian Happ,2026,RBI,NA,0.12261028251354,0.10933627198060036,0.13606771453865754,projection
18314,Dansby Swanson,2026,RBI,NA,0.11527689960095464,0.102448794308556,0.1286029680109558,projection
18345,Kyle Tucker,2026,RBI,NA,0.136176043351507,0.12145562295043393,0.15082744365618503,projection
18360,Austin Riley,2026,RBI,NA,0.12042926544350872,0.10721919229569048,0.13369362924608538,projection
18401,Ronald Acuña Jr.,2026,RBI,NA,0.11977427165230656,0.10607546086749498,0.13419359532719244,projection
18839,Josh Naylor,2026,RBI,NA,0.1611504773065214,0.14403549953574277,0.17926173771431092,projection
18882,Brandon Lowe,2026,RBI,NA,0.1413339555908305,0.1252695159814352,0.15774469518273315,projection
19251,Pete Alonso,2026,RBI,NA,0.15738964681447362,0.14160082321998482,0.17376885441113665,projection
19287,Adolis García,2026,RBI,NA,0.13231799729499608,0.11760832692555516,0.14718358249398678,projection
19290,Randy Arozarena,2026,RBI,NA,0.1085233151089652,0.09666365107575682,0.1205092872917011,projection
19326,Bryan Reynolds,2026,RBI,NA,0.10982602913511762,0.09757366311221852,0.12195042578038004,projection
19556,Yordan Alvarez,2026,RBI,NA,0.141335706803231,0.12516175354547765,0.1573647289140197,projection
19611,Vladimir Guerrero Jr.,2026,RBI,NA,0.12698477240887965,0.11417792138995772,0.1399560010969596,projection
19627,Brent Rooker,2026,RBI,NA,0.16433987190519245,0.14657335458006035,0.1827485407470495,projection
19709,Fernando Tatis Jr.,2026,RBI,NA,0.10903245841693902,0.0971462089062451,0.12109061605342752,projection
19755,Shohei Ohtani,2026,RBI,NA,0.17627977101801703,0.15883023801339916,0.1942868238910736,projection
19918,Daulton Varsho,2026,RBI,NA,0.14238459960296126,0.1255969477560643,0.15929719462910963,projection
19956,Mickey Moniak,2026,RBI,NA,0.1608880814407785,0.14178519607618376,0.18059639855818568,projection
20123,Juan Soto,2026,RBI,NA,0.14776269352547325,0.13329408513364074,0.16264608207220574,projection
20220,Jo Adell,2026,RBI,NA,0.15230131520636514,0.13548126039595718,0.16877652912413868,projection
20454,Jazz Chisholm Jr.,2026,RBI,NA,0.1399181631266175,0.12490010503094592,0.1554304740273613,projection
20503,William Contreras,2026,RBI,NA,0.12402089855589124,0.11092654486557488,0.13760354974581143,projection
21534,Cal Raleigh,2026,RBI,NA,0.1938645199165181,0.17398644725440096,0.21401808094685595,projection
21618,Alec Bohm,2026,RBI,NA,0.13719056386144035,0.12199654758819184,0.15353933618662288,projection
21636,Jeremy Peña,2026,RBI,NA,0.11682759262611646,0.10306076255275852,0.13047096829684368,projection
21837,Jonathan Aranda,2026,RBI,NA,0.1512544699665358,0.13236660757184918,0.1717872848713106,projection
22186,Brice Turang,2026,RBI,NA,0.1234194787549204,0.10918432790283854,0.13818866810562672,projection
22275,Jake Burger,2026,RBI,NA,0.13723701215786455,0.12060192655284846,0.15483089780759446,projection
22715,Maikel Garcia,2026,RBI,NA,0.11206951140484628,0.09902015693976256,0.12562572032096966,projection
22799,Geraldo Perdomo,2026,RBI,NA,0.13047992012625523,0.11572498954188452,0.14559238396578256,projection
23697,Julio Rodríguez,2026,RBI,NA,0.12598085110490864,0.11297199866496116,0.1396908423525054,projection
23772,Wilyer Abreu,2026,RBI,NA,0.1414896047239543,0.12393798011777102,0.15975024727261078,projection
24064,Ezequiel Tovar,2026,RBI,NA,0.11381412397119917,0.10076353070402486,0.1271679691250093,projection
24617,Jarren Duran,2026,RBI,NA,0.12824710166893483,0.11357861334569869,0.14349434515698123,projection
24816,Andy Pages,2026,RBI,NA,0.13178139244324114,0.1163516242588068,0.1473345339969911,projection
25764,Bobby Witt Jr.,2026,RBI,NA,0.14876663767395112,0.13288145312538358,0.16481415901152732,projection
25768,CJ Abrams,2026,RBI,NA,0.11698041604645368,0.1039906635702447,0.12957879161404903,projection
25816,Shea Langeliers,2026,RBI,NA,0.16619016133505665,0.1476402149990306,0.18474317898299292,projection
25878,Corbin Carroll,2026,RBI,NA,0.12525187523849796,0.11148147330181836,0.13946163318865543,projection
25961,Kerry Carpenter,2026,RBI,NA,0.15735418672933713,0.13894644338800022,0.17625575271580382,projection
25976,Riley Greene,2026,RBI,NA,0.1528436368776856,0.13666163429598027,0.16946251354229025,projection
26151,Kyle Stowers,2026,RBI,NA,0.1662727864261321,0.14356990594057267,0.1896422129115172,projection
26289,Gunnar Henderson,2026,RBI,NA,0.1217929256420148,0.10880378271705513,0.13487351470317097,projection
26319,Michael Busch,2026,RBI,NA,0.15418092798694716,0.13490980266999364,0.1739938971367624,projection
26323,Spencer Steer,2026,RBI,NA,0.1323096225800706,0.11667725712829048,0.14844996134824434,projection
26668,Elly De La Cruz,2026,RBI,NA,0.12205852492625938,0.10875200399659889,0.13538390764060726,projection
27465,Spencer Torkelson,2026,RBI,NA,0.1354249462142718,0.1208702047619594,0.15060988815198,projection
27467,Tyler Soderstrom,2026,RBI,NA,0.152539939019934,0.13518136317315987,0.17012050432715048,projection
27615,Alec Burleson,2026,RBI,NA,0.13937532997171667,0.12236212261108202,0.15632080603148826,projection
27676,Vinnie Pasquantino,2026,RBI,NA,0.157007743863828,0.14022421316679928,0.17504018897858764,projection
27769,Pete Crow-Armstrong,2026,RBI,NA,0.1358927539915664,0.1211563240498025,0.15123779174879703,projection
27815,Jordan Westburg,2026,RBI,NA,0.14040196850473208,0.12241431320473188,0.1589174037294268,projection
28163,Junior Caminero,2026,RBI,NA,0.1602048124915314,0.14246299528357895,0.1782931670734899,projection
28806,Jackson Chourio,2026,RBI,NA,0.13354229065444304,0.11884188464476952,0.14828776462439083,projection
29490,Jackson Merrill,2026,RBI,NA,0.1367700712624577,0.1218039068522626,0.15151680962722816,projection
29518,James Wood,2026,RBI,NA,0.13116499083231015,0.11709959311576898,0.14569074615460956,projection
29576,Ben Rice,2026,RBI,NA,0.14694402036775955,0.12828980251005315,0.166356120938729,projection
29712,Colson Montgomery,2026,RBI,NA,0.1679423563693714,0.14679209990189737,0.189714018497293,projection
29715,Hunter Goodman,2026,RBI,NA,0.167243010584445,0.14833499667985575,0.18734808222410945,projection
29794,Kyle Manzardo,2026,RBI,NA,0.1371764049429733,0.12043047689233356,0.1542747204183369,projection
30116,Seiya Suzuki,2026,RBI,NA,0.14868513822461105,0.13158659483723703,0.16670879104931502,projection
31347,Zach Neto,2026,RBI,NA,0.1327558705944684,0.11728992634850983,0.14839864171252923,projection
31539,Drake Baldwin,2026,RBI,NA,0.15611673205218438,0.13688607283981896,0.17504233447095108,projection
33333,Wyatt Langford,2026,RBI,NA,0.11944339282632165,0.1060415834640228,0.1330403561839474,projection
35110,Nick Kurtz,2026,RBI,NA,0.17408930075116208,0.1540963827590462,0.19513860102858752,projection
