playerid,PlayerName,Season,outcome,observed,fitted_mean,fitted_p05,fitted_p95,type
15640,Aaron Judge,2018,H,0.23092369477911648,0.22359519861706514,0.21093989065683896,0.23616907115941227,fit
15640,Aaron Judge,2019,H,0.23042505592841164,0.23534765452923984,0.2238453740604836,0.2468650899866913,fit
15640,Aaron Judge,2020,H,0.22807017543859648,0.23591429446012468,0.22535772980385424,0.24650969646977952,fit
15640,Aaron Judge,2021,H,0.24960505529225907,0.24239614896496345,0.23273639952937736,0.2520332064230581,fit
15640,Aaron Judge,2022,H,0.2543103448275862,0.247388143411782,0.2376451267551384,0.25719674207781873,fit
15640,Aaron Judge,2023,H,0.21397379912663755,0.25784912716527975,0.24720882880841316,0.2686720504445018,fit
15640,Aaron Judge,2024,H,0.2556818181818182,0.25817131845998886,0.24635150010976603,0.27048775735635544,fit
15640,Aaron Judge,2025,H,0.26362297496318116,0.26272232354312847,0.24877448415676784,0.2771236327519914,fit
21618,Alec Bohm,2020,H,0.3,0.25826185844107924,0.2420446023386087,0.27502833538530647,fit
21618,Alec Bohm,2021,H,0.22541966426858512,0.2582750269698722,0.2446722033588746,0.27219321727911233,fit
21618,Alec Bohm,2022,H,0.25990491283676703,0.2565526896943448,0.244624087508781,0.26866332802273735,fit
21618,Alec Bohm,2023,H,0.25040916530278234,0.2602548093477221,0.2485464647324755,0.2723188583067571,fit
21618,Alec Bohm,2024,H,0.25577557755775576,0.2536097206104231,0.24144636311231876,0.2660755958680795,fit
21618,Alec Bohm,2025,H,0.2638888888888889,0.2511712270725978,0.23731384086454338,0.2652064209434926,fit
27615,Alec Burleson,2023,H,0.2219020172910663,0.2394060486984236,0.22364389603616522,0.2559805502056832,fit
27615,Alec Burleson,2024,H,0.24705882352941178,0.23975513847281874,0.22559076402407474,0.25478059935036107,fit
27615,Alec Burleson,2025,H,0.26373626373626374,0.24403695906672945,0.22923582202692047,0.25997950607759185,fit
22581,Alejandro Kirk,2021,H,0.21164021164021163,0.23349150076558978,0.21807514759498076,0.24975885382927895,fit
22581,Alejandro Kirk,2022,H,0.2476894639556377,0.2342918766495968,0.22063211031289373,0.2485767389660493,fit
22581,Alejandro Kirk,2023,H,0.22037914691943128,0.24007952942824456,0.22728247063269708,0.2533733755126013,fit
22581,Alejandro Kirk,2024,H,0.22279792746113988,0.2363151494903175,0.22371008614277432,0.2494394724336897,fit
22581,Alejandro Kirk,2025,H,0.2509881422924901,0.23640033159120444,0.22242404741086041,0.25089608662047314,fit
15518,Amed Rosario,2018,H,0.23986486486486486,0.25151886054525285,0.23759831869989564,0.2664066011739487,fit
15518,Amed Rosario,2019,H,0.27022900763358776,0.25892532503709675,0.24639017550469827,0.272064849765474,fit
15518,Amed Rosario,2020,H,0.24489795918367346,0.2538199864775553,0.2422900000483862,0.2658603999501981,fit
15518,Amed Rosario,2021,H,0.26360544217687076,0.2550109565474826,0.24438003889748283,0.2659200093910865,fit
15518,Amed Rosario,2022,H,0.26865671641791045,0.254463387288739,0.24366470125319323,0.26535122975637837,fit
15518,Amed Rosario,2023,H,0.24587155963302754,0.259285058748929,0.2474853037244929,0.2713262978562775,fit
15518,Amed Rosario,2024,H,0.26878612716763006,0.2537683781210223,0.24092789054777705,0.26709256311452934,fit
15518,Amed Rosario,2025,H,0.2617801047120419,0.2524020933537739,0.23786427120633558,0.26740592361221405,fit
24816,Andy Pages,2024,H,0.22573363431151242,0.23318120223649633,0.21618167801298188,0.25073329447134557,fit
24816,Andy Pages,2025,H,0.2532051282051282,0.23565333510052625,0.21961896810177328,0.25229271282468635,fit
19363,Austin Hays,2020,H,0.2537313432835821,0.23425047657976977,0.21966127102505126,0.24968642978868832,fit
19363,Austin Hays,2021,H,0.23629489603024575,0.23588270765119979,0.2231481677273168,0.2491685976732561,fit
19363,Austin Hays,2022,H,0.23024054982817868,0.2359481990422013,0.2243741882702039,0.24793466746082504,fit
19363,Austin Hays,2023,H,0.25265017667844525,0.24103891150266266,0.22936264683289598,0.2528930719223127,fit
19363,Austin Hays,2024,H,0.23529411764705882,0.23655674427631224,0.22392315414304895,0.2492610553877593,fit
19363,Austin Hays,2025,H,0.24278846153846154,0.23596183491477776,0.2216785264845445,0.25037997493919567,fit
27462,Austin Martin,2024,H,0.22957198443579765,0.23471126093402964,0.21508856474166554,0.2547051921676397,fit
27462,Austin Martin,2025,H,0.2430939226519337,0.236040244186363,0.21673211991086688,0.25588334003706775,fit
18360,Austin Riley,2019,H,0.20875420875420875,0.23653475727732406,0.22153823629336716,0.25213606120589693,fit
18360,Austin Riley,2020,H,0.21844660194174756,0.23327682034916605,0.22027634194878631,0.2466543464057755,fit
18360,Austin Riley,2021,H,0.270392749244713,0.23581280259998644,0.2247669345580794,0.24736903682983888,fit
18360,Austin Riley,2022,H,0.24242424242424243,0.2367711795427995,0.22639023619400722,0.24750907969309605,fit
18360,Austin Riley,2023,H,0.25034965034965034,0.24277871486753455,0.23194269360710118,0.25402392477804364,fit
18360,Austin Riley,2024,H,0.232409381663113,0.23912808675500724,0.2275246614862898,0.2509663387485049,fit
18360,Austin Riley,2025,H,0.24161073825503357,0.23937542420664396,0.22617135840516156,0.2532189335439651,fit
19612,Bo Bichette,2019,H,0.28773584905660377,0.2887108750226381,0.2704584044057042,0.3084359299311918,fit
19612,Bo Bichette,2020,H,0.2890625,0.2780016770344561,0.2624052621665624,0.2942114329506124,fit
19612,Bo Bichette,2021,H,0.2768115942028985,0.2743655748817569,0.261284365084086,0.2881518252994558,fit
19612,Bo Bichette,2022,H,0.27116212338593976,0.26893570953253065,0.2571237681057388,0.2811357750374538,fit
19612,Bo Bichette,2023,H,0.2911813643926789,0.26919349023368627,0.2574389396239823,0.28145827682792957,fit
19612,Bo Bichette,2024,H,0.20833333333333334,0.2588168283896006,0.24657881370371687,0.27145828921787424,fit
19612,Bo Bichette,2025,H,0.28821656050955413,0.25288424755066374,0.2393756661643595,0.26674878620740056,fit
25764,Bobby Witt Jr.,2022,H,0.23734177215189872,0.25378601207274276,0.23922196074412064,0.2686432320273935,fit
25764,Bobby Witt Jr.,2023,H,0.25504322766570603,0.2633146113533943,0.25009103033342434,0.27664344672183394,fit
25764,Bobby Witt Jr.,2024,H,0.29760225669957685,0.26243656882735844,0.2497330668333833,0.27517468286129054,fit
25764,Bobby Witt Jr.,2025,H,0.2678311499272198,0.2658262291532207,0.25202663801279007,0.28006374119598115,fit
20202,Brandon Marsh,2021,H,0.23076923076923078,0.22488801169937225,0.2103529167703938,0.2397001021350739,fit
20202,Brandon Marsh,2022,H,0.22559652928416485,0.2285651179453901,0.21573210391245526,0.24168857481936235,fit
20202,Brandon Marsh,2023,H,0.23728813559322035,0.23725592449002522,0.22485053991550827,0.2500002566414205,fit
20202,Brandon Marsh,2024,H,0.2184873949579832,0.23659705541554216,0.22384150547781145,0.24967465225860985,fit
20202,Brandon Marsh,2025,H,0.24941176470588236,0.2398144677508314,0.22524149873492993,0.25475809613707123,fit
24679,Brendan Donovan,2022,H,0.23504273504273504,0.24788267502780675,0.23228226960653783,0.26396617068728273,fit
24679,Brendan Donovan,2023,H,0.25067385444743934,0.2528136490156672,0.23884766037321115,0.26714111275180497,fit
24679,Brendan Donovan,2024,H,0.25,0.24767501352585983,0.23436699879626788,0.26155774803843934,fit
24679,Brendan Donovan,2025,H,0.2563106796116505,0.24659552516339692,0.23157891908336767,0.2626401290307069,fit
19627,Brent Rooker,2021,H,0.1784037558685446,0.207655901204527,0.19333715544526553,0.22243245183427696,fit
19627,Brent Rooker,2023,H,0.21673003802281368,0.22655329614769143,0.21484047767450445,0.23875067298626662,fit
19627,Brent Rooker,2024,H,0.26058631921824105,0.22970742765862634,0.2176539029526607,0.24231570423141402,fit
19627,Brent Rooker,2025,H,0.23462088698140202,0.23670250213108163,0.22287835006611675,0.2516194505145897,fit
22186,Brice Turang,2023,H,0.19642857142857142,0.22349655414997482,0.2089751233392036,0.23916138031726597,fit
22186,Brice Turang,2024,H,0.2294022617124394,0.2276406323733358,0.2143870865894646,0.24148547599308118,fit
22186,Brice Turang,2025,H,0.2549317147192716,0.235676734103303,0.22184378841313784,0.2504768806657183,fit
11579,Bryce Harper,2018,H,0.1971223021582734,0.2310239561886084,0.21861760036697558,0.24377098648734916,fit
11579,Bryce Harper,2019,H,0.218475073313783,0.23839980153137488,0.22712543957484324,0.24978847762884265,fit
11579,Bryce Harper,2020,H,0.20901639344262296,0.23428796210796426,0.22380801514142304,0.24481956183193784,fit
11579,Bryce Harper,2021,H,0.25208681135225375,0.23600427103979402,0.2265558975933874,0.24559655545713038,fit
11579,Bryce Harper,2022,H,0.24882629107981222,0.23614140818903223,0.22656321374395616,0.24579871681311302,fit
11579,Bryce Harper,2023,H,0.2454212454212454,0.24129849861328073,0.23073613001185295,0.2518610811838609,fit
11579,Bryce Harper,2024,H,0.24881141045958796,0.23686118541434908,0.22542267935624255,0.24851663433471569,fit
11579,Bryce Harper,2025,H,0.22586206896551725,0.2363074334514245,0.22329624135113235,0.24973031086046774,fit
14162,Carlos Correa,2018,H,0.20512820512820512,0.2332742207816634,0.2191167290979906,0.24765993986331233,fit
14162,Carlos Correa,2019,H,0.24299065420560748,0.24081838682298548,0.22812763586221568,0.2539518570288702,fit
14162,Carlos Correa,2020,H,0.2398190045248869,0.23673181599919277,0.22556542745090444,0.2483613299366931,fit
14162,Carlos Correa,2021,H,0.2421875,0.2385131606546715,0.22836419709194664,0.24903225564302928,fit
14162,Carlos Correa,2022,H,0.2576271186440678,0.23867109844445739,0.22884605760439902,0.24902725114081004,fit
14162,Carlos Correa,2023,H,0.20344827586206896,0.24387953663769488,0.23338578652082542,0.2549749035819058,fit
14162,Carlos Correa,2024,H,0.26975476839237056,0.23936559544721095,0.22761637312646776,0.25136711680688884,fit
14162,Carlos Correa,2025,H,0.2534246575342466,0.23874936228615595,0.22542123869534955,0.2524671159408326,fit
31912,Chandler Simpson,2025,H,0.2766439909297052,0.25458092640318025,0.23157830537343546,0.2789991505376858,fit
27899,Colt Keith,2024,H,0.24100719424460432,0.2318227415003557,0.21472724685619465,0.24924779430624053,fit
27899,Colt Keith,2025,H,0.2264957264957265,0.23370146423313426,0.2173511267851276,0.2503630846580072,fit
13624,Corey Seager,2018,H,0.23478260869565218,0.24270411206216685,0.2281104601247439,0.25764745070242334,fit
13624,Corey Seager,2019,H,0.24584103512014788,0.2506431189426895,0.2372717076415733,0.2639036208249091,fit
13624,Corey Seager,2020,H,0.2801724137931034,0.2464821185358055,0.2344796163448672,0.25854478881127824,fit
13624,Corey Seager,2021,H,0.26405867970660146,0.24842624132086774,0.23775383824257665,0.25916207120769713,fit
13624,Corey Seager,2022,H,0.2187028657616893,0.2486822632593512,0.2382028116963001,0.25945329496234065,fit
13624,Corey Seager,2023,H,0.291044776119403,0.25419969470313736,0.2428730964951815,0.26574188237560886,fit
13624,Corey Seager,2024,H,0.24765478424015008,0.24958379036822628,0.23717279105909003,0.2624273428278241,fit
13624,Corey Seager,2025,H,0.23146067415730337,0.24903111652767174,0.2351773772790622,0.26346671017118095,fit
29995,Daylen Lile,2025,H,0.27350427350427353,0.2618859720607448,0.23669294568356752,0.2876093554926682,fit
27464,Dillon Dingler,2025,H,0.2579957356076759,0.24278859672805075,0.22142841317675188,0.26562248277451134,fit
8623,Donovan Solano,2019,H,0.31140350877192985,0.27906257346208124,0.26206420045915313,0.29673216577420825,fit
8623,Donovan Solano,2020,H,0.3054187192118227,0.2683546047939383,0.2532968303849205,0.284004092127853,fit
8623,Donovan Solano,2021,H,0.25,0.26450416691923934,0.25064724616032696,0.2789163602531941,fit
8623,Donovan Solano,2022,H,0.2598684210526316,0.2589536420205551,0.24514750503798025,0.27290330285417214,fit
8623,Donovan Solano,2023,H,0.24666666666666667,0.25890207267931575,0.24407159027704708,0.27414887660828957,fit
8623,Donovan Solano,2024,H,0.2621359223300971,0.24865195538537083,0.23289191141706764,0.2651516802232811,fit
8623,Donovan Solano,2025,H,0.22905027932960895,0.2427097599406799,0.22526810313579793,0.26097966912740816,fit
31539,Drake Baldwin,2025,H,0.24887892376681614,0.24522821724999552,0.2237692529015291,0.26790855456935414,fit
28022,Edgar Quero,2025,H,0.24317617866004962,0.2354002937039593,0.21279554206069098,0.2591059248026331,fit
17022,Edmundo Sosa,2021,H,0.2392638036809816,0.22606477215848353,0.21095947949768395,0.24167053593178792,fit
17022,Edmundo Sosa,2022,H,0.21052631578947367,0.22864617425319805,0.21510968188470003,0.24282576222021293,fit
17022,Edmundo Sosa,2023,H,0.23333333333333334,0.23616462248823664,0.2227290695768397,0.2499337000998121,fit
17022,Edmundo Sosa,2024,H,0.23357664233576642,0.23431922889339585,0.2202662226202,0.2486238283857373,fit
17022,Edmundo Sosa,2025,H,0.2567049808429119,0.2362829428408051,0.2204216580523508,0.25278226171441065,fit
20352,Ernie Clement,2021,H,0.21052631578947367,0.202533213504125,0.18716145752651714,0.2184793866162099,fit
20352,Ernie Clement,2022,H,0.16759776536312848,0.21080177832852776,0.1968285077236831,0.2251710528319253,fit
20352,Ernie Clement,2024,H,0.252212389380531,0.2288217112703981,0.21493693600050748,0.24324846489183038,fit
20352,Ernie Clement,2025,H,0.2568027210884354,0.23749172185002826,0.2214332572683456,0.25368298492946795,fit
24064,Ezequiel Tovar,2023,H,0.23902439024390243,0.23966531806813768,0.22416660887858628,0.2551609242675996,fit
24064,Ezequiel Tovar,2024,H,0.25323741007194245,0.23673519803961868,0.2229449824655632,0.25100354439897343,fit
24064,Ezequiel Tovar,2025,H,0.23333333333333334,0.23766178571547222,0.22360171606717483,0.25229319558708124,fit
5361,Freddie Freeman,2018,H,0.27015558698727016,0.26617538114683803,0.2531265781792018,0.27968846369502703,fit
5361,Freddie Freeman,2019,H,0.2543352601156069,0.2731594371892464,0.26143800828989827,0.28534492546413215,fit
5361,Freddie Freeman,2020,H,0.2786259541984733,0.2669672056886081,0.25591774265402506,0.27823974942825075,fit
5361,Freddie Freeman,2021,H,0.2589928057553957,0.26743620122867173,0.25738794660438596,0.27763619612907836,fit
5361,Freddie Freeman,2022,H,0.2810734463276836,0.2661091122941554,0.2559277738964849,0.27626993222771834,fit
5361,Freddie Freeman,2023,H,0.28904109589041094,0.27041408004294265,0.25938173241657975,0.281604623977976,fit
5361,Freddie Freeman,2024,H,0.23981191222570533,0.2639692429291256,0.2518654608377468,0.2762710577677636,fit
5361,Freddie Freeman,2025,H,0.26156299840510366,0.2618899576807002,0.24800448953198223,0.2758988485780509,fit
22664,Gabriel Moreno,2023,H,0.25526315789473686,0.2492349047647832,0.2318106431743715,0.2678339725664059,fit
22664,Gabriel Moreno,2024,H,0.23076923076923078,0.24658323044935004,0.23060865451919818,0.2638087550143952,fit
22664,Gabriel Moreno,2025,H,0.255663430420712,0.24795696238321696,0.23127013374108613,0.26572871733938747,fit
22799,Geraldo Perdomo,2022,H,0.168,0.20327078292246992,0.18968048192733225,0.21702676930149978,fit
22799,Geraldo Perdomo,2023,H,0.20202020202020202,0.2179954850089473,0.20571351453632095,0.23086695222557596,fit
22799,Geraldo Perdomo,2024,H,0.23711340206185566,0.22458096174207248,0.21253985575842488,0.2371642802534406,fit
22799,Geraldo Perdomo,2025,H,0.24027777777777778,0.2351469200706595,0.2212763577222198,0.2492570919091891,fit
26289,Gunnar Henderson,2022,H,0.22727272727272727,0.2359541561159663,0.22043015310706557,0.25263537766473937,fit
26289,Gunnar Henderson,2023,H,0.22990353697749197,0.24190940503563815,0.2283366725591908,0.2565590507697678,fit
26289,Gunnar Henderson,2024,H,0.24617524339360222,0.2382453000742919,0.22585796418636533,0.2516587664641356,fit
26289,Gunnar Henderson,2025,H,0.24270353302611367,0.23846512828047225,0.22538531379171464,0.25220450551971496,fit
14387,Harold Ramírez,2019,H,0.2600896860986547,0.26076523150676406,0.24340477155724854,0.27944999567765827,fit
14387,Harold Ramírez,2021,H,0.2520775623268698,0.25872592221208296,0.2452722964751027,0.2723481951248877,fit
14387,Harold Ramírez,2022,H,0.27816091954022987,0.25913663750410026,0.2460386204755469,0.27276263420056546,fit
14387,Harold Ramírez,2023,H,0.2880184331797235,0.26504417702585104,0.25053478227922943,0.2802165211299202,fit
14387,Harold Ramírez,2024,H,0.25203252032520324,0.26038892645477135,0.24453077243491503,0.2773562615631219,fit
24878,Heriberto Hernández,2025,H,0.23129251700680273,0.23601109095842523,0.2134802818488949,0.26020059635555326,fit
35322,Hyeseong Kim,2025,H,0.2647058823529412,0.24089440832503217,0.21701793719847387,0.26682907680898993,fit
16512,Isiah Kiner-Falefa,2018,H,0.23484848484848486,0.23843604030793758,0.22347732441438228,0.25337411303329654,fit
16512,Isiah Kiner-Falefa,2019,H,0.21621621621621623,0.245284920505913,0.23187931236005102,0.2589407795691036,fit
16512,Isiah Kiner-Falefa,2020,H,0.25877192982456143,0.2402798410858971,0.2281892879789141,0.2527325535082212,fit
16512,Isiah Kiner-Falefa,2021,H,0.25406203840472674,0.24123536402656923,0.23069725739397748,0.25192770054339514,fit
16512,Isiah Kiner-Falefa,2022,H,0.23728813559322035,0.24054934648187348,0.2302635078683476,0.251053411820078,fit
16512,Isiah Kiner-Falefa,2023,H,0.2188365650969529,0.24493717238806365,0.23387449968262003,0.25648846221582283,fit
16512,Isiah Kiner-Falefa,2024,H,0.25201612903225806,0.23955766524542763,0.22749902375944225,0.2520331633042448,fit
16512,Isiah Kiner-Falefa,2025,H,0.24618736383442266,0.23810210823942204,0.22462485919348227,0.25183900534839904,fit
20599,Iván Herrera,2024,H,0.26640926640926643,0.25420087417265824,0.23478064415281583,0.27424362227116494,fit
20599,Iván Herrera,2025,H,0.24336283185840707,0.25237915768686653,0.23375829527072914,0.2716472432234642,fit
28806,Jackson Chourio,2024,H,0.2530541012216405,0.24797829799322493,0.23075078333081323,0.2665576763419067,fit
28806,Jackson Chourio,2025,H,0.25127334465195245,0.2486314067163606,0.23208798198573738,0.26601268453577753,fit
29490,Jackson Merrill,2024,H,0.27318718381112983,0.2541320585629383,0.2362079930076856,0.2723787654290131,fit
29490,Jackson Merrill,2025,H,0.2401656314699793,0.25338779112438403,0.23608310618454664,0.27086960698862206,fit
33266,Jacob Wilson,2024,H,0.22330097087378642,0.25229588752398113,0.23166830395086277,0.2733806750321429,fit
33266,Jacob Wilson,2025,H,0.2887189292543021,0.25616365327786533,0.23655116162707426,0.2764074923650201,fit
18872,Jahmai Jones,2025,H,0.24666666666666667,0.25124720452707633,0.22604060450715213,0.27790735832675945,fit
26202,Jake Mangum,2025,H,0.2803738317757009,0.25381452068580507,0.2314106413000448,0.27739710248821065,fit
31370,Jakob Marsee,2025,H,0.2606837606837607,0.25574628122574955,0.23042387969058775,0.28245675155798344,fit
24617,Jarren Duran,2021,H,0.20535714285714285,0.21854068835028567,0.20338680233540016,0.23435329763375498,fit
24617,Jarren Duran,2022,H,0.20179372197309417,0.22531659164754422,0.21243051396573925,0.23871481530497546,fit
24617,Jarren Duran,2023,H,0.27071823204419887,0.23725819594782657,0.2249812276368196,0.24986714661582857,fit
24617,Jarren Duran,2024,H,0.2598639455782313,0.24001841954227682,0.22772048444578868,0.2526903275781199,fit
24617,Jarren Duran,2025,H,0.22844827586206898,0.24680076998698208,0.23302441521252465,0.26137832856368215,fit
22239,Jeremiah Jackson,2025,H,0.2568306010928962,0.2419810104860749,0.21704020020928072,0.2684583171913387,fit
21636,Jeremy Peña,2022,H,0.23655913978494625,0.23607215177927024,0.22193587325416977,0.25074532129099025,fit
21636,Jeremy Peña,2023,H,0.23974763406940064,0.24558871901012455,0.23257739167055488,0.2588903596048574,fit
21636,Jeremy Peña,2024,H,0.24615384615384617,0.24542601125926897,0.23303530921839097,0.2582174125348225,fit
21636,Jeremy Peña,2025,H,0.27624309392265195,0.24927574817984058,0.2350868171373405,0.2642647433170066,fit
29630,Joey Loperfido,2024,H,0.1984732824427481,0.23160138286115994,0.21240776908852818,0.2517542051850038,fit
29630,Joey Loperfido,2025,H,0.3076923076923077,0.23774758307990743,0.21865464452394012,0.2581368752918684,fit
21837,Jonathan Aranda,2023,H,0.1941747572815534,0.23057094108922122,0.21312340864295787,0.24912144595268249,fit
21837,Jonathan Aranda,2024,H,0.2097902097902098,0.23349825722810977,0.2172940142948005,0.2511928666648951,fit
21837,Jonathan Aranda,2025,H,0.2772511848341232,0.24038068697841455,0.2230207756794555,0.2591198874147278,fit
27815,Jordan Westburg,2023,H,0.23684210526315788,0.23731928139654906,0.22057295818568595,0.2543816910477833,fit
27815,Jordan Westburg,2024,H,0.24608501118568232,0.23602041346674452,0.22070669438617424,0.25165336449800424,fit
27815,Jordan Westburg,2025,H,0.2471590909090909,0.238574336104197,0.22221381374917884,0.25519281978145514,fit
5417,Jose Altuve,2018,H,0.28213689482470783,0.25036521337472734,0.23674610787015116,0.2640179693699025,fit
5417,Jose Altuve,2019,H,0.2718978102189781,0.2573114180305102,0.24490317864693387,0.269768162802504,fit
5417,Jose Altuve,2020,H,0.2,0.25183800623476055,0.24052855488954888,0.26319442726527414,fit
5417,Jose Altuve,2021,H,0.24631268436578171,0.2526315339391179,0.24257318716657134,0.26294257107689784,fit
5417,Jose Altuve,2022,H,0.26158940397350994,0.25171959425218293,0.24145033983682315,0.26227835340486844,fit
5417,Jose Altuve,2023,H,0.2731707317073171,0.2561295557706671,0.24480064072001015,0.267592778856626,fit
5417,Jose Altuve,2024,H,0.27126099706744866,0.25034436335955673,0.2379527986490474,0.2631323162844505,fit
5417,Jose Altuve,2025,H,0.23853211009174313,0.24868188001731636,0.23465685675191966,0.26351951027829384,fit
10231,Jose Iglesias,2018,H,0.25,0.26772513613456206,0.2526867426020646,0.28334013303345096,fit
10231,Jose Iglesias,2019,H,0.27358490566037735,0.2739582871760631,0.2597393541621838,0.28864383170861224,fit
10231,Jose Iglesias,2020,H,0.35333333333333333,0.2669452264775106,0.2540618871746932,0.28034287011938436,fit
10231,Jose Iglesias,2021,H,0.2563600782778865,0.26659177850885696,0.2542118325489951,0.2796283431974086,fit
10231,Jose Iglesias,2022,H,0.2740899357601713,0.2644252356212699,0.2515297037840022,0.27781540218284106,fit
10231,Jose Iglesias,2024,H,0.3127147766323024,0.26056174119270376,0.2446744327882813,0.27704149576668624,fit
10231,Jose Iglesias,2025,H,0.20408163265306123,0.2576156392781651,0.23962700251790323,0.2762180363860592,fit
20538,Jose Miranda,2022,H,0.2463768115942029,0.23325405340657976,0.21642211544656598,0.2508940993189567,fit
20538,Jose Miranda,2023,H,0.19736842105263158,0.23876271986156192,0.22303383420849632,0.2552659618214282,fit
20538,Jose Miranda,2024,H,0.26573426573426573,0.2348024394191315,0.21888637738586286,0.2515141222801642,fit
18839,Josh Naylor,2019,H,0.22580645161290322,0.22495254993228053,0.20937149116513384,0.2411480533176766,fit
18839,Josh Naylor,2020,H,0.23076923076923078,0.2262583910986373,0.2126567030217437,0.24075365370497395,fit
18839,Josh Naylor,2021,H,0.236,0.23327403249705372,0.2210844263787096,0.24560411474529292,fit
18839,Josh Naylor,2022,H,0.23092369477911648,0.23890060898502227,0.2276817019918038,0.2505136360774432,fit
18839,Josh Naylor,2023,H,0.2808080808080808,0.2498697741286676,0.23831248880461464,0.2616701228515047,fit
18839,Josh Naylor,2024,H,0.21642969984202212,0.25105820271298523,0.23859522351024315,0.2634570831037128,fit
18839,Josh Naylor,2025,H,0.26490066225165565,0.25638513877056845,0.24192227001342945,0.2709502840635516,fit
13510,José Ramírez,2018,H,0.22349570200573066,0.23790466197305435,0.2250505293000173,0.25082694419332874,fit
13510,José Ramírez,2019,H,0.22693726937269373,0.24562556384848258,0.23406183861452873,0.2571823997011633,fit
13510,José Ramírez,2020,H,0.25196850393700787,0.24149560853233537,0.2309413746070326,0.25199456761676986,fit
13510,José Ramírez,2021,H,0.23113207547169812,0.24335902222739955,0.2342514789811556,0.2529273798283158,fit
13510,José Ramírez,2022,H,0.24525547445255474,0.24358030010763349,0.23456492501292472,0.25294678260847836,fit
13510,José Ramírez,2023,H,0.24891461649782923,0.2489700164770852,0.23888883835092772,0.2594658514304248,fit
13510,José Ramírez,2024,H,0.2536656891495601,0.24444324456893576,0.2334220668428483,0.2559923531567103,fit
13510,José Ramírez,2025,H,0.24962852897473997,0.24391262780860828,0.23101621978018663,0.2571722004731713,fit
18400,Juan Yepez,2022,H,0.23357664233576642,0.23507707478018813,0.2152251083578892,0.25620182003810066,fit
18400,Juan Yepez,2024,H,0.2570281124497992,0.23801567102352703,0.2190876024562513,0.2576322086550629,fit
23697,Julio Rodríguez,2022,H,0.25892857142857145,0.24986558046141646,0.23523108944873936,0.2646590393354091,fit
23697,Julio Rodríguez,2023,H,0.25210084033613445,0.25261021416238566,0.23958605446028755,0.2656559071195504,fit
23697,Julio Rodríguez,2024,H,0.2528548123980424,0.24534627277408247,0.23314241548547823,0.25766026497948674,fit
23697,Julio Rodríguez,2025,H,0.24507042253521127,0.24220234732085044,0.22941585904741943,0.2553531622507831,fit
33824,Jung Hoo Lee,2024,H,0.24050632911392406,0.2338239096387573,0.21612313510892273,0.252868038089004,fit
33824,Jung Hoo Lee,2025,H,0.24149108589951376,0.23598715353682762,0.21857369812546182,0.2545035277299042,fit
28163,Junior Caminero,2024,H,0.23163841807909605,0.2321868720364707,0.21303999968547394,0.2522261063853545,fit
28163,Junior Caminero,2025,H,0.2434915773353752,0.2350509941484813,0.21673956810104567,0.2541857160423234,fit
25961,Kerry Carpenter,2022,H,0.23008849557522124,0.23732769918404242,0.22108601307636544,0.2542405537672524,fit
25961,Kerry Carpenter,2023,H,0.25272331154684097,0.2428384440130038,0.22829323685800215,0.2578493295786179,fit
25961,Kerry Carpenter,2024,H,0.2533783783783784,0.23869035113711407,0.22493345908123347,0.25322568979109233,fit
25961,Kerry Carpenter,2025,H,0.2349137931034483,0.23844484831803964,0.22318452205920214,0.2543332371509978,fit
13613,Ketel Marte,2018,H,0.23275862068965517,0.24720493142244832,0.23346140432348836,0.26164053658344943,fit
13613,Ketel Marte,2019,H,0.29777070063694266,0.25448222669791337,0.24226071237240482,0.2675571490433041,fit
13613,Ketel Marte,2020,H,0.26666666666666666,0.24947759872683598,0.23830887460025105,0.2609847257063243,fit
13613,Ketel Marte,2021,H,0.2887700534759358,0.25067583429029033,0.24068647067268975,0.26101348284917564,fit
13613,Ketel Marte,2022,H,0.2114695340501792,0.2501801459039357,0.24024569248870925,0.2600474387453308,fit
13613,Ketel Marte,2023,H,0.24153846153846154,0.2549806485632848,0.24435272371897326,0.2657319407287992,fit
13613,Ketel Marte,2024,H,0.2521440823327616,0.2496299994146335,0.23788635133141373,0.26158050578405984,fit
13613,Ketel Marte,2025,H,0.2446043165467626,0.248377771182661,0.2350295123073187,0.2621407090531814,fit
26151,Kyle Stowers,2024,H,0.19138755980861244,0.22144478321189257,0.20456593417429722,0.2390738167025033,fit
26151,Kyle Stowers,2025,H,0.25164113785557984,0.2292484358626596,0.21176906139527424,0.2471695654144631,fit
33549,Kyle Teel,2025,H,0.23232323232323232,0.23917441316080987,0.21626909616225506,0.2641715997347117,fit
18345,Kyle Tucker,2020,H,0.24561403508771928,0.24307174902359446,0.22828704191170396,0.2583111522644055,fit
18345,Kyle Tucker,2021,H,0.26278659611992944,0.24431303108660665,0.2318595608677722,0.2569844995065826,fit
18345,Kyle Tucker,2022,H,0.22988505747126436,0.24392500021487173,0.23281972106501506,0.2551953190641728,fit
18345,Kyle Tucker,2023,H,0.24183976261127596,0.2487228883121694,0.23757707494586197,0.25990753443055303,fit
18345,Kyle Tucker,2024,H,0.2359882005899705,0.24363888500765415,0.23197395934588597,0.25538255363772744,fit
18345,Kyle Tucker,2025,H,0.22278056951423786,0.24256966333402552,0.22919756390347357,0.25602758400273745,fit
22896,Lenyn Sosa,2023,H,0.1907514450867052,0.2166652536524272,0.2004860419107894,0.23332300046336965,fit
22896,Lenyn Sosa,2024,H,0.24119241192411925,0.2214964096973184,0.20676929999965693,0.2368597408376495,fit
22896,Lenyn Sosa,2025,H,0.25183823529411764,0.2301650794547718,0.2146901125296755,0.24634923864491381,fit
19238,Lourdes Gurriel Jr.,2018,H,0.2661596958174905,0.25987292612159635,0.24491495789755702,0.2758728681439133,fit
19238,Lourdes Gurriel Jr.,2019,H,0.2536443148688047,0.26430555227950875,0.25072743558370586,0.27860908810231527,fit
19238,Lourdes Gurriel Jr.,2020,H,0.2857142857142857,0.2560038602778841,0.24401151454261785,0.26863039649184617,fit
19238,Lourdes Gurriel Jr.,2021,H,0.25508317929759705,0.2541662867641291,0.24361131830737615,0.26514887221411304,fit
19238,Lourdes Gurriel Jr.,2022,H,0.26774847870182555,0.2506523415605518,0.24033004336338074,0.2609893947533848,fit
19238,Lourdes Gurriel Jr.,2023,H,0.24324324324324326,0.2524410876564871,0.2414969543063412,0.2635464773049239,fit
19238,Lourdes Gurriel Jr.,2024,H,0.2585895117540687,0.24423467323335324,0.2327250818504487,0.2564695021749394,fit
19238,Lourdes Gurriel Jr.,2025,H,0.2271062271062271,0.24016098751578296,0.22728800944558109,0.2538647263295111,fit
18568,Luis Arraez,2019,H,0.2978142076502732,0.30091760294097186,0.2821588355323836,0.32038779614907914,fit
18568,Luis Arraez,2020,H,0.2975206611570248,0.2922429165919073,0.27625722771098243,0.30844486572767477,fit
18568,Luis Arraez,2021,H,0.2630480167014614,0.290886770347822,0.277206922320425,0.3045804042557922,fit
18568,Luis Arraez,2022,H,0.28689883913764513,0.2875675369865239,0.27515110772768653,0.30020737581426904,fit
18568,Luis Arraez,2023,H,0.32901134521880065,0.2902984967970685,0.27773326634981044,0.3030032222881325,fit
18568,Luis Arraez,2024,H,0.2976190476190476,0.28148647938034543,0.26841135938067295,0.2948820164525399,fit
18568,Luis Arraez,2025,H,0.26814814814814814,0.2773748984356061,0.2626703994342931,0.29256426907869737,fit
20391,Luis García Jr.,2020,H,0.26618705035971224,0.2386131702969761,0.2214909240428138,0.25616479026756683,fit
20391,Luis García Jr.,2021,H,0.23076923076923078,0.2422552465869809,0.22721912783632348,0.2570956135661961,fit
20391,Luis García Jr.,2022,H,0.2625994694960212,0.24430373958382534,0.2311313443254335,0.2575399350132535,fit
20391,Luis García Jr.,2023,H,0.24688796680497926,0.25160614169652074,0.23882359005325893,0.2644153562861468,fit
20391,Luis García Jr.,2024,H,0.26704545454545453,0.2489215279794882,0.23604668053989758,0.2616923644363215,fit
20391,Luis García Jr.,2025,H,0.2338403041825095,0.25028880583131036,0.2362184395118703,0.26492015909456157,fit
19858,Luis Rengifo,2019,H,0.20935960591133004,0.20329872938973204,0.18934813232684003,0.21816910158625025,fit
19858,Luis Rengifo,2020,H,0.1320754716981132,0.20484532774535671,0.19246499212038123,0.2178169255365088,fit
19858,Luis Rengifo,2021,H,0.18421052631578946,0.21154769410545304,0.2002152657285368,0.2233184082775937,fit
19858,Luis Rengifo,2022,H,0.25244618395303325,0.21697770150997583,0.20624191409977527,0.22793963360617764,fit
19858,Luis Rengifo,2023,H,0.23370786516853934,0.22725271898993438,0.2159945939598618,0.23887282128730888,fit
19858,Luis Rengifo,2024,H,0.27960526315789475,0.22861551434466745,0.21641237468508664,0.24119252357087653,fit
19858,Luis Rengifo,2025,H,0.2199630314232902,0.23371691460755914,0.2198944121300554,0.24845776080477391,fit
33321,Luke Keaschall,2025,H,0.26570048309178745,0.26452800272259575,0.23659679915899143,0.2935935066558546,fit
22715,Maikel Garcia,2023,H,0.2446601941747573,0.2364774313261688,0.22161395002580175,0.2520442794568475,fit
22715,Maikel Garcia,2024,H,0.2124600638977636,0.23626599164402776,0.22266313366060303,0.25003252028132394,fit
22715,Maikel Garcia,2025,H,0.2552552552552553,0.2399320567716972,0.22589231003266794,0.2542600514328713,fit
11493,Manny Machado,2018,H,0.2651622002820874,0.25064082826769524,0.23731761610959892,0.263978980654402,fit
11493,Manny Machado,2019,H,0.22692889561270801,0.25666931188304415,0.244768988377783,0.26861261445931495,fit
11493,Manny Machado,2020,H,0.2677165354330709,0.25030022178088956,0.23963744759725197,0.2610158233790912,fit
11493,Manny Machado,2021,H,0.2453125,0.2501791306719804,0.24055455027825864,0.2595319067572757,fit
11493,Manny Machado,2022,H,0.2670807453416149,0.2483698069097564,0.23890706316608037,0.25775402105744616,fit
11493,Manny Machado,2023,H,0.23294509151414308,0.2517972196638342,0.24146568398632298,0.26207333193368093,fit
11493,Manny Machado,2024,H,0.2534992223950233,0.24520782569596852,0.23415674305727824,0.25675805438847665,fit
11493,Manny Machado,2025,H,0.24926253687315633,0.24268122217901733,0.23022409729258897,0.25583259742127235,fit
31837,Masataka Yoshida,2023,H,0.2672413793103448,0.25588577033654963,0.23913365356955824,0.27304270815694504,fit
31837,Masataka Yoshida,2024,H,0.2517814726840855,0.2482873661171556,0.2323040274243965,0.2641487719125105,fit
31837,Masataka Yoshida,2025,H,0.24390243902439024,0.2448601715232838,0.2276480953322871,0.26250475260558015,fit
19956,Mickey Moniak,2022,H,0.16071428571428573,0.20300129187844357,0.1883444764678636,0.21855492666502244,fit
19956,Mickey Moniak,2023,H,0.2693498452012384,0.2167277728563792,0.20331594587324453,0.23088553333241635,fit
19956,Mickey Moniak,2024,H,0.20574162679425836,0.2223064321384874,0.2091622450146362,0.23632437692625904,fit
19956,Mickey Moniak,2025,H,0.25379609544468545,0.23178983965365746,0.21682773101208203,0.24736236523586255,fit
15878,Miguel Andujar,2018,H,0.28052805280528054,0.2592910289021634,0.2401352302517945,0.2790578149787287,fit
15878,Miguel Andujar,2021,H,0.24074074074074073,0.2589984700631796,0.24431516406104317,0.27384857093878157,fit
15878,Miguel Andujar,2022,H,0.22142857142857142,0.2572148178852831,0.24307192582016982,0.27166576494792044,fit
15878,Miguel Andujar,2024,H,0.26959247648902823,0.2541607406248287,0.2390636624019191,0.27054474336953654,fit
15878,Miguel Andujar,2025,H,0.2991202346041056,0.25167411929744476,0.2349132309480963,0.2702185203523623,fit
27490,Nick Gonzales,2023,H,0.1875,0.22888628946367934,0.21148406460722785,0.24607608703930328,fit
27490,Nick Gonzales,2024,H,0.25064599483204136,0.22835833259066782,0.21270159742319034,0.24379165935143504,fit
27490,Nick Gonzales,2025,H,0.2426470588235294,0.23159065987686456,0.2152988711816387,0.24799441901449137,fit
35110,Nick Kurtz,2025,H,0.24948875255623723,0.2579538560072093,0.2342944553246312,0.2827703782829682,fit
21479,Nico Hoerner,2020,H,0.19047619047619047,0.239670319524534,0.22372781496261482,0.25636574820144176,fit
21479,Nico Hoerner,2021,H,0.2647058823529412,0.24484707974884437,0.2310399675199603,0.2591148328925035,fit
21479,Nico Hoerner,2022,H,0.2611218568665377,0.24844916577903875,0.236245960930084,0.26095091542057886,fit
21479,Nico Hoerner,2023,H,0.2543604651162791,0.25745738029202403,0.24534976394836375,0.2698563075363932,fit
21479,Nico Hoerner,2024,H,0.24804992199687986,0.25628121581608887,0.24388554153078787,0.26924437943932195,fit
21479,Nico Hoerner,2025,H,0.27426810477657937,0.25927314352664554,0.2449402690549281,0.27410185047740854,fit
17350,Rafael Devers,2018,H,0.22040816326530613,0.24614322420930773,0.23177068815242963,0.26143702414068515,fit
17350,Rafael Devers,2019,H,0.2863247863247863,0.2520786548562542,0.23930185268249798,0.2653696955967478,fit
17350,Rafael Devers,2020,H,0.24596774193548387,0.24584721624108494,0.23459260719404504,0.2575150107884245,fit
17350,Rafael Devers,2021,H,0.24849397590361447,0.24575093383541596,0.23584157028589664,0.25592105367584667,fit
17350,Rafael Devers,2022,H,0.2671009771986971,0.24399613665082412,0.2345399519821269,0.25378825986907616,fit
17350,Rafael Devers,2023,H,0.23932926829268292,0.2473867490591062,0.23749249232780312,0.2575526342174026,fit
17350,Rafael Devers,2024,H,0.23793677204658903,0.24093566176857117,0.23024962952701775,0.2517989512417468,fit
17350,Rafael Devers,2025,H,0.20987654320987653,0.23847408130120748,0.2266632004364283,0.25066755295814225,fit
25976,Riley Greene,2022,H,0.22727272727272727,0.22836576851090312,0.213156281761894,0.24394339121738393,fit
25976,Riley Greene,2023,H,0.2620192307692308,0.23750735298308923,0.22396649932364443,0.2515404157742141,fit
25976,Riley Greene,2024,H,0.22945205479452055,0.2373084742934575,0.22426846968244968,0.2507402944212176,fit
25976,Riley Greene,2025,H,0.2366412213740458,0.24100384453195037,0.22711834215893476,0.2553729743151123,fit
13770,Rob Refsnyder,2018,H,0.13592233009708737,0.19467785994750236,0.17946446317067583,0.2108127212401227,fit
13770,Rob Refsnyder,2021,H,0.21656050955414013,0.21546639300310716,0.20243985202230755,0.2289236884142451,fit
13770,Rob Refsnyder,2022,H,0.2655367231638418,0.22144107188918552,0.20831393742448337,0.2349899983145216,fit
13770,Rob Refsnyder,2023,H,0.205761316872428,0.23242274807782437,0.21829691904448578,0.247038949526814,fit
13770,Rob Refsnyder,2024,H,0.250814332247557,0.23435271579996741,0.21896162090667223,0.2501396573368141,fit
13770,Rob Refsnyder,2025,H,0.23444976076555024,0.24016882622980046,0.2227086210555301,0.2583485451247795,fit
31812,Roman Anthony,2025,H,0.24752475247524752,0.254421554322993,0.22982710319590038,0.28082762883967916,fit
21562,Romy Gonzalez,2022,H,0.22935779816513763,0.23103573377969952,0.2119959137854344,0.25114233567285366,fit
21562,Romy Gonzalez,2024,H,0.24537037037037038,0.24748548740125664,0.23006180227156778,0.26612303164180673,fit
21562,Romy Gonzalez,2025,H,0.28152492668621704,0.25517195400859605,0.23618668695378287,0.27542370700218277,fit
18401,Ronald Acuña Jr.,2018,H,0.26078028747433263,0.2438148135613467,0.2294386235287388,0.25888946332286006,fit
18401,Ronald Acuña Jr.,2019,H,0.24475524475524477,0.2499955269332481,0.23715530774570254,0.26320035434529465,fit
18401,Ronald Acuña Jr.,2020,H,0.19801980198019803,0.24412219593902568,0.23258469160264486,0.25597128393676877,fit
18401,Ronald Acuña Jr.,2021,H,0.23333333333333334,0.24434785010086557,0.23388110679091378,0.25515722516569733,fit
18401,Ronald Acuña Jr.,2022,H,0.2326454033771107,0.24293705471751556,0.23264424798319058,0.25344691464418884,fit
18401,Ronald Acuña Jr.,2023,H,0.29523809523809524,0.2466665181306497,0.23585200836172898,0.25782726451356847,fit
18401,Ronald Acuña Jr.,2024,H,0.21621621621621623,0.24059385473238554,0.22887194227772356,0.25263495602694386,fit
18401,Ronald Acuña Jr.,2025,H,0.23786407766990292,0.23850557377720127,0.22569321081903942,0.2518373845887483,fit
16442,Ryan O'Hearn,2018,H,0.22941176470588234,0.2014699917892984,0.18774169470888155,0.21557252819343892,fit
16442,Ryan O'Hearn,2019,H,0.17297297297297298,0.21187646004782998,0.19928509669411087,0.2248806552565256,fit
16442,Ryan O'Hearn,2020,H,0.16666666666666666,0.21218890699457843,0.2007461774048314,0.22371681762003826,fit
16442,Ryan O'Hearn,2021,H,0.20866141732283464,0.21780267589117752,0.20742091361300755,0.22843394417776253,fit
16442,Ryan O'Hearn,2022,H,0.2206896551724138,0.22205354521836806,0.21179528282755478,0.23250168687339823,fit
16442,Ryan O'Hearn,2023,H,0.2717391304347826,0.23118133470683602,0.22011548438280187,0.24240518019669263,fit
16442,Ryan O'Hearn,2024,H,0.23684210526315788,0.2311922564781766,0.21895678057794454,0.24335635196704197,fit
16442,Ryan O'Hearn,2025,H,0.24448529411764705,0.2349704766206603,0.22096196995228862,0.24955149405098176,fit
29622,Sal Frelick,2023,H,0.21076233183856502,0.23659668347682516,0.22021874903989902,0.2535655037064343,fit
29622,Sal Frelick,2024,H,0.23473282442748092,0.2362438948477561,0.22133489427346695,0.25131979845487257,fit
29622,Sal Frelick,2025,H,0.2558922558922559,0.23978641694015712,0.2242104473967637,0.25585926059453673,fit
30116,Seiya Suzuki,2022,H,0.23318385650224216,0.2350447969745281,0.22112344213828575,0.24950961696284168,fit
30116,Seiya Suzuki,2023,H,0.2521440823327616,0.24070429970177168,0.22814272316339676,0.25369423453771117,fit
30116,Seiya Suzuki,2024,H,0.24786324786324787,0.23678896426344664,0.2243975388876515,0.24966319426990127,fit
30116,Seiya Suzuki,2025,H,0.21505376344086022,0.2367382827355377,0.2225990228883521,0.2515993242174896,fit
19755,Shohei Ohtani,2018,H,0.25340599455040874,0.2220880660579918,0.20875332915406755,0.23615200529387426,fit
19755,Shohei Ohtani,2019,H,0.25882352941176473,0.2325872967022224,0.22050901499062098,0.24525825240008065,fit
19755,Shohei Ohtani,2020,H,0.1657142857142857,0.23196661814680222,0.22104377306138812,0.2433096209124358,fit
19755,Shohei Ohtani,2021,H,0.215962441314554,0.237120417669881,0.2273009950229913,0.24711529059583673,fit
19755,Shohei Ohtani,2022,H,0.24024024024024024,0.24075296217878148,0.23094366991183818,0.2506445616803379,fit
19755,Shohei Ohtani,2023,H,0.25208681135225375,0.2496216395847508,0.23914813210996358,0.2601299971602119,fit
19755,Shohei Ohtani,2024,H,0.2694938440492476,0.24861322131264163,0.2370704332963167,0.2600589420563512,fit
19755,Shohei Ohtani,2025,H,0.23658872077028886,0.2516439438964719,0.23853302562489537,0.2649855507710146,fit
26477,Spencer Horwitz,2024,H,0.2283464566929134,0.23569574238692034,0.21796631986064244,0.25396984765254854,fit
26477,Spencer Horwitz,2025,H,0.24087591240875914,0.23564505144010006,0.21808404810971227,0.25370165232857,fit
24610,Steven Kwan,2022,H,0.26332288401253917,0.2509032023753639,0.2362728084393736,0.26557426378987564,fit
24610,Steven Kwan,2023,H,0.2381615598885794,0.2539585869719472,0.24104019853653139,0.2670349037924535,fit
24610,Steven Kwan,2024,H,0.25925925925925924,0.24695618359759344,0.23429452203089046,0.2596139360262246,fit
24610,Steven Kwan,2025,H,0.2453102453102453,0.24409876039169545,0.22966480710764847,0.25846896305498956,fit
13066,Teoscar Hernández,2018,H,0.2179732313575526,0.23463754019600586,0.22202983250476577,0.24782416162648577,fit
13066,Teoscar Hernández,2019,H,0.20689655172413793,0.24165942787810615,0.23010162683483526,0.2536079485111442,fit
13066,Teoscar Hernández,2020,H,0.26570048309178745,0.23703255563497386,0.2264283847971543,0.2479386586575847,fit
13066,Teoscar Hernández,2021,H,0.2739495798319328,0.23830761934343694,0.2288047299869531,0.24800497904512148,fit
13066,Teoscar Hernández,2022,H,0.2485981308411215,0.23798446089005562,0.22846016566287425,0.24767203450824882,fit
13066,Teoscar Hernández,2023,H,0.2374631268436578,0.24271198519214882,0.2322675082119265,0.253430070213742,fit
13066,Teoscar Hernández,2024,H,0.24539877300613497,0.23778787792266304,0.22623887089233524,0.24946073877260735,fit
13066,Teoscar Hernández,2025,H,0.23076923076923078,0.2367738653330604,0.22353992777010723,0.2500940480180393,fit
16252,Trea Turner,2018,H,0.24324324324324326,0.2624111391838835,0.24872536031094572,0.27678642007469206,fit
16252,Trea Turner,2019,H,0.27240773286467485,0.27025063977967617,0.25757877565670384,0.28307483742867434,fit
16252,Trea Turner,2020,H,0.30115830115830117,0.2650323936251437,0.253560666197587,0.27665147867611123,fit
16252,Trea Turner,2021,H,0.3018575851393189,0.2663808344463417,0.2562414788142179,0.27684876334944836,fit
16252,Trea Turner,2022,H,0.2740112994350282,0.2659130189877525,0.25573659503848034,0.2763541360605234,fit
16252,Trea Turner,2023,H,0.2460202604920405,0.27105594280522816,0.25990291766716084,0.2824391886644198,fit
16252,Trea Turner,2024,H,0.2764378478664193,0.26538963989813524,0.2532819856951419,0.2780603316627748,fit
16252,Trea Turner,2025,H,0.28012519561815336,0.2640588570950996,0.25040865605387075,0.27862105562948286,fit
26143,Troy Johnston,2025,H,0.256198347107438,0.23622591600507292,0.21173934923382473,0.2621268907853267,fit
27676,Vinnie Pasquantino,2022,H,0.2550335570469799,0.23537372437718326,0.22012117963241926,0.2515927116746286,fit
27676,Vinnie Pasquantino,2023,H,0.21923076923076923,0.24177296598641157,0.2280397204628234,0.25611856549386747,fit
27676,Vinnie Pasquantino,2024,H,0.23465703971119134,0.23857433430771172,0.22538709913352686,0.25208213663365664,fit
27676,Vinnie Pasquantino,2025,H,0.2404692082111437,0.23927649479175347,0.22506195309336977,0.2541277029458337,fit
19611,Vladimir Guerrero Jr.,2019,H,0.245136186770428,0.25051921177306435,0.23556616278868206,0.26602088968969967,fit
19611,Vladimir Guerrero Jr.,2020,H,0.23868312757201646,0.24735511795473525,0.23468517406635975,0.26082375735155683,fit
19611,Vladimir Guerrero Jr.,2021,H,0.2693409742120344,0.25034427179652236,0.23912977209273806,0.26186790714832353,fit
19611,Vladimir Guerrero Jr.,2022,H,0.24787535410764872,0.25167377772753247,0.2414402597263196,0.26215369738683836,fit
19611,Vladimir Guerrero Jr.,2023,H,0.23313782991202345,0.25839062294116527,0.24788363824116164,0.26937934016279214,fit
19611,Vladimir Guerrero Jr.,2024,H,0.2855093256814921,0.2548441291069091,0.24366824642210638,0.2663508357325684,fit
19611,Vladimir Guerrero Jr.,2025,H,0.2529411764705882,0.25545652203227653,0.24257221021001896,0.26855888977178377,fit
25660,Will Brennan,2023,H,0.25274725274725274,0.23943792932853308,0.2219021728012935,0.257957129316503,fit
25660,Will Brennan,2024,H,0.24645892351274787,0.23672094061588492,0.2194888322349438,0.25447608274108113,fit
20503,William Contreras,2021,H,0.1891891891891892,0.23062413697065004,0.2158806270112669,0.2462662919919521,fit
20503,William Contreras,2022,H,0.2473404255319149,0.23242454200001825,0.21944021193060662,0.24588509029827826,fit
20503,William Contreras,2023,H,0.2553191489361702,0.23920496544022804,0.22720041329420493,0.2517767664892064,fit
20503,William Contreras,2024,H,0.24594992636229748,0.2364808549496042,0.2245962456657433,0.24850990381090687,fit
20503,William Contreras,2025,H,0.22306525037936267,0.23759805624216754,0.22445506975718915,0.2510076147100319,fit
22266,Xavier Edwards,2024,H,0.2871287128712871,0.27045982632068905,0.25101643699991016,0.29075458374634516,fit
22266,Xavier Edwards,2025,H,0.2568659127625202,0.2647812519939407,0.2464118212629706,0.2839457583978651,fit
23003,Yainer Diaz,2023,H,0.26525198938992045,0.2628751530849261,0.24561758474644746,0.2811497541156261,fit
23003,Yainer Diaz,2024,H,0.2827140549273021,0.2534667019070295,0.23852085365444897,0.26899429564852745,fit
23003,Yainer Diaz,2025,H,0.24514991181657847,0.24840401538374898,0.23310171797008447,0.2647839464696658,fit
16578,Yandy Díaz,2018,H,0.2833333333333333,0.2461403561559214,0.2309452313259253,0.26178533471978416,fit
16578,Yandy Díaz,2019,H,0.23631123919308358,0.2545937928107159,0.24072484993526339,0.26865506864516914,fit
16578,Yandy Díaz,2020,H,0.2536231884057971,0.25077727418991724,0.2383028672602706,0.2633306614971176,fit
16578,Yandy Díaz,2021,H,0.2199630314232902,0.2531778099416893,0.24194842965971963,0.2642152859541127,fit
16578,Yandy Díaz,2022,H,0.25089605734767023,0.25387290958539416,0.24297941823526034,0.264747500176834,fit
16578,Yandy Díaz,2023,H,0.28833333333333333,0.2599658845198169,0.24807826055294585,0.27183970668514984,fit
16578,Yandy Díaz,2024,H,0.25442834138486314,0.25570836608785036,0.24316060137730255,0.26866737293944387,fit
16578,Yandy Díaz,2025,H,0.26881720430107525,0.2556192385015607,0.24149555072608903,0.27040305790203817,fit
19556,Yordan Alvarez,2019,H,0.26558265582655827,0.2704438732865934,0.2526115691879578,0.28922194699432174,fit
19556,Yordan Alvarez,2021,H,0.2491638795986622,0.25996446371147747,0.24720154403875874,0.273394928912023,fit
19556,Yordan Alvarez,2022,H,0.25668449197860965,0.2562758694763835,0.24463427699644108,0.2684181207692421,fit
19556,Yordan Alvarez,2023,H,0.24193548387096775,0.2579819003774237,0.24615164244756946,0.26998946023633047,fit
19556,Yordan Alvarez,2024,H,0.2677165354330709,0.24944478028540978,0.23734269485036608,0.2623074521134946,fit
19556,Yordan Alvarez,2025,H,0.22613065326633167,0.24510839658721967,0.2314476794766626,0.25951769629266047,fit
5361,Freddie Freeman,2026,H,NA,0.2617153047422769,0.243195216215886,0.2806548590231133,projection
5417,Jose Altuve,2026,H,NA,0.24881623347500537,0.23053157127558757,0.26811182755872587,projection
8623,Donovan Solano,2026,H,NA,0.23863327208912755,0.21699577812583268,0.26077619797966317,projection
10231,Jose Iglesias,2026,H,NA,0.25653200516506464,0.2345582166288378,0.2799239202217226,projection
11493,Manny Machado,2026,H,NA,0.24191346499515776,0.22530114218569242,0.2592659655763775,projection
11579,Bryce Harper,2026,H,NA,0.23746953122184938,0.2205724127394643,0.2554200593162046,projection
13066,Teoscar Hernández,2026,H,NA,0.23747691938105556,0.22041249273917982,0.2548684496043451,projection
13510,José Ramírez,2026,H,NA,0.24513543576960592,0.2282671378170903,0.2630617307302398,projection
13613,Ketel Marte,2026,H,NA,0.2489109965579497,0.2315447973753177,0.26679602338583364,projection
13624,Corey Seager,2026,H,NA,0.2502608423847618,0.23212685239794215,0.2695231465427925,projection
13770,Rob Refsnyder,2026,H,NA,0.24791938393270924,0.22662761046612218,0.2707970621121716,projection
14162,Carlos Correa,2026,H,NA,0.23983665956860759,0.22269606964747257,0.2582908939228653,projection
14387,Harold Ramírez,2026,H,NA,0.26299424668658644,0.24221822507832472,0.2856040249101348,projection
15518,Amed Rosario,2026,H,NA,0.2528367480326097,0.23416435894071327,0.27265371855498516,projection
15640,Aaron Judge,2026,H,NA,0.26929136442356005,0.2511216956382128,0.2889207282487294,projection
15878,Miguel Andujar,2026,H,NA,0.25102319319683014,0.23034759397581023,0.2740875214522097,projection
16252,Trea Turner,2026,H,NA,0.26461542256718634,0.24642470037804237,0.2836809732491378,projection
16442,Ryan O'Hearn,2026,H,NA,0.24052791506813728,0.22224743539009892,0.25979281622112604,projection
16512,Isiah Kiner-Falefa,2026,H,NA,0.2383440571631383,0.22101587412114285,0.25645297593902416,projection
16578,Yandy Díaz,2026,H,NA,0.25737284090384827,0.2384926002806424,0.2772972025423605,projection
17022,Edmundo Sosa,2026,H,NA,0.23998211789335927,0.22020801826817596,0.26195068693257534,projection
17350,Rafael Devers,2026,H,NA,0.23773604482157287,0.22198489557995016,0.2540843666428185,projection
18345,Kyle Tucker,2026,H,NA,0.243269096876099,0.22528982145654206,0.2614483881092617,projection
18360,Austin Riley,2026,H,NA,0.24135063892110778,0.22370888372283795,0.25997683470920085,projection
18400,Juan Yepez,2026,H,NA,0.2413710232185962,0.21882064071887256,0.2648584299755056,projection
18401,Ronald Acuña Jr.,2026,H,NA,0.23815447941733256,0.22166979618241983,0.25622325674465263,projection
18568,Luis Arraez,2026,H,NA,0.27527701817472033,0.25634268296947926,0.2954431234148678,projection
18839,Josh Naylor,2026,H,NA,0.26373387416840594,0.2445431925906425,0.2834660279443447,projection
18872,Jahmai Jones,2026,H,NA,0.2523681915489757,0.22395947107260006,0.28212445626711957,projection
19238,Lourdes Gurriel Jr.,2026,H,NA,0.23787179438445538,0.22080219850578187,0.25619010547125715,projection
19363,Austin Hays,2026,H,NA,0.23708567721844936,0.21866779448779192,0.2560040780251889,projection
19556,Yordan Alvarez,2026,H,NA,0.2425659992177624,0.22500481372985617,0.2611081994060547,projection
19611,Vladimir Guerrero Jr.,2026,H,NA,0.2579281529891502,0.24107506624593733,0.2758283801765108,projection
19612,Bo Bichette,2026,H,NA,0.24885832431101412,0.2318781978949242,0.2670418310468754,projection
19627,Brent Rooker,2026,H,NA,0.24566869066101082,0.22688274922502868,0.2661366549857555,projection
19755,Shohei Ohtani,2026,H,NA,0.25654797279725994,0.23925527706725347,0.27525329384415137,projection
19858,Luis Rengifo,2026,H,NA,0.2406363814272687,0.22260998503759466,0.259981760762206,projection
19956,Mickey Moniak,2026,H,NA,0.24346022970835252,0.22359593637735492,0.2649921848701883,projection
20202,Brandon Marsh,2026,H,NA,0.24485685216074385,0.22605921171826993,0.26488250775570066,projection
20352,Ernie Clement,2026,H,NA,0.24828707831097452,0.2274783116672623,0.2698566051950247,projection
20391,Luis García Jr.,2026,H,NA,0.2534859154075292,0.23562704679468222,0.27260355832902616,projection
20503,William Contreras,2026,H,NA,0.2404425989985889,0.22269777157994233,0.25891189603356424,projection
20538,Jose Miranda,2026,H,NA,0.23743364080425777,0.21727341354938237,0.25854655343492405,projection
20599,Iván Herrera,2026,H,NA,0.25241099829126795,0.2306643970498071,0.27572457178939574,projection
21479,Nico Hoerner,2026,H,NA,0.26419511747373725,0.24523693281225428,0.2840218257151411,projection
21562,Romy Gonzalez,2026,H,NA,0.26501289341936574,0.24089192324891806,0.29114476484881124,projection
21618,Alec Bohm,2026,H,NA,0.25055486392112486,0.23250403786113544,0.26933268474071775,projection
21636,Jeremy Peña,2026,H,NA,0.2550095052059875,0.23588678146957423,0.2752551963288658,projection
21837,Jonathan Aranda,2026,H,NA,0.24931665960341942,0.2268436786811625,0.2738439755415936,projection
22186,Brice Turang,2026,H,NA,0.2457911577317585,0.22716257913623078,0.2655306064920473,projection
22239,Jeremiah Jackson,2026,H,NA,0.24450921682864835,0.2186281757944338,0.27268617688498026,projection
22266,Xavier Edwards,2026,H,NA,0.26113949737671643,0.23953596773676922,0.28403471193976215,projection
22581,Alejandro Kirk,2026,H,NA,0.238190461376154,0.21996303515668167,0.2569288954210355,projection
22664,Gabriel Moreno,2026,H,NA,0.2511622805138406,0.2303278400345599,0.273901668061122,projection
22715,Maikel Garcia,2026,H,NA,0.24544506356567145,0.22700484787278677,0.26497300267005885,projection
22799,Geraldo Perdomo,2026,H,NA,0.24799346453071633,0.2293918961085645,0.26682483970233745,projection
22896,Lenyn Sosa,2026,H,NA,0.24093117052602347,0.22130685101800837,0.2611500812282027,projection
23003,Yainer Diaz,2026,H,NA,0.24521640255606758,0.22619730761710724,0.26558470062233913,projection
23697,Julio Rodríguez,2026,H,NA,0.24084756679513297,0.22449420248604962,0.25811656286603324,projection
24064,Ezequiel Tovar,2026,H,NA,0.24031330161549147,0.2228654331491203,0.2588433961082727,projection
24610,Steven Kwan,2026,H,NA,0.24304556168475053,0.22382065514693075,0.26204861411473274,projection
24617,Jarren Duran,2026,H,NA,0.2556330373530169,0.23683865875919605,0.275713712232418,projection
24679,Brendan Donovan,2026,H,NA,0.2472941746970595,0.22762997079162425,0.26887597084312415,projection
24816,Andy Pages,2026,H,NA,0.2399209973073814,0.22088438245205075,0.2600111978308125,projection
24878,Heriberto Hernández,2026,H,NA,0.23785068201572612,0.2141822647424545,0.26343231160349634,projection
25660,Will Brennan,2026,H,NA,0.24067886349301476,0.2196779110941784,0.2623662537473953,projection
25764,Bobby Witt Jr.,2026,H,NA,0.2712102092124135,0.2517627881209097,0.2911222944523069,projection
25961,Kerry Carpenter,2026,H,NA,0.23991742757268647,0.22098419362755914,0.2605111712364831,projection
25976,Riley Greene,2026,H,NA,0.24655207862535491,0.22895282928253136,0.2650985524061635,projection
26143,Troy Johnston,2026,H,NA,0.23759939898949858,0.2102655788531568,0.26697537458874754,projection
26151,Kyle Stowers,2026,H,NA,0.23911388336637499,0.21700698541560767,0.2617091668975034,projection
26202,Jake Mangum,2026,H,NA,0.2550727453615643,0.22965018123040168,0.282617572765107,projection
26289,Gunnar Henderson,2026,H,NA,0.24040136825131195,0.2236708237488791,0.2582087663018764,projection
26477,Spencer Horwitz,2026,H,NA,0.23736197571475676,0.21648682452272314,0.2597187960440905,projection
27462,Austin Martin,2026,H,NA,0.2391518843059006,0.21677603038763513,0.2625846686882043,projection
27464,Dillon Dingler,2026,H,NA,0.24473433462572708,0.2214038349855553,0.27042011308707664,projection
27490,Nick Gonzales,2026,H,NA,0.23660746403248167,0.21630502687099243,0.2581076845475197,projection
27615,Alec Burleson,2026,H,NA,0.2501939561287829,0.23108121539153353,0.27067976974501395,projection
27676,Vinnie Pasquantino,2026,H,NA,0.24173327665823016,0.22281510277603261,0.26161919553546464,projection
27815,Jordan Westburg,2026,H,NA,0.24291167467728553,0.2226306847973991,0.2641121833658616,projection
27899,Colt Keith,2026,H,NA,0.23731778887577665,0.21845883189366216,0.2573753750256439,projection
28022,Edgar Quero,2026,H,NA,0.2407271795975569,0.2171093283173352,0.26547287456031615,projection
28163,Junior Caminero,2026,H,NA,0.23968503059806667,0.2193453584810957,0.2606222600201301,projection
28806,Jackson Chourio,2026,H,NA,0.251106749421297,0.23258906827077128,0.27120037258042456,projection
29490,Jackson Merrill,2026,H,NA,0.2545026600144773,0.23471306728711952,0.2755233524551084,projection
29622,Sal Frelick,2026,H,NA,0.24517872791427253,0.2257414806453307,0.2656499461392927,projection
29630,Joey Loperfido,2026,H,NA,0.2458929955199697,0.22271196275205388,0.2709988278206308,projection
29995,Daylen Lile,2026,H,NA,0.2632774214795548,0.2371759694906019,0.29029900785825774,projection
30116,Seiya Suzuki,2026,H,NA,0.2384029871186705,0.2193869448878877,0.2585591298763399,projection
31370,Jakob Marsee,2026,H,NA,0.25620203368399075,0.2297322981588333,0.2840749677392315,projection
31539,Drake Baldwin,2026,H,NA,0.24723253497247535,0.22423965282167108,0.2709358991775202,projection
31812,Roman Anthony,2026,H,NA,0.2562190834674336,0.23129818824766057,0.28311267085652875,projection
31837,Masataka Yoshida,2026,H,NA,0.24324224826189178,0.22153704204635724,0.2664577227233096,projection
31912,Chandler Simpson,2026,H,NA,0.25702613961695037,0.23226754741151978,0.28337762974532094,projection
33266,Jacob Wilson,2026,H,NA,0.26198686755637923,0.23968995818536543,0.28553325760393244,projection
33321,Luke Keaschall,2026,H,NA,0.26516548624314334,0.23697178862880122,0.2948138594380152,projection
33549,Kyle Teel,2026,H,NA,0.24102232338662846,0.21720323585258167,0.2675635052226782,projection
33824,Jung Hoo Lee,2026,H,NA,0.2399579742015655,0.2192693469827636,0.26206763972131686,projection
35110,Nick Kurtz,2026,H,NA,0.2571835014375235,0.23316029852837186,0.2827724871694952,projection
35322,Hyeseong Kim,2026,H,NA,0.24225581732915244,0.21652031018495185,0.27006848670425554,projection
