playerid,PlayerName,role,ERA,K9,WHIP,Ks,WQS,IP_atc,z_ERA,z_K9,z_WHIP,z_IP,z_WQS,composite
3137,Max Scherzer,SP,4.29793243290114,8.704829434377487,1.226673424266986,89.61283381546953,0.12135652513576649,92.6515,0.0226033837609797,0.31478346185868594,0.45090364591155063,-0.16110088643939038,-0.14050861323833286,0.09733619837069862
4676,Charlie Morton,SP,5.325630371322129,8.641057326820459,1.5278056829516535,72.92111468705325,0.10010774026602794,75.9502,-1.2185544110692281,0.2649402211571505,-1.5831076702291333,-0.4886599932257094,-0.9790705934516682,-0.8008904893637177
6175,Albert Suárez,SP,4.2273405920071605,7.191950809966354,1.3000294720259535,18.372957091962824,0.12417222827828425,22.9919,0.10785763046268473,-0.8676578328923037,-0.04458306116136925,-1.5273200642933455,-0.0293897131526519,-0.47221860820739714
6902,Martín Pérez,SP,3.899248786118202,6.921876735087556,1.2961216938716726,81.29359676652831,0.13798170336354781,105.7,0.5040963374553887,-1.0787433315076749,-0.018187798755763034,0.09481661728195369,0.5155873687932022,0.003513838653421342
8700,Justin Verlander,SP,4.321609602287118,7.189615824775022,1.272941568572793,94.36850077738869,0.11333884721499912,118.131,-0.005991694855285782,-0.8694828192912866,0.13838339482350812,0.33862322254386323,-0.4569182298431126,-0.17107722532446273
9132,Nathan Eovaldi,SP,3.0489488001924343,8.77041828603541,1.0375676097753896,155.77334816011626,0.17553394083626267,159.851,1.531009417671634,0.36604664016276967,1.7282273318693848,1.1568688642079987,1.9975487519783406,1.3559402011780257
9323,Patrick Corbin,SP,6.841024044181755,5.931056664917251,1.6890687908334867,81.8953714228813,0.08528615647621379,124.271,-3.048705663679438,-1.8531521622844769,-2.6723665485054164,0.4590457594522475,-1.5639895301756648,-1.7358336290385499
9803,Miles Mikolas,SP,5.250244410992609,5.549707921275786,1.39505560768443,79.66112413620611,0.10823882449675143,129.187,-1.1275102736960385,-2.151208129833488,-0.6864413466294156,0.5554622401430649,-0.6581855105824185,-0.8135766041196592
10310,Zack Wheeler,SP,2.706604511009095,10.664330623927402,0.9714077138884736,142.25980067194178,0.19662350933105027,120.058,1.94446094574257,1.8462976800196857,2.1751073091141757,0.37641707085370973,2.8298274176642932,1.8344220846788868
10603,Chris Sale,SP,3.336286130090939,10.907809044025287,1.0765128365751366,192.22347086772697,0.15104872733771327,158.603,1.1839901687110148,2.0365964479836585,1.4651700547568012,1.1323921010057736,1.031264362392796,1.3698826269700088
10954,Jacob deGrom,SP,2.6572774594923434,10.737443951940705,0.9255867555612645,185.38077678092824,0.16616357681668997,155.384,2.00403356158344,1.9034418665027582,2.484607022499414,1.0692585266884949,1.6277567353645759,1.8178195425277366
11156,Merrill Kelly,SP,3.4690694018129378,8.110738810289034,1.157385756814531,155.67211356548086,0.15629087578311612,172.74,1.0236269077181677,-0.14954809482518464,0.9189102961551022,1.4096581277604687,1.2381404923878643,0.8881575458392836
11423,Jose Quintana,SP,3.9849221185729915,6.454886977379379,1.3084635859599183,75.70578330936198,0.12751423243465898,105.556,0.40062807074978535,-1.443734920938611,-0.10155166113214882,0.09199237537400451,0.10249912851198073,-0.19003340148699785
11486,Robbie Ray,SP,3.6504816708566628,9.237598144217944,1.1978616824560475,172.8693324715132,0.1548482485921667,168.423,0.8045340756867984,0.7311868090285694,0.6455138452211477,1.3249897088950786,1.1812086573973848,0.9374866192457958
11674,Jameson Taillon,SP,4.053157301666435,6.85342988125366,1.2237251365318524,118.04043030587691,0.14067250435643544,155.012,0.31821997571340077,-1.1322402777683092,0.47081798734642116,1.0619625684262932,0.621777130833163,0.26810747691019376
11836,Taijuan Walker,SP,5.635647013537698,6.105861232022974,1.5491478777630483,75.49558198883518,0.09313843893495126,111.28,-1.5929636198724852,-1.7165277594264279,-1.7272644800882633,0.20425599121498042,-1.254107079571592,-1.2173213895487576
12304,Chris Bassitt,SP,4.166011150784474,8.029384840322706,1.3091424252339792,128.75386237618804,0.13359175821195463,144.318,0.18192561404069277,-0.21313303285520058,-0.10613691138501667,0.8522233811790196,0.3423425869426149,0.211444327584422
12317,Colin Rea,SP,4.455509049361323,7.0918151563920935,1.2935233535662094,65.65232121440744,0.11308475630950712,83.3173,-0.16770296841777635,-0.9459222289598813,-6.371928938020585e-4,-0.3441706004475728,-0.4669456725495902,-0.3850757326537245
12447,Seth Lugo,SP,3.7354897761087544,7.560538557817357,1.2095335202320086,131.18122439700946,0.15247931976331092,156.157,0.7018692084014857,-0.5795756518330443,0.5666758946802088,1.084419214152694,1.0877212574407489,0.5722219845684187
12718,Adrian Houser,SP,4.110724909269222,6.402269790714689,1.3113919704819585,98.69383427710726,0.13096597140931293,138.739,0.2486951842015032,-1.4848596571349255,-0.12133156542356631,0.7428036200370202,0.23871854470493026,-0.07519477472300762
12730,Nick Martinez,SP,4.379235560329507,6.424154144195585,1.2913100356862313,95.59355505034505,0.1285348904788206,133.923,-0.07558695659022757,-1.4677552028533989,0.014312761766506341,0.6483484184489454,0.14277837440202462,-0.14758052096523003
12768,Sonny Gray,SP,3.742615252085261,9.585070826579887,1.1562450695086302,186.51163318293953,0.14862404056993903,175.127,0.693263722568066,1.0027657987724286,0.9266151196054845,1.4564738599429303,0.9355765313075702,1.002939006439296
12880,Tyler Anderson,SP,4.490034437922303,6.57934385463017,1.3743499379371897,85.0124329838825,0.11033858171150218,116.29,-0.2093995151655898,-1.3464614525304162,-0.5465839737988941,0.3025160742623755,-0.5753206983702039,-0.4750499131205457
12970,Joe Musgrove,SP,3.293034250775908,9.296444002499365,1.097204497299658,146.27748050288253,0.16856934971515244,141.613,1.2362257577357305,0.7771797735230609,1.325407306497101,0.7991707814498371,1.722698149569928,1.1721363537551315
12972,Joe Ross,SP,4.12445345825013,8.440096185654731,1.2579282327208205,40.200459468813,0.12797631341055835,42.8673,0.2321151221595936,0.10787226598848564,0.23979164364187797,-1.1375079975068796,0.12073469071210054,-0.08739885500096438
13125,Gerrit Cole,SP,3.4299930422108678,9.2260581793601375,1.105060082015016,111.5266415072563,0.1619135502358315,108.794,1.0708196931665994,0.7221673604305978,1.27234640802102,0.1554985927208039,1.460033699555619,0.9361731507789279
13164,Eduardo Rodriguez,SP,5.074034163427861,7.645468757941874,1.4406950649803276,114.09587876435256,0.1110374201518196,134.31,-0.914699958410228,-0.5131955905523294,-0.9947151031769792,0.6559385685765586,-0.5477417403284033,-0.4628827647782763
13361,Steven Matz,SP,5.211226239296016,7.522476178521182,1.4199595637706885,106.26667765122274,0.10252601766890565,127.139,-1.0803877621770828,-0.6093245876234422,-0.8546562323988078,0.5152952441188999,-0.8836357015228458,-0.5825418079206557
13431,Marcus Stroman,SP,4.440570476755025,6.6850409478013795,1.3817242094874949,79.88103984993376,0.12239057645024158,107.543,-0.14966155260796,-1.2638503258450695,-0.596393820964161,0.13096299114549648,-0.0997008153701668,-0.3957287047283722
13543,Blake Snell,SP,3.3797634415200584,11.354187669106423,1.2623068316259412,176.1463443457017,0.14249455410375983,139.624,1.1314823237878049,2.3854787118173157,0.21021620140676822,0.7601609400962904,0.6936824964119499,1.0362041347040258
13619,Jakob Junis,SP,5.153895860321446,7.398935991093074,1.3926571871904976,51.25777328629529,0.10554123895457268,62.3495,-1.011149473294082,-0.7058815861950434,-0.6702411080803108,-0.755407680152397,-0.7646430180545672,-0.7814645731552801
13649,Clay Holmes,SP,4.017442975596284,7.324011133711015,1.3018543929260227,122.7243856725212,0.12814964531501338,150.808,0.36135241038304905,-0.7644416345309494,-0.05690957104116667,0.979510394947002,0.12757506045206457,0.1294173320419999
13743,Max Fried,SP,3.032307518197928,8.581784792607872,1.0805065230837112,172.6702776854885,0.1818933578925989,181.085,1.5511072071983736,0.2186137737035196,1.4381945205279516,1.5733268688843234,2.248516766970973,1.4059518274570284
13774,Zach Eflin,SP,4.000905594976132,7.415391704100362,1.1975573688036765,117.1582453303163,0.14999803495716746,142.194,0.3813247175128191,-0.6930200688991919,0.6475693454033019,0.8105658130367703,0.9897998415448139,0.42724792971970266
13942,Brent Suter,SP,4.4761206270162,7.462017942670526,1.286247556060762,47.23963116704335,0.11896123550170987,56.9761,-0.19259571103571335,-0.6565777601675623,0.048507506929025765,-0.8607950514591578,-0.23503631592967789,-0.37929946633261713
14078,Michael Wacha,SP,3.6408916814014107,7.264617031219255,1.1786163467523885,132.3153130676171,0.15162176229169008,163.923,0.8161159712221865,-0.8108630977717735,0.7755073264082961,1.2367321492716699,1.0538786120397294,0.6142741922340218
14107,Kevin Gausman,SP,3.4479628111988805,9.675602116348275,1.1280509580337053,195.22677403536275,0.15959446893833196,181.595,1.0491174808560073,1.0735235805018624,1.1170535071731895,1.5833293923083094,1.3685134824218632,1.2383074886522463
14120,Lance McCullers Jr.,SP,5.423144807624072,8.685187507946548,1.6129373920135226,91.31712298146763,0.09493942978386996,94.6271,-1.3363232594825947,0.29943165204020594,-2.1581336085015335,-0.12235385648561124,-1.18303278229419,-0.9000823709447447
14168,José Berríos,SP,4.272580007764199,7.256075210641807,1.2995776029691002,96.54127444701028,0.13581873958893476,119.744,0.053221680149615876,-0.817539245626701,-0.041530891396933695,0.3702586544710984,0.43022817309856604,-0.0010723258608708597
14374,Tyler Glasnow,SP,3.4517654365036026,10.856323942726158,1.146338606702303,158.06325157322942,0.1452331708972855,131.036,1.0445250243945046,1.996356531272413,0.993528765918271,0.5917262907527719,0.8017592610600279,1.0855791746795975
14527,Jorge López,SP,5.924223880127676,7.10434781355112,1.5588786713443463,21.996244888723194,0.08854705487270353,27.8655,-1.9414798657317889,-0.9361269082258348,-1.7929915607598665,-1.4317351659420914,-1.435301445967649,-1.5075269893254462
14739,Paul Blackburn,SP,4.487864627419295,7.725007819484351,1.3172830639669206,51.41748037964741,0.11895635591003557,59.9038,-0.2067790202531929,-0.45102915538957916,-0.16112321997826193,-0.8033746831681683,-0.235228884120382,-0.3715069925819169
14843,Michael Lorenzen,SP,4.202318375618396,6.9939489601238405,1.3107846625115103,112.2116942216669,0.1264247975521954,144.397,0.13807713149871897,-1.0224128541564863,-0.11722947656178231,0.8537727916701857,0.059505673688444845,-0.0176573467721838
14916,Jon Gray,SP,4.406349721831946,7.8499817174850355,1.312375660551609,64.50443365882262,0.12407398639622058,73.9543,-0.10833291397800204,-0.3533515919832443,-0.12797594401649381,-0.5278051628373451,-0.033266730481794383,-0.23014646865937594
15038,Germán Márquez,SP,7.1159318578746875,5.766648306527566,1.7454494946012613,66.56890657315277,0.07951838361172786,103.894,-3.380713701322248,-1.9816510577182416,-3.0531925349890368,0.059395916686425736,-1.7916089006156262,-2.0295540555917455
15440,Matthew Boyd,SP,3.7504099900504224,8.132437450998339,1.1720891792189954,140.3044253212682,0.14708488957456278,155.272,0.683849964475894,-0.1325887906214956,0.8195953715857145,1.0670618940934233,0.8748354811984819,0.6625507841464037
15454,Nick Pivetta,SP,3.4755371906105275,9.51339599149547,1.1313024057946266,183.8717465916273,0.15378562682916347,173.949,1.0158157151670004,0.9467459149358978,1.0950914577785424,1.4333699921126246,1.1392733554370926,1.1260592870862316
15474,Lucas Giolito,SP,4.118764686182672,8.898229720972653,1.2843481886882713,136.17751895757428,0.1331075518784397,137.735,0.23898549090372706,0.4659419762278162,0.06133686883807347,0.7231123778454865,0.32323386969815865,0.3625221167026524
15488,Antonio Senzatela,SP,7.109558066143637,4.924088490780395,1.7537984678968328,30.958017902008056,0.0806311555395417,56.5835,-3.373016029668092,-2.6401820881404783,-3.109586048707975,-0.8684950332165245,-1.7476944727067485,-2.3477947344879637
15689,Luis Castillo,SP,3.581686028031108,8.575585422675188,1.16894165282249,166.0128525119195,0.1610206892381955,174.229,0.8876190417561906,0.21376844712439855,0.8408554794742129,1.4388615736003034,1.4247978359134026,0.9611804755737016
15734,Brad Keller,SP,5.7560903003777755,6.61903818639544,1.643379419517158,47.729810817228774,0.09158525298797601,64.8989,-1.738423797136455,-1.3154370092674472,-2.3637556454733337,-0.7054068307070819,-1.3154020049670654,-1.4876850575102767
15823,Zack Littell,SP,3.810294392962855,7.197343050034827,1.176988531041773,118.005237534021,0.14585516673931043,147.561,0.6115271635002327,-0.863443345870481,0.7865024804660045,0.915827662480956,0.8263057030410799,0.45534393272355833
15873,Sean Manaea,SP,4.567341806324491,9.77224381196869,1.302767205214471,147.71723746171872,0.1114658771862648,136.044,-0.3027641501454059,1.1490571559338063,-0.06307520248937479,0.6899471482181122,-0.5308331132495728,0.18846636765351296
15890,Luis Severino,SP,4.99574352111499,7.130889230147685,1.4108400012483904,136.41470329375076,0.10763683998684223,172.171,-0.8201478168362343,-0.9153825692560231,-0.7930577392661576,1.3984984496658641,-0.6819422254149039,-0.362406380221491
16137,Carlos Rodón,SP,3.3889428200973324,10.3073291992773,1.1393535561474792,164.39044814047372,0.15848493439530378,143.54,1.1203963258044034,1.5672711804843882,1.0407096024529705,0.8369646297596833,1.3247268146561288,1.178013710631515
16149,Aaron Nola,SP,4.914578188530469,8.706357760879134,1.3122958335438244,160.2801768854467,0.11692396161746882,165.686,-0.7221238922557826,0.31597797696270735,-0.12743674892036952,1.2713094998530188,-0.3154352861803992,0.08445830989183498
16162,Brandon Woodruff,SP,2.7194277917306255,10.863268248601965,0.9732031953018371,178.74180170288594,0.19435544711590905,148.084,1.9289741823388433,2.0017840876529736,2.162979649564669,0.9260851521882988,2.740320617438532,1.9520287378366632
16207,Spencer Turnbull,SP,5.097012283986845,7.263155740501514,1.451666397586048,45.553705787121,0.10435467575600985,56.447,-0.9424507910003472,-0.8120052187988097,-1.0688214601998134,-0.8711721791917679,-0.811469544443479,-0.9011838387268434
16256,Kyle Freeland,SP,5.6822915206988425,5.907414954119618,1.5214527662424295,110.88677334490066,0.10951548265086758,168.937,-1.6492965086374647,-1.8716301384252017,-1.5401966100408189,1.3350706834831747,-0.6078034771469077,-0.8667712101534436
16350,Ryan Borucki,SP,4.20244846300386,7.124825595149942,1.2931294331678334,12.120119984638402,0.12423196803331318,15.31,0.13792002407790868,-0.9201218076205145,0.0020235600639026364,-1.6779835636869151,-0.027032143645424986,-0.4970387861622087
16358,Tyler Mahle,SP,3.224380644398649,8.776482749926618,1.1136659263540793,126.43303533069286,0.16543498227610806,129.653,1.3191391854198038,0.3707865263768949,1.2142178473445306,0.5646018007618441,1.5990034826742017,1.013549768515455
16400,Reynaldo López,SP,3.003240418159501,9.860305637706801,1.075434624478056,124.58277055339484,0.17823367299184956,113.713,1.5862117417479256,1.217884844793803,1.4724528866136115,0.25197391178470324,2.104090973395372,1.326522871667083
16502,Ryan Yarbrough,SP,4.789155290312951,6.505035599093231,1.3294425839800643,46.84861588110954,0.11148597847577715,64.8171,-0.5706498044396211,-1.4045395749058878,-0.24325524201271378,-0.7070111570131252,-0.5300398360225853,-0.6910991228787866
16511,Jordan Montgomery,SP,4.744419564837059,7.021716743960598,1.359301663802158,58.43347843804116,0.11769182403013503,74.8964,-0.5166221643072512,-1.000710006523828,-0.4449397327842062,-0.5093279524104088,-0.2851323663078477,-0.5513464444667083
16561,Austin Gomber,SP,6.429045984889639,5.484694494990912,1.610405118395505,61.92890436394128,0.08990232352436978,101.621,-2.551156957514797,-2.2020215650371258,-2.14102925303623,0.014816042681090439,-1.381817128100569,-1.6522417722015263
16918,Luke Weaver,SP,5.9113492137729775,7.382034880730792,1.5050106950924276,56.72396613658433,0.08937205111062825,69.1565,-1.9259310435491501,-0.7190912188100091,-1.4291379047198634,-0.6219034116287209,-1.4027437969922507,-1.219761475139999
16943,Sean Newcomb,SP,3.9442217421202614,8.95027143575484,1.3019416451754642,87.06207478447845,0.12765721657284912,87.5458,0.44978219240195555,0.5066169329726524,-0.05749892026432178,-0.2612379135881098,0.108141854098166,0.14916082912406847
16944,Grant Holmes,SP,4.078469829349604,9.387844145370563,1.2968537471120036,86.76975724807227,0.12633603195554913,83.185,0.28764986375123036,0.8486166366878843,-0.023132485124983622,-0.346765372700501,0.05600262845763125,0.16447425421425224
16977,Trevor Williams,SP,6.046993960732875,6.9164324973896365,1.5560017174359495,21.21331326349378,0.084013278456591,27.6038,-2.0897501276622505,-1.082998459029862,-1.7735590468496847,-1.436867833353968,-1.6142223843952508,-1.5994795702582034
17085,Pablo López,SP,3.552643630707236,9.865616939619676,1.1267747958719943,173.62937723900652,0.15398767828385113,158.395,0.9226937426692459,1.2220360718713335,1.1256734015992758,1.1283126404720694,1.1472471134183861,1.109192594006062
17277,Ranger Suárez,SP,3.357332944325792,8.753290105351468,1.127781910505197,160.8076651132013,0.16758576448891704,165.34,1.1585717879131832,0.35265953308236353,1.118870800743649,1.26452347415753,1.6838819452515732,1.1157015082296597
17282,Michael Kopech,SP,4.611923588464757,8.706086026168439,1.4766881749523884,38.93729261201409,0.10504541650055987,40.2518,-0.35660587186358933,0.31576559353818207,-1.2378321750777028,-1.1888052524391075,-0.7842101538423338,-0.6503375719369102
17295,Framber Valdez,SP,3.399774274323793,8.528598558467893,1.1698245663484794,155.04613130469812,0.16733113663420177,163.616,1.1073151048153125,0.1770442792677815,0.8348918005549227,1.230711022426251,1.673833312382613,1.0047591038893762
17312,Justin Steele,SP,3.272135821321567,9.20420174221051,1.102659710971259,79.47725935490527,0.16585420855292377,77.714,1.261464933224218,0.7050847250989568,1.2885598216461966,-0.4540669524115386,1.6155478271625634,0.8833180709440793
17425,Erick Fedde,SP,4.801145050304401,6.672798683246185,1.4203996666694496,21.028954339212394,0.10664837151123749,28.363,-0.585129919184617,-1.273418680449169,-0.8576289271219053,-1.4219778024059477,-0.720951142271229,-0.9718212942865737
17432,Jeff Hoffman,SP,5.4637140010489516,7.85384741637835,1.502636698171255,55.626183301069055,0.09142344851306654,63.744,-1.3853189504991867,-0.3503302246833348,-1.4131026362858534,-0.7280576430646539,-1.3217874562631864,-1.0397193821592432
17479,Jack Flaherty,SP,4.592926268198406,9.390939586859245,1.3315396990192299,165.60608930106716,0.11549175350409197,158.712,-0.3336626788805472,0.8510359833444133,-0.2574202993849903,1.1345298952277625,-0.371955942725861,0.2045053915161555
17578,JT Brubaker,SP,5.076791322911078,8.45247518740769,1.3927177327311655,46.1279745894129,0.10249987325649812,49.116,-0.9180297986835708,0.11754749215951561,-0.6706500656440016,-1.0149535502138145,-0.8846674645330307,-0.6741506773829804
17594,Mitch Keller,SP,3.728628734424021,8.215398639958885,1.1869925476116914,160.33719678986424,0.155120562569267,175.65,0.7101553351409686,-0.06774767640007401,0.7189299028917737,1.466731349650273,1.1919552553453088,0.80400483332565
17606,Cristian Javier,SP,4.492792758656545,8.499232166342383,1.3570968172945845,131.4160721151155,0.11309824514272883,139.159,-0.21273075788969817,0.15409198543087868,-0.43004699838787613,0.751040992268538,-0.46641334927715355,-0.04081162557106223
17611,Taylor Clarke,SP,4.781943243283271,7.434455974850301,1.3771632626656407,49.22543292601075,0.10713683741237354,59.5913,-0.5619397661560742,-0.6781197453535303,-0.5655867015658979,-0.8095036803642383,-0.7016743254633804,-0.6633648437806242
17677,Jeffrey Springs,SP,4.09740945314452,7.781825739676796,1.2557318128321462,140.3538736881151,0.12816112173327568,162.325,0.2647763511894275,-0.40662119427930643,0.25462746006378556,1.2053909092098458,0.12802796578678294,0.28924029839410703
17732,Nabil Crismatt,SP,4.546684965508224,7.247007782041217,1.327536012670782,4.703147005927371,0.1214678270682768,5.8408,-0.27781674289939373,-0.8246262001526913,-0.2303772207902509,-1.8637010044837998,-0.13611619411885936,-0.6665274724889991
17735,Tyler Alexander,SP,5.081303638580097,6.442176656171569,1.3960797582266395,55.448029218890575,0.1053090433641477,77.4633,-0.9234793530282475,-1.4536691009998262,-0.6933590172947398,-0.45898387912211375,-0.7738063841151306,-0.8606595469120115
17874,Nestor Cortes,SP,4.732618687839082,7.807019796374979,1.342190621629187,9.886289402142848,0.11029968903310167,11.397,-0.502370164839027,-0.38692992986354746,-0.3293624327539602,-1.7547284149772258,-0.5768555589100075,-0.7100493002687536
17948,Trent Thornton,SP,4.52060193072182,8.30994047739632,1.3396651488180322,31.210382112333136,0.11089395836432825,33.8021,-0.24631608426450965,0.006144684073438853,-0.31230401364292926,-1.3153018707286852,-0.5534033158651304,-0.4842361200855631
17964,Tyler Gilbert,SP,4.694267593564474,6.81808554961572,1.3689632221433108,40.10753975862669,0.11137070277561895,52.9427,-0.4560532872627881,-1.1598648317739821,-0.5101991609281586,-0.9399012827891704,-0.5345890758961939,-0.7201215277300586
17968,Brock Burke,SP,5.776841062888051,6.391644964288877,1.5381599718027517,44.70025313086378,0.08747713498636957,62.9419,-1.7634846342515615,-1.4931638484379999,-1.6530461776003305,-0.7437890627477509,-1.4775247610444362,-1.4262016968164157
17995,Logan Webb,SP,3.2830873348631457,8.60189132985747,1.0969553967666972,186.46797718583696,0.1766269550252041,195.098,1.2482387157831254,0.23432871577141187,1.3270898671935607,1.848160909551618,2.04068346054162,1.3397003337682674
18000,Triston McKenzie,SP,4.326221643451838,8.734409246261048,1.3240336097455798,22.59776065091821,0.1155304014921242,23.2849,-0.011561688359860137,0.33790256110281924,-0.20672008350890309,-1.5215735165223105,-0.37043073864599285,-0.3544766931868495
18383,Michael Soroka,SP,4.362499292998784,8.463665312542101,1.2909831747902207,125.2678890691648,0.1188509367491368,133.206,-0.05537445262646126,0.1262935117270193,0.016520558314751566,0.6342860472822821,-0.2393891455592185,0.09646730382767463
18525,Dylan Cease,SP,3.7415568627709472,11.130733702013716,1.2113252707353914,213.61362071991257,0.1367223625292721,172.722,0.69454194654645,2.210830730212585,0.5545734357291144,1.4093050975219752,0.46588874601417923,1.0670279912048608
18679,Freddy Peralta,SP,3.371326491161919,10.285567938094925,1.1460222419014037,188.6361731437789,0.15031507957173018,165.059,1.1416716861579284,1.5502629331387576,0.9956656661224151,1.2590122798788237,1.0023116892308581,1.1897848509057565
18684,Sandy Alcantara,SP,4.263448564584611,7.578199844433191,1.272793599571574,146.21547184290384,0.12895692191495672,173.648,0.0642497862269788,-0.5657718778382049,0.13938285806345452,1.4274665420133696,0.15943342168910907,0.2449521460309414
18694,Kolby Allard,SP,4.93898540716713,7.471518845329933,1.369366281460524,35.08102243447763,0.10002337525304036,42.2577,-0.7516006563208744,-0.6491520093765728,-0.5129216431220914,-1.1494639549171974,-0.9823999740626195,-0.8091076475598712
19291,Zac Gallen,SP,4.155017492896103,8.368042616368244,1.2629671923154717,147.95257215246812,0.1327103915930295,159.126,0.19520272949624526,0.0515563696675193,0.20575576557997705,1.1426495907131162,0.30756033742620376,0.3805449585766123
19312,Cal Quantrill,SP,5.704313672750924,6.016472699962795,1.5555158146473127,48.30692780496794,0.09414234470350277,72.262,-1.6758928115553953,-1.7863923803415855,-1.7702769947210002,-0.5609958890930551,-1.2144889454342818,-1.4016094042290637
19316,Eric Lauer,SP,3.7581757464837953,8.820507946443296,1.2062015399188901,60.716848500137075,0.1398144426564772,61.9524,0.6744712075769137,0.4051959029989686,0.5891819048022853,-0.7631959194693871,0.5879145865665992,0.298713536495076
19320,Joey Lucchesi,SP,4.110148712860691,7.673147475368355,1.2653339483019774,35.68857622268576,0.12883375290275062,41.8599,0.2493910605257275,-0.49156235577544594,0.1897694063631874,-1.1572659231879068,0.15457268017331707,-0.21101902638022413
19350,Dean Kremer,SP,3.7404940116423178,8.167523570903716,1.193921040055241,138.6418976108526,0.14281671770469184,152.773,0.6958255590883505,-0.10516605070086796,0.6721310906504981,1.0180495293158904,0.7063963597601994,0.597447297622814
19361,Corbin Burnes,SP,3.588036924761006,8.142196675681976,1.1795904741937826,35.44026806368508,0.150710542971275,39.174,0.8799490205507516,-0.12496113954328822,0.768927539015828,-1.2099439186084653,1.0179182556042834,0.2663779514038219
19362,Keegan Akin,SP,5.6083787032991586,7.693522753463544,1.4945209739195349,56.007221457077755,0.08990238021222259,65.5181,-1.5600314960069734,-0.475637370239237,-1.358284613670874,-0.6932625905029007,-1.381814890971321,-1.0938061922782611
19374,Walker Buehler,SP,5.745059721467343,6.664064138802275,1.5648799121436603,76.44273928462992,0.09217823692663399,103.238,-1.7251020919112718,-1.2802454581395055,-1.8335272102781468,0.04652992577243537,-1.29200048865053,-1.2168690646414038
19388,Tony Gonsolin,SP,4.598735680538001,7.703871548668251,1.3912047789459325,13.938957187296516,0.10841610623542794,16.2841,-0.3406787457024279,-0.4675489204432532,-0.6604307516010507,-1.6588787439471013,-0.6511892645969855,-0.7557452852581636
19407,Ronel Blanco,SP,3.253014123591987,9.13100728712305,1.1680652998865826,19.125402041061847,0.15708471962470832,18.851,1.2845583377161256,0.6478771310159238,0.8467748445942266,-1.6085346706588064,1.2694687432909904,0.48802887719169197
19409,Dane Dunning,SP,4.654190897395658,7.741087422188165,1.3661790125982205,13.666717819708268,0.11131176673857318,15.8893,-0.40765238853432184,-0.43846159978175286,-0.49139309296999045,-1.6666218738447283,-0.5369149274794252,-0.7082087765220437
19427,Shane Bieber,SP,3.6509250350945504,8.083130619428132,1.1667637148200054,117.36166784035021,0.15525548734927927,130.674,0.8039986216791271,-0.1711262071869764,0.8555664591688378,0.5846264604008444,1.1972799264453517,0.654069052101437
19447,Patrick Sandoval,SP,4.510640302163327,8.351570690537299,1.3713518537269827,68.66577906052862,0.1109920647443575,73.9971,-0.23428535765473038,0.03868218069273192,-0.526333279844881,-0.5269657353813714,-0.5495316459878543,-0.359686767635221
19479,Aaron Civale,SP,4.905227452605964,8.032629449407624,1.3663240266794623,95.9078105971605,0.10290158777560951,107.458,-0.7108309448378576,-0.21059709923473272,-0.4923725970707265,0.12929590390816526,-0.8688142039964134,-0.430663788246313
19618,Jordan Hicks,SP,4.594376886096347,7.983479104448522,1.3690049197632541,50.24775136742885,0.11037217755143122,56.6457,-0.33541459998891876,-0.2490122084134482,-0.5104808093679217,-0.8672751176146188,-0.5739948722474149,-0.5072355215264646
19666,Jason Alexander,SP,5.0596392269493045,6.915780404274052,1.4257624516112073,48.73058662063176,0.10643444699487833,63.4166,-0.8973150956519191,-1.0835081243892954,-0.8938520979811466,-0.7344788708470326,-0.7293934587215117,-0.8677095295181811
19716,Dustin May,SP,4.507175225041098,8.029785171300766,1.35487547588481,122.19816293520742,0.11342630724718422,136.963,-0.2301005604306063,-0.21282014068236652,-0.4150428484365271,0.7079713031723147,-0.45346670740414685,-0.12069179075626642
19755,Shohei Ohtani,SP,3.127969407293067,11.06323481475027,1.080983613146992,132.75881777700323,0.1641401495679395,108,1.4355756926552576,2.158074699185241,1.4349719943470294,0.13992603664502917,1.5479042086939199,1.3432905263052954
19795,Keegan Thompson,SP,4.188218745784162,8.511786968778328,1.292861910550401,30.090963867435907,0.12132923228739356,31.8169,0.1551053504127972,0.16390461455271588,0.003830553554264621,-1.3542371834763274,-0.14158569812189517,-0.234596472615689
19853,Michael King,SP,3.547411980948927,9.848790400172298,1.1773855368186759,174.15068909602442,0.1442661128977396,159.142,0.929012041689407,1.2088847226690271,0.7838208871809775,1.1429633953695548,0.7635952871645022,0.9656552668146936
19867,Griffin Canning,SP,4.94219136843375,7.667520895626269,1.4096927612730463,100.0654074217537,0.10444609502061263,117.455,-0.7554725175626156,-0.49595999886980935,-0.7853086555168065,0.3253649758093245,-0.8078617748686583,-0.5038475942017131
19879,Tanner Houck,SP,4.7430825366329605,7.345922544747404,1.358371690837049,18.379008478788354,0.11415596337891493,22.5174,-0.5150074262452348,-0.7473160325046971,-0.43865818877759877,-1.5366263336358585,-0.42467156008396834,-0.7324559082494716
19899,Clarke Schmidt,SP,3.562998210019373,9.121796495614555,1.155760133784342,30.539673314023137,0.14291350799484043,30.1319,0.9101884467598347,0.6406781263758629,0.9298906396547528,-1.3872847363575371,0.7102160914705059,0.3607377135806839
19911,José Suarez,SP,4.626249515146978,8.123666700682158,1.3314019436875346,17.521575654847982,0.10519157820945163,19.4117,-0.3739073910211777,-0.13944386623196586,-0.2564898248328758,-1.5975377787297296,-0.7784420286158327,-0.6291641778863163
19959,Jesús Luzardo,SP,3.547171148215175,10.207402100119145,1.142304709670135,192.96186345644122,0.15349405634811336,170.137,0.9293028970210873,1.4891697871520115,1.0207759039280435,1.3586060327160836,1.1277668188770027,1.1851242879388457
19962,Joey Wentz,SP,5.424000160385107,7.832259441487685,1.47215486661842,52.15144759156538,0.09080594607018447,59.9269,-1.3373562748337002,-0.3672030342854303,-1.2072117410826124,-0.8029216276954346,-1.3461565707543968,-1.012169849730315
20000,Tyler Wells,SP,3.6040138077524473,8.440706555535968,1.1598086757841963,81.381541183342,0.14282445844217456,86.774,0.86065363022197,0.10834932114743966,0.9025445815554186,-0.2763750657030758,0.7067018402002158,0.4603748614843937
20070,Bailey Falter,SP,4.673460266988387,6.629309488048217,1.3622604037223067,50.66236165157346,0.11270280116560222,68.7796,-0.4309241373404219,-1.3074091271696253,-0.4649246739704694,-0.6292954725669568,-0.4820191491643265,-0.66291451204236
20099,Chris Paddack,SP,5.711960881621359,6.591850565900158,1.4622879004660823,69.93250319693038,0.09383684362816214,95.4804,-1.685128397755771,-1.3366864106806988,-1.140564876686566,-0.10561826190191013,-1.2265452389242586,-1.0989086371898407
20203,Eli Morgan,SP,4.606543629447663,7.762163515474933,1.3121529913296979,29.69286283453011,0.11295450856712871,34.428,-0.35010845874218866,-0.4219888685049795,-0.12647191479324868,-1.3030262248246203,-0.472085769050953,-0.534736247183198
20253,Griffin Jax,SP,5.306274942585786,7.141481875127763,1.4517599884292747,52.785152382826276,0.09681090668777054,66.5221,-1.1951787280496595,-0.9071035304468414,-1.0694536237383256,-0.673571348311367,-1.109176823561539,-0.9908968108215465
20302,David Peterson,SP,4.211780832704623,8.339861968114066,1.314976068855384,148.61819357445225,0.12867178074312888,160.382,0.12664925767339888,0.029530833929936384,-0.14554051826558853,1.167283256243561,0.14818061136823107,0.2652206881899078
20492,Casey Mize,SP,4.201441341075934,7.725210817663342,1.2567298147699228,129.48140015809776,0.1283908669553004,150.848,0.13913633208482196,-0.45087049531882073,0.2478864113171824,0.9802949065880994,0.13709463051639584,0.2107083570375358
20531,Kutter Crawford,SP,3.858578172220963,9.030787911839889,1.181506908098341,77.125838687662025,0.1340608581256505,76.8629,0.5532145146667262,0.5695472994241257,0.7559829004522487,-0.47075939885497936,0.3608551444821724,0.35376809203405873
20548,Bowden Francis,SP,5.476646156999263,7.328914564745796,1.4922740684618234,32.65666611189864,0.09692537533842846,40.1028,-1.4009372032577263,-0.7606091926893276,-1.3431077902138127,-1.1917275583021938,-1.104659433086907,-1.1602082355099934
20629,Tyler Phillips,SP,5.055025853003502,7.1069582655576635,1.391404586011255,54.94484194546171,0.1063191854908429,69.5802,-0.89174349253856,-0.9340866214502161,-0.6617803573645974,-0.613593472070401,-0.733942138359375,-0.7670292163566299
20633,Yusei Kikuchi,SP,4.1687520611421744,10.120188674740039,1.283195605071852,190.12123783989128,0.12087867047094378,169.077,0.1786153979468299,1.4210051941959314,0.06912204645018043,1.337816474227014,-0.15936666824921417,0.5694384889141484
20778,Cristopher Sánchez,SP,3.0792300189767325,9.002285345865024,1.0499567556557898,185.63612611708265,0.17859187653905267,185.589,1.4944385836492982,0.5472701580386673,1.6445442916394117,1.6616628796718416,2.1182271170715157,1.4932286060141469
21052,Luis Gil,SP,3.70783413388439,9.339030057465951,1.2941673893058738,101.36904902075523,0.13273767599931746,97.6891,0.7352691157424932,0.8104643405468213,-0.004987361116224987,-0.06229949035963855,0.30863708915135135,0.3574167387929605
21212,J.P. France,SP,4.767316343031812,6.9895881543854035,1.396616156883581,18.132389590106612,0.11416933455491282,23.3478,-0.5442747591704657,-1.0258211889034474,-0.6969821460254424,-1.5203398719666852,-0.42414388003584735,-0.8423123692203778
21224,Bailey Ober,SP,4.1620137048713906,8.319287577804241,1.2095543569619498,131.35600466181043,0.12886911398777456,142.104,0.1867533566768789,0.013450225529423565,0.5665351520554334,0.8088006618443027,0.155968169923058,0.34630151320581926
21390,Joe Ryan,SP,3.3321066630163774,10.157725990427782,1.0633107488183309,193.26428060254247,0.1632631446645733,171.237,1.1890377395427698,1.4503437488209383,1.5543441472679087,1.38018010284625,1.513294089906803,1.4174399656769339
21446,Ryan Feltner,SP,4.505736502081366,7.894464887850168,1.3270753796844834,100.50969546381239,0.11778594177932133,114.585,-0.22836300492006728,-0.31858427045958326,-0.2272658546722151,0.2690762655606171,-0.2814181037457901,-0.1573109936474077
21448,Davis Martin,SP,4.332899093711658,7.456202362266574,1.3098208760092582,121.52367150100805,0.1200294765421924,146.685,-0.019626090485937005,-0.6611231231012569,-0.11071953750547851,0.8986468575409324,-0.1928792548203662,-0.01714022967442122
21453,Konnor Pilkington,SP,4.792122653928559,8.195765205276162,1.4389348054879516,52.65706293143665,0.09865522435599791,57.8242,-0.5742335096743197,-0.08309284920644083,-0.9828253516688683,-0.8441614433887995,-1.0363926768212826,-0.7041411661519422
21455,Kris Bubic,SP,3.5731278784008,9.022905118917022,1.1858527030267378,135.4107472996406,0.14825224428712014,135.067,0.8979547773122045,0.5633862368513782,0.7266290341458084,0.6707854513843188,0.920903963955233,0.7559318927297886
21487,Stephen Kolek,SP,3.8611011785475413,7.353405331668726,1.2209546584740836,58.75428053155892,0.1389745523919692,71.9107,0.5501674627543227,-0.7414676081084326,0.48953130535902983,-0.567885862580989,0.5547691597723008,0.05702289143924634
21504,Jake Irvin,SP,5.0244442774816465,6.8768710279697,1.4166442660235652,102.38896863865997,0.10678015723722624,134,-0.8548099156400226,-1.113919059247457,-0.832262905415245,0.649858603358057,-0.7157503507894365,-0.5733767255468208
21537,Daniel Lynch IV,SP,4.838233138521866,7.648370890507907,1.3834897522045484,49.9056200605641,0.10651364246052242,58.725,-0.6299214557495181,-0.510927331001597,-0.6083192582497663,-0.8264942412312958,-0.7262680891108947,-0.6603860750686144
21649,Luis Medina,SP,4.853777016206198,8.32393490383797,1.4186518740948222,94.55990050759932,0.09995112441962843,102.24,-0.6486939026218339,0.017082499873038278,-0.8458233839675882,0.026956360327065984,-0.9852512807283601,-0.4871459414235356
21690,Edward Cabrera,SP,3.8413079790130835,9.906366632947398,1.2537613748487697,147.50800057939406,0.12679859495815757,134.012,0.5740718445462792,1.2538853685443516,0.2679368715942788,0.6500939568503862,0.07425721335830339,0.5640490509787198
21741,Javier Assad,SP,4.155904579803487,7.729341374467628,1.3112990102060522,54.3005125501933,0.1221130654484863,63.2272,0.19413138860060894,-0.4476421193890572,-0.12070366108023578,-0.7381935334676267,-0.11065250868296003,-0.24461208680385416
21844,Braxton Garrett,SP,3.772514381372219,8.750235093055045,1.1574354892047216,114.33348847088823,0.1391403786127448,117.597,0.6571543406322016,0.35027178522409175,0.9185743765001692,0.3281499921352186,0.5613133252348124,0.5630927639452986
21846,Cole Ragans,SP,3.237177773527657,11.51208334462747,1.0904353390936334,193.36462657859272,0.15893538096397156,151.17,1.3036840054723566,2.508887400383697,1.3711298885012373,0.9866102252989295,1.342503236645336,1.5025629512603114
22100,José Soriano,SP,4.022350375359222,8.294122991769417,1.3007690793764466,154.98951163953117,0.128303237476012,168.18,0.3554257102891699,-0.006218005095800857,-0.04957877210570554,1.3202238006754146,0.1336364210174711,0.35069783095610985
22182,Hunter Greene,SP,3.0969680911812376,11.336570456237146,1.0606715509984765,215.01443374875205,0.16287375078759495,170.698,1.4730161931210963,2.3717093851450186,1.5721707270390877,1.3696088084824687,1.4979270511531209,1.6568864329881585
22191,Tobias Myers,SP,3.631887514677949,8.548287776808253,1.1608251784222268,53.46735548150378,0.13945350661972084,56.2927,0.8269903646572322,0.1924330516724896,0.895678569001095,-0.8741984328472995,0.5736706079311995,0.32291483208294336
22201,MacKenzie Gore,SP,3.9755729800780966,9.895587383685848,1.2472772213152867,172.27667880142414,0.13128219941905445,156.685,0.41191908894109813,1.2454604828677287,0.31173437678454385,1.094774767815174,0.25119816590084243,0.6630173764618774
22207,DL Hall,SP,4.868197475242571,8.402830599567478,1.4072914474096643,51.00210070148808,0.10261397406450914,54.6267,-0.6661095891469264,0.07874609079395051,-0.769088873574284,-0.9068733426989881,-0.8801645905994755,-0.6286980610451447
22250,Logan Gilbert,SP,2.9669550504599442,10.588892476478026,0.995236966359161,195.68390950892243,0.17796961570844513,166.321,1.630033827279965,1.7873364525263857,2.0141515570062416,1.283763622155433,2.0936702175818613,1.7617911353099776
22264,Shane Baz,SP,4.088643671253603,9.065446771202243,1.2580269740565162,160.1179499604279,0.12671412847806612,158.962,0.27536284563974145,0.5966360994625068,0.23912469087151367,1.1394330929846184,0.07092382844987954,0.46429611148165195
22267,Tarik Skubal,SP,2.271839533161751,11.556595064108038,0.8614015026590003,243.31512061196707,0.23636763193139318,189.488,2.469529568536056,2.5436770354310436,2.9181491853444346,1.7381331518877683,4.398289348729775,2.813555657985815
22286,Trevor Rogers,SP,3.812231872883291,8.364541655016332,1.2226045133354355,148.88512388522182,0.1356910539084209,160.196,0.6091872558136696,0.04882007529001099,0.47838728687148,1.16363527711246,0.4251891857986817,0.5450438161772604
22294,Matthew Liberatore,SP,4.254430250540722,7.75670435648045,1.273568355976483,125.50261463181407,0.12148980539136096,145.619,0.07514126547719338,-0.426255658269559,0.13414973125824062,0.8777396223056982,-0.13524884164481407,0.10510522382535181
22487,Johan Oviedo,SP,3.810032915953639,9.00909606611225,1.2596045808070848,95.80603090226191,0.13101741226983582,95.7093,0.6118429510638977,0.5525933060674462,0.2284686754811576,-0.10112889403573283,0.2407486066651031,0.30650492904837434
22543,Taj Bradley,SP,4.285732025705744,9.375596864092774,1.2646111485944687,113.4124283329907,0.11770878592960801,108.869,0.03733789856786438,0.8390443610951049,0.19465158933088972,0.15696955204786076,-0.2844629819596398,0.188708083816416
22630,Keider Montero,SP,4.494530532721768,7.5612541558916835,1.3133591103889066,70.6868885599638,0.1106093939229282,84.1371,-0.21482947945570527,-0.5790163520320722,-0.1346186999492439,-0.3280920343632905,-0.5646333660981937,-0.3642379863797011
23150,Osvaldo Bido,SP,4.060341050655076,8.878316464753983,1.270454671290635,17.52836154840307,0.12602071848033153,17.7686,0.3095441131666149,0.45037809946600554,0.1551812537977789,-1.6297635556668904,0.043559098449335226,-0.13422019815743116
23301,Janson Junk,SP,4.146110891772581,6.88368829798431,1.2371414125727715,71.26001774615911,0.13512732037195932,93.1681,0.20595929229220322,-1.1085907920271565,0.380197150485923,-0.15096891859462314,0.40294200726372836,-0.05409225211598499
23313,José Buttó,SP,4.060657624214351,8.778106938468795,1.2996452365396762,61.34726335731225,0.12214394949098074,62.898,0.3091617851244516,0.37205596569062643,-0.041987725375809144,-0.7446500642738547,-0.1094337009257212,-0.042970747952061406
23335,Joey Cantillo,SP,4.326356429376854,9.204650559072798,1.2957614214882633,126.27144184726265,0.11367404238870554,123.464,-0.01172447023886615,0.7054355130492836,-0.015754322820809005,0.4432182370931162,-0.44369008854730085,0.13549697370708477
23429,JP Sears,SP,4.573110987170935,7.433989234932457,1.3121017561598967,109.56130734563067,0.11589784312619344,132.641,-0.3097316291191901,-0.678484541672192,-0.12612584454619097,0.6232048203517875,-0.35593002313840877,-0.1694134436248389
23499,Keaton Winn,SP,4.777433892424592,7.730829691412252,1.3443463345837912,21.854282454653294,0.10950568400537534,25.4421,-0.5564937924330243,-0.4464788751032272,-0.3439232923681652,-1.479264803717951,-0.6081901708622307,-0.6868701868969197
23550,Aaron Ashby,SP,4.670999403182817,9.696040098077901,1.3631099449868986,74.97398365571416,0.10166191689696105,69.5919,-0.42795213537358723,1.0894975741775834,-0.4706629384568321,-0.6133640024153804,-0.9177365717075534,-0.2680436147551539
23590,Ben Brown,SP,4.594072841477867,9.480163384436507,1.2902645582720624,57.63812935558937,0.10816850962936024,54.7188,-0.33504740323382665,0.9207718504705171,0.021374485742799713,-0.9050670046453624,-0.6609604162911192,-0.19178569759139827
23796,Ryan Weathers,SP,4.155438177583925,8.259100085069935,1.245515272603205,114.21234204307045,0.1199151444812197,124.458,0.19469466573554692,-0.03359133860416285,0.3236355382027447,0.4627133513743758,-0.1973912549200836,0.1500121923576842
23920,Brayan Bello,SP,3.7690669175755422,8.121905877620277,1.2264195508680396,140.27975345028463,0.14487374735376862,155.446,0.6613178661231783,-0.14082009686112704,0.4526184451448824,1.0704745197321954,0.7875749714531415,0.566233141118454
24282,Kai-Wei Teng,SP,4.687125212341271,9.22728963631565,1.386651100361067,35.71258413031327,0.107049094479077,34.8329,-0.44742738484787425,0.7231298471320493,-0.6296727258347617,-1.2950850057376164,-0.7051370123109308,-0.47083845631982674
24492,Grayson Rodriguez,SP,3.8128443210807426,9.575121447889675,1.1903852299102777,121.69979360267777,0.13613040830955042,114.39,0.6084475979572332,0.9949895264194486,0.6960138784926043,0.2652517713102695,0.4425278665225526,0.6014461281404216
24494,Simeon Woods Richardson,SP,4.08041600459668,8.599292431917954,1.2616469863789872,114.74895821151318,0.11765856542184713,120.096,0.28529945465950346,0.23229745946641744,0.21467315565361098,0.37716235691275174,-0.2864448839221966,0.16459750855401742
24586,Kyle Bradish,SP,2.783874137857357,10.985170109454883,1.0005993493772576,169.9515667633765,0.18946192353082453,139.239,1.8511418914943014,2.0970605968544858,1.9779311009583544,0.7526100155507323,2.5472026178500866,1.8451892445415923
24719,Randy Vásquez,SP,4.451296127896219,6.483493198653413,1.3498914593948521,99.84003215419709,0.11835898043430923,138.592,-0.16261499449086994,-1.4213767642594077,-0.38137808603383205,0.739920539755989,-0.25880370804216657,-0.2968506026140575
24728,Mike Burrows,SP,4.116895348893967,8.969661827994608,1.2424451428381802,126.38153852735203,0.11970912879937828,126.809,0.2412431022701646,0.5217721477636913,0.34437286708061843,0.50882302307985,-0.2055214571494814,0.2821379366089686
24968,Reese Olson,SP,3.698066792421571,8.744525608154484,1.1800303055275836,125.18857183425253,0.13480432003882664,128.846,0.7470652005044927,0.34580934480802245,0.7659566785904052,0.5487742784027131,0.3901951231185063,0.5595601250848279
24975,Cooper Criswell,SP,4.577700637360011,7.261425154403476,1.3372778782056727,26.534296386712608,0.11274147307211507,32.8873,-0.3152745808900851,-0.8133578167094574,-0.2961790874678357,-1.3332436519605726,-0.480493001165613,-0.6477096276387128
25098,Jacob Lopez,SP,3.7862703557464297,10.16656486444663,1.209307231204225,144.09637191539343,0.1359768025766787,127.562,0.6405411567561409,1.4572520688079809,0.5682043740441954,0.5235914547235003,0.43646597035678825,0.7252110049377212
25311,Roddery Muñoz,SP,5.663448988569296,7.703727654983657,1.5334047232517511,40.80142397303783,0.08595543009295153,47.6669,-1.626540254340742,-0.4676613854037409,-1.6209266384780707,-1.0433744456916547,-1.5375773182399408,-1.25921600843083
25377,Brady Singer,SP,4.055786044679376,8.423978276152909,1.2475264519691063,156.26198902987772,0.135722367623266,166.947,0.31504522488522385,0.0952747704111833,0.31005093718092125,1.2960412293386006,0.42642495014423465,0.48856742239203277
25385,Drew Rasmussen,SP,3.2116469706616355,8.28538247157899,1.085318449443645,140.99695650912165,0.15984989687945045,153.158,1.3345177298584565,-0.013049453332296799,1.4056921486090734,1.0256004538614487,1.3785936898981588,1.026270913778968
25386,Jhony Brito,SP,4.203484291313291,7.843120564183531,1.2693671987804107,17.502010684759597,0.11885166316039741,20.0836,0.13666904717867295,-0.3587141576659169,0.16252663552954633,-1.5843599444384031,-0.23936047846748196,-0.3766477795727165
25436,George Kirby,SP,3.5749613561907103,8.691126410730963,1.1140358136868045,160.30106688094645,0.16023657753050025,165.998,0.8957404737065248,0.30407340173809533,1.2117194268041798,1.2774286906535748,1.3938536539122088,1.0165631293629167
25550,Matt Waldron,SP,4.422549974754466,7.930401307425286,1.2856800765799672,39.438238164106274,0.11858233021791346,44.7574,-0.12789806969282222,-0.29049695016470023,0.05234057247522822,-1.1004378611859453,-0.2499894328745489,-0.3432963482885577
25636,Hunter Gaddis,SP,4.565261333406156,7.114280827454212,1.343963032807668,54.55649490585062,0.11306224835161323,69.0173,-0.3002515488420579,-0.9283634263239589,-0.34133426336962186,-0.6246335121397381,-0.46783392653012446,-0.5324833354411002
25862,Noah Davis,SP,6.190085285991728,6.918411824852108,1.6004844382450683,4.568996040374831,0.08327780537752283,5.9437,-2.2625624950690417,-1.0814514489196674,-2.0740195750364676,-1.861682848287078,-1.6432470917071185,-1.7845926918038746
25880,Hunter Brown,SP,3.0720933306543046,10.442238613777281,1.0704188037924363,206.77372828381314,0.17687009905512674,178.215,1.5030576107091995,1.6727141817810374,1.5063324718790556,1.5170381586356159,2.0502788957845715,1.649884263757896
25977,Quinn Priester,SP,4.0450515772090725,7.907524742352839,1.2491062365086854,142.53489070863046,0.12495320438587643,162.227,0.328009314308804,-0.3083769008674528,0.2993802118172439,1.2034688556891586,0.001430725535795992,0.3047824412967099
26056,Brandon Walter,SP,3.416119654072583,8.781582183229188,1.0970639995537659,8.752456602321478,0.16221458359982682,8.97015,1.0875746784446603,0.3747721603990125,1.3263563048086238,-1.80232571688213,1.471913679298917,0.49165822121381664
26079,Beau Brieske,SP,4.386832911562517,7.135717029450767,1.3132471473524685,36.29653824200427,0.11588012186388472,45.7794,-0.08476232938254985,-0.9116092399441914,-0.13386244060957916,-1.0803935887559177,-0.3566293749792122,-0.5134513947342901
26108,Andre Pallante,SP,4.750813369053777,6.93972203604189,1.3976369365383916,106.37977017071235,0.10828406100993854,137.962,-0.5243440051765546,-1.064795734902642,-0.7038770478809919,0.7275644814087113,-0.6564002969662671,-0.4443705207035489
26221,Ryan Pepiot,SP,3.5699121727768945,9.521955122082083,1.1897792959978681,176.47356826258795,0.14261552915872788,166.8,0.9018384068805598,0.9534355920120857,0.7001066862178806,1.2931581490575694,0.6984566556061023,0.9093990979548396
26253,Ryne Nelson,SP,3.600403363576774,8.077164328070117,1.1523191923520633,143.7403189196327,0.14793425859337522,160.163,0.8650139882259192,-0.1757893633479539,0.9531326325319129,1.1629880550085552,0.9083549775232607,0.7427400579883388
26257,Joey Estes,SP,4.48504982730995,7.039874091507355,1.2789517218198496,22.18139172916785,0.11538140885903575,28.3574,-0.20337956700336923,-0.9865185193840132,0.09778754577814187,-1.4220876340357014,-0.37631058345621426,-0.5781017516202313
26378,Nick Lodolo,SP,3.694784211163731,9.462470596491649,1.1491217210633,154.75134690626805,0.14598952045105748,147.188,0.7510295962311121,0.9069434555499294,0.9747300954300667,0.9085120914277265,0.8316078375048755,0.8745646152287418
26389,DJ Herz,SP,4.099818822141642,10.152100022314055,1.258603347506956,29.300201476623318,0.11349666149345779,25.9751,0.26186653985323405,1.44594658376534,0.23523155060936304,-1.468811186100334,-0.450690247647354,0.004708648096049828
26410,Alek Manoah,SP,4.1964027693379515,8.183190764618065,1.3309810512142666,88.74170300348231,0.12418175842034362,97.5995,0.14522144946572887,-0.09292082724289275,-0.2536468877883856,-0.06405679643569556,-0.029013615655970923,-0.058883335531443204
26419,Bradley Blalock,SP,6.877248601315286,5.811472596756549,1.7028917077793566,11.972472984249134,0.07314472871642153,18.5413,-3.0924543078770066,-1.9466171224643254,-2.765734059554487,-1.6146087520399994,-2.0431387976412276,-2.292510607915409
26440,Ryan Gusto,SP,4.917071839318439,8.122324913749969,1.3746442162703723,52.04569209399947,0.10568100675902921,57.6696,-0.7251354912844118,-0.14049258504640139,-0.5485716899685359,-0.8471935808816392,-0.7591272218528724,-0.6041041138067722
27451,Alec Marsh,SP,4.2810166333913395,8.482420871635817,1.2683404839737382,5.162382492653399,0.11958338609361367,5.47738,0.043032709959329535,0.14095255126972175,0.1694616266339297,-1.8708286849989866,-0.21048376689988607,-0.3455731128071783
27463,Garrett Crochet,SP,3.032489591712249,11.424820429090033,1.0123422707011767,228.39104634895463,0.1738904891016585,179.917,1.5508873157759204,2.440684126725841,1.8986130134119361,1.5504191289642917,1.9326915778197662,1.874659032539551
27468,Reid Detmers,SP,4.49611531582918,9.541249649710661,1.3085268408179502,137.55407592217867,0.11049187657627513,129.751,-0.21674343280069483,0.9685158805842271,-0.10197891890120955,0.5665238542825319,-0.5692710703021252,0.12940926257254587
27470,Emerson Hancock,SP,4.6466636308894556,6.973524394970398,1.355682227968249,42.715703812556065,0.11297473781931436,55.1287,-0.3985616575435679,-1.0383763616547583,-0.42049209148409183,-0.8970277216032212,-0.47128744190542354,-0.6451490548382126
27473,Cade Cavalli,SP,4.511350202891095,7.7226944670859154,1.3194366569941873,120.88505264762185,0.11605500799742807,140.879,-0.2351427095953008,-0.4528372339499372,-0.1756697604484051,0.7847749928357076,-0.349727669147326,-0.08572047606105229
27474,Max Meyer,SP,4.567293865266517,8.240864085222638,1.3140215881658608,114.04440242383106,0.11551641130219453,124.55,-0.30270625140340074,-0.04784429910118225,-0.1390934357377717,0.4645177281488988,-0.37098284745799764,-0.07922182111029072
27483,Bobby Miller,SP,4.638165503960913,8.203280526550879,1.3343506794297468,19.539302738630134,0.11143447230777245,21.437,-0.38829841181299557,-0.07721899648940303,-0.27640719235160693,-1.5578159930618876,-0.5320724752770178,-0.5663626137985822
27487,Landon Knack,SP,4.131841842545744,8.792838755839005,1.2547351722415871,25.56615566468589,0.1235725448134544,26.1685,0.22319212015981182,0.3835701142311589,0.26135931352969066,-1.46501807231563,-0.0530556195492612,-0.12999042878884598
27498,Spencer Strider,SP,4.1274602325471585,10.007811018454401,1.2587844256261602,168.56823285783975,0.12739526763228484,151.593,0.22848382037671203,1.3331726481771171,0.23400845035044157,0.9949064359035299,0.09780430191996145,0.5776751313455525
27500,Slade Cecconi,SP,4.381533529743207,7.780814167423233,1.2635600412749128,124.88552552677287,0.12235027316068235,144.454,-0.07836222989132742,-0.4074118226786617,0.2017513407550426,0.8548907207587493,-0.10129134426436397,0.09391533293588775
27517,Jared Koenig,SP,5.555563453530812,6.549756063020296,1.5118735575016076,47.10999378408188,0.09483303044209032,64.7337,-1.49624615939668,-1.369586788598681,-1.475493415957223,-0.7086468637848123,-1.1872317255882694,-1.2474409906651331
27552,Graham Ashcraft,SP,4.680009619632525,7.00242854343314,1.366887020849143,49.52296416867582,0.116856413964609,63.6503,-0.43883383510419544,-1.015785349936774,-0.49617536638230336,-0.7298953615839235,-0.31810098654341445,-0.5997581799101221
27581,Hayden Wesneski,SP,4.073222558012806,8.287064538520967,1.2309780923273577,24.10835984148571,0.13068065571807463,26.1824,0.29398702905805446,-0.011734777203863574,0.42182757287550243,-1.4647454545203489,0.2274588471505794,-0.10664135652801524
27589,Logan Allen,SP,4.651909281816903,7.5663043916951676,1.3765044085411433,98.87226228823262,0.11103962108732189,117.607,-0.40489686587099055,-0.5750691699740311,-0.561136441900038,0.32834612004549296,-0.5476548826165651,-0.35208224806322636
27597,Cody Bradford,SP,3.493747392238219,8.63396353626135,1.1224426627487119,53.2374028963002,0.15356628823972462,55.4944,0.993823130721063,0.2593958299825642,1.1549349886317413,-0.8898553239244923,1.1306173780235804,0.5297832006868913
27636,Mitchell Parker,SP,4.802051548490703,6.99331017521239,1.371905551855332,69.27969347141989,0.11081383601860186,89.1591,-0.5862247032139178,-1.022912118040301,-0.5300732586293123,-0.22959659782356656,-0.5565652638684417,-0.5850743883151079
27649,Connor Phillips,SP,4.955195116612195,9.334382940131178,1.4404733365827926,54.997354560324894,0.09518558069066362,53.0272,-0.7711772327423345,0.806832229318911,-0.9932174287940824,-0.938244001947353,-1.1733186836717242,-0.6138250235673166
27669,Tanner Gordon,SP,5.501775889456776,6.8277636553392504,1.441080135819857,98.12179149088037,0.10193137351356686,129.339,-1.4312865521817515,-1.1523005819539263,-0.9973160813934606,0.558443384379233,-0.9071027366253248,-0.785912513555046
27688,Jack Kochanowicz,SP,5.433465798065166,5.8811132942946,1.5006899422044442,26.962290626209946,0.09680708462982264,41.261,-1.3487879898838384,-1.892187087406948,-1.39995318599596,-1.169012023734231,-1.1093276572445436,-1.383853588853104
27691,Louis Varland,SP,4.095492407766814,8.570628063379667,1.2227683543005106,63.88403314642148,0.12557271287485794,67.0845,0.2670915799396559,0.209893855832435,0.47728061574144004,-0.6625411146375435,0.025879006624054787,0.06352078870000842
27707,Mitch Spence,SP,4.681844041989266,7.579880929695573,1.3338335157049352,31.842490239356575,0.1097435684515673,37.8083,-0.44104927946966577,-0.5644579689745562,-0.27291398683068746,-1.2367291073146185,-0.5988022998153189,-0.6227905284809694
27756,Mick Abel,SP,4.991940879176196,8.369713484431317,1.3992997926327442,88.81912050633565,0.09968459398863391,95.5077,-0.8155553402856498,0.052862292934580404,-0.7151088837786146,-0.10508283270686151,-0.995769636830698,-0.5157308801334487
27758,Kyle Harrison,SP,4.136339172829539,8.893688606979074,1.2445377435758382,45.957246507703665,0.11955312990095998,46.5066,0.21776066376686226,0.46239271548505895,0.3302383017598771,-1.066131167120775,-0.21167779719295607,-0.05348345666038654
27768,Eury Pérez,SP,3.4304099543313624,10.183098921250075,1.119503072446123,167.5651556600414,0.13619610275107286,148.097,1.0703161855611387,1.4701748183390349,1.1747905828693026,0.9263401184716554,0.4451204317590955,1.0173484274000455
27779,Bryce Elder,SP,4.710148453501867,7.3054851530316425,1.374551575115523,58.38933360177717,0.11534872041694105,71.9328,-0.4752327098956554,-0.7789212393238163,-0.5479459411426656,-0.5674524198992831,-0.3776006000336825,-0.5494305820590206
27782,Brandon Pfaadt,SP,4.531391632352759,8.209746996465606,1.269502379311874,153.93184398961938,0.12070935667771986,168.749,-0.25934688035981757,-0.0721649089141922,0.16161355258081367,1.3313834787700187,-0.16604846726001235,0.19908735496336208
27792,Gavin Stone,SP,3.8150256066129704,7.940360605531302,1.1995488713205524,21.938069412106632,0.13649989187187145,24.8657,0.6058132445739477,-0.28271292495787176,0.6341176525387054,-1.4905696164661582,0.45710916468033336,-0.015248495926208694
27819,Brandon Young,SP,5.315413101987818,7.347661190184018,1.4512119280542906,27.1941839089504,0.0975717854084808,33.3096,-1.2062149453545803,-0.7459571355462693,-1.065751725411274,-1.3249611703096915,-1.0791495080866829,-1.0844068969416996
27863,Jared Jones,SP,3.803839217156175,9.591118095026015,1.185261511829636,92.19355700864924,0.1303924383068864,86.5115,0.6193231232564335,1.0074922453067165,0.7306222615408424,-0.2815234233477747,0.21608463612912174,0.4583997685770679
27889,J.T. Ginn,SP,4.522948610002581,8.779514807612124,1.2990572779828775,83.08562123298904,0.11230266802002403,85.1722,-0.2491501848035833,0.3731563332851022,-0.038016332994355105,-0.30779083437080373,-0.49781000238073264,-0.14392220425287452
29608,Joe Boyle,SP,4.68080995048248,9.89020726772014,1.4450867991077614,103.09903707685437,0.10094629952195175,93.8192,-0.43980040011880606,1.2412554718471789,-1.024379267858969,-0.13819903035666728,-0.9459776935760085,-0.2614201840126544
29812,Robert Gasser,SP,3.8065991818844434,7.558185487173644,1.1856598369828841,63.7632881851205,0.14103967282340368,75.9269,0.6159898950695499,-0.581414773527077,0.7279317564692527,-0.4891169712566482,0.6362670660751198,0.18193139456603943
29837,Bryce Miller,SP,4.119839784969387,8.088460511558477,1.2354349804880735,129.4594053588319,0.1255301363226244,144.049,0.23768708678179803,-0.16696045029822362,0.3917233223602417,0.8469475403926424,0.0241987656987279,0.2667192529870373
29839,Emmet Sheehan,SP,3.386763578354937,10.43136076605874,1.1232292356292253,151.18634774282978,0.14432018348218195,130.441,1.1230282108887981,1.6642122331561615,1.1496220469133018,0.5800566800914546,0.7657291285412785,1.056529659918199
29863,Ryan Bergert,SP,4.078696532709268,8.980512656658027,1.2856443319243422,64.15109476114907,0.11841558099270091,64.2903,0.28737607256080255,0.5302529787351036,0.052582011351123704,-0.7173431753263722,-0.25657002378129834,-0.020740427292128126
29869,Michael McGreevy,SP,4.272323723369935,6.660953040179818,1.2748143406967243,108.62460186157242,0.12555922874266082,146.769,0.05353119655686173,-1.282677042156808,0.1257336717109205,0.9002943319872361,0.025346868872837745,-0.035554194605790373
29878,Sean Burke,SP,4.413959209480673,8.885595765635115,1.3405936921129376,143.34440546806246,0.11056562697510679,145.19,-0.11752294400218703,0.4560674824871439,-0.31857590087817134,0.8693257349549333,-0.5663605847913102,0.06458675755408172
29911,Andrew Abbott,SP,3.585177543966413,8.511919644896308,1.178076487007961,153.64487843462553,0.1442757401275372,162.455,0.8834023141975695,0.16400831204582306,0.7791538332092969,1.2079405720434115,0.7639752161313829,0.7596960495254967
29914,Andrew Alvarez,SP,3.788220174543273,8.892384418654052,1.2173587824454695,97.54945707263495,0.1356385679716781,98.73,0.6381863473245613,0.46137338312966997,0.5138198109000423,-0.041884536179192605,0.4231178809538063,0.39892257722577745
29921,Spencer Arrighetti,SP,4.312937916188675,9.651956301879105,1.3184756714227772,97.71769252773097,0.11594253848261937,91.1172,0.004481159466034198,1.0550423969982952,-0.16917874040480718,-0.1911927917127673,-0.3541661657310027,0.06899717172315042
29928,Dylan Dodd,SP,6.29799184714769,5.825722854702735,1.609388807384834,24.658019285068736,0.08396111414571217,38.0935,-2.392881983398289,-1.9354793529271412,-2.13416453483748,-1.2311355393135972,-1.6162809965980272,-1.861988481414907
29960,AJ Smith-Shawver,SP,4.001939931066126,8.603558128870581,1.2701340988937657,11.944319750311028,0.11656252930590885,12.4947,0.3800755427771546,0.23563145873529026,0.15734657439718155,-1.7331994542664224,-0.32969884980310993,-0.2579689456319812
30004,McCade Brown,SP,5.8909062156596,7.647120040101018,1.5890141208649584,72.50837782822938,0.08320110680346027,85.3361,-1.9012418955908477,-0.5119049753088116,-1.996542803026799,-0.30457629792140894,-1.6462739239961044,-1.2721079791687944
30031,Julian Aguiar,SP,5.083894669051528,7.072873399900983,1.4273822552057012,25.331967606638695,0.09921819234232578,32.2341,-0.9266085581633668,-0.9607267973560569,-0.9047931338419907,-1.346054727059686,-1.0141757099544324,-1.0304717852751064
30055,Cade Povich,SP,4.849551542962936,8.606373750513516,1.3682762473341907,45.22716344357356,0.10215285517365155,47.2957,-0.6435907698270174,0.23783210275740818,-0.5055589588396904,-1.0506547137210347,-0.89836218507849,-0.5720669049417648
30056,David Festa,SP,4.480852117254844,9.357479491311937,1.292963918852906,55.4167610714532,0.10956942816596871,53.2997,-0.1983099639998468,0.8248841175813213,0.0031415339103974494,-0.93289951639238,-0.6056745715062255,-0.18177168008134673
30076,Landen Roupp,SP,4.16778586659421,8.583028080347221,1.2922320536671326,115.44077401088343,0.12435257105832562,121.049,0.17978227767840843,0.21958550715294714,0.008084950056694596,0.39585334676188705,-0.022272666240287654,0.15620668308192992
30094,Jordan Wicks,SP,4.666698761640891,7.665323265416157,1.3599062005107576,34.38825840356847,0.1090998323170619,40.3759,-0.4227582213128727,-0.4976776308523747,-0.44902310303382686,-1.1863713050726041,-0.6242067006314098,-0.6360073921806176
30107,Christian Scott,SP,4.345246817669481,7.910974490422892,1.2819610444142489,34.46108387744772,0.1183120818873473,39.205,-0.034538520749454155,-0.3056806339570087,0.07746094165521555,-1.2093359220866151,-0.26065451215405383,-0.34654972945838325
30113,Chad Patrick,SP,3.945900449826487,9.253727849448326,1.2187613996159385,134.73324929598436,0.12780125481652946,131.039,0.44775480567972,0.7437935239552135,0.5043457704587795,0.5917851291258539,0.11382617890014805,0.4803010816239429
30122,Gavin Williams,SP,3.612128569514064,9.540765401309661,1.2302564004636105,171.7009145871916,0.13435151044641733,161.969,0.8508533772127097,0.9681373999202665,0.4267022728629439,1.198408755604083,0.3723254467676901,0.7632854504735386
30134,Tanner Bibee,SP,3.914589709552444,8.527934301888518,1.2104309472212917,166.54202898158084,0.13234006089318373,175.761,0.4855689998122314,0.17652510714313807,0.560614183923662,1.4689083694543168,0.29294560783577345,0.5969124536338243
30146,Jack Leiter,SP,4.271038272609215,8.987518999140951,1.307142151833533,156.45373212382356,0.11635147084095221,156.671,0.05508364418946953,0.5357290219174855,-0.09262597519487262,1.0945001887407897,-0.33802806040973066,0.25093176384862825
30160,Richard Fitts,SP,4.477900741144103,8.195551983854532,1.3189099059106093,92.6498045605884,0.11366273890267972,101.744,-0.1947455669835901,-0.08325949959715469,-0.17211179668368928,0.0172284159774637,-0.4441361692847752,-0.17540492331434912
30171,Mason Black,SP,5.643472055920055,7.415036521566533,1.5050804215095726,31.580805323941235,0.08854361744682818,38.3312,-1.6024139768155594,-0.693297673783283,-1.429608874924538,-1.2264735788863783,-1.4354371005317357,-1.277446240988299
30182,Will Warren,SP,4.609660806986064,9.348744760809442,1.3273918619141831,126.27037923599953,0.10895886885767599,121.56,-0.3538730952710891,0.8180571944706251,-0.22940354805444665,0.4058754829769007,-0.6297696821555305,0.0021772703932918967
30184,Noah Cameron,SP,3.4506135703128105,8.32308766154738,1.151775614930886,134.42988797172353,0.14661665845373859,145.363,1.045916141032823,0.016420309096535936,0.956804250546876,0.8727187478026777,0.8563572096981182,0.7496433316354063
30203,Jackson Jobe,SP,4.470990271398515,8.02426525715391,1.3820839726695948,6.310870644344693,0.10641246273206062,7.07826,-0.18639974563860057,-0.21713441568460787,-0.5988238574760858,-1.8394309600990038,-0.7302610456011835,-0.7144100048998963
30240,Hunter Dobbins,SP,4.279141347090651,7.595069916501952,1.2801138926195361,78.20795394420391,0.12111131925433255,92.6748,0.04529750598802791,-0.5525865042479783,0.08993761110765561,-0.1606439084084513,-0.15018541738293284,-0.14563614258873575
30279,Bryan Woo,SP,2.9751936680272917,9.44596562082271,1.0098596576148506,191.62190813574512,0.17456220548329637,182.575,1.6200839927711508,0.8940434353600017,1.9153819345937544,1.6025499275151849,1.9592001910219348,1.5982518962524055
31204,Justin Wrobleski,SP,5.19578743442942,7.4511465586074115,1.452860384468213,42.21910709676009,0.09324137985554953,50.9951,-1.0617422124618816,-0.6650746569046208,-1.076886298023085,-0.9780991545941817,-1.25004461940029,-1.0063693882768117
31312,Colton Gordon,SP,4.890514577825646,7.395836788606749,1.352005589401055,38.07516477914095,0.10781213504106756,46.3337,-0.6930621058285953,-0.7083038723860803,-0.39565807176233597,-1.0695222186894167,-0.6750243819384925,-0.7083141301209841
31318,Gunnar Hoglund,SP,5.287323537326342,7.135476201370844,1.4458168013875357,33.751436697035324,0.09775881202769096,42.5708,-1.1722909869329612,-0.9117974672494367,-1.029310100923334,-1.143323190046511,-1.0717686901660857,-1.0656980870636656
31475,Logan Henderson,SP,3.042720036971861,10.809242206849849,1.0609647659532668,142.306075707002,0.16062680844151306,118.487,1.53853193740661,1.959558213264333,1.5701901935063796,0.3456053761496261,1.409253725374431,1.364627889140276
31508,Caden Dana,SP,5.30040382429569,8.678116307976602,1.4824315972398616,83.59928352368914,0.08667030520048478,86.7001,-1.1880881385313826,0.2939049173022088,-1.276626377921073,-0.27782445096000236,-1.5093654892128592,-0.7915999078646218
31612,Carson Palmquist,SP,6.952332054764846,6.978303177831275,1.7550967990798505,24.412275543709125,0.07054284475334571,31.4848,-3.1831331056323813,-1.0346413427958931,-3.1183556847804814,-1.360750591376535,-2.1458195382924,-2.1685400525755383
31623,Jacob Misiorowski,SP,3.8452117273619097,10.965461549386363,1.2358420681271853,167.95675616733433,0.12270219936761323,137.852,0.56935726109616,2.08165670727004,0.38897363068578894,0.725407074395695,-0.08740292952526006,0.7355983487844848
31635,Hayden Birdsong,SP,4.35950703497663,10.465067898003673,1.373918699339138,69.26688907449991,0.10232649499255765,59.5698,-0.05176068224754474,1.6905571785445086,-0.5436711533915907,-0.8099253553713278,-0.891509663803584,-0.12126193525390769
31676,Carson Whisenhunt,SP,4.848559620566806,7.706664036287277,1.4108762294065849,28.301353599658572,0.10283262577777973,33.0509,-0.6423928183981032,-0.4653663575974711,-0.7933024439817945,-1.3300349993484861,-0.8715357200649378,-0.8205264678781585
31687,Shane Smith,SP,3.8376943093519937,9.21799286276291,1.2278972492523614,162.2417954917732,0.12718892488974623,158.405,0.5784360979909191,0.71586364032647265,0.4426372652849695,1.1285087683823434,0.08966119256822382,0.5910213929105858
31730,Jonathan Cannon,SP,4.811799503423016,7.3842106489853405,1.3626547970696854,93.09356411960808,0.10425381807574,113.464,-0.5979973747310785,-0.7173906737758776,-0.46758862148337554,0.24709032681887472,-0.8154497916249193,-0.4702672269592753
31741,Mason Barnett,SP,5.50481739376503,7.475671066531584,1.4989198725504567,38.721733423313644,0.0909373551039479,46.6173,-1.4349597976355661,-0.6459067009066458,-1.3879971713122659,-1.0639600311540391,-1.340970645053416,-1.1747588692123867
31757,Mason Miller,SP,3.8669746024668097,9.644219131774541,1.2410310002261284,70.56696570317501,0.12599510160591565,65.8532,0.5430740887120019,1.0489951508487831,0.35392475663278367,-0.686690344229611,0.042548154196817116,0.26037036123215496
31827,Zebby Matthews,SP,5.010563234189762,8.94736049909386,1.3496351084237208,120.53585819029277,0.1030324163501127,121.245,-0.8380456851808581,0.5043417922846894,-0.37964655192831226,0.3996974538032621,-0.863651185537879,-0.23546083531181958
31838,Kodai Senga,SP,3.509779767826922,9.428332795859264,1.260206582307151,117.58073829716089,0.14252746019698725,112.239,0.974460721604881,0.8802619065291545,0.224402429411019,0.22306465781028023,0.6949811023730452,0.5994341635456759
31843,Kumar Rocker,SP,4.92257791873209,7.809022190716566,1.3838457479975692,85.20484849130106,0.1044341113009194,98.199700000000007,-0.7317852208671211,-0.3853648910562936,-0.6107238477635755,-0.052285199261035566,-0.8083347003454739,-0.5176987718587
31846,Spencer Schwellenbach,SP,3.194403157626231,9.146569403257152,1.0526577868811793,154.92052741041263,0.1685917684105998,152.438,1.355343200224166,0.6600402275484271,1.626300055363668,1.0114792443217033,1.723582880897549,1.2753491216711026
31872,Cade Horton,SP,3.291384769570698,8.248998568089648,1.1132874473206908,118.05508472951678,0.14843898824703183,128.803,1.2382178474137713,-0.04148651976700633,1.2167743009114675,0.5479309283885337,0.9282736270101518,0.7779420367913836
31900,Adam Mazur,SP,5.5700909275367785,6.9352700921307315,1.527149020510726,28.375734640509467,0.08897723560612981,36.8236,-1.5137910886289034,-1.0682753017611653,-1.5786722143880185,-1.256041822639323,-1.4183247948375741,-1.367021044450997
31967,Drew Thorpe,SP,4.592288346615777,7.149651018252219,1.3822204529517683,50.50243381366011,0.10973904683371329,63.5726,-0.33289225664345773,-0.9007186612199082,-0.5997457196491506,-0.7314192754467544,-0.5989807409282895,-0.6327513307775121
31986,Parker Messick,SP,3.6423714622105674,8.529636113805873,1.148824020211159,112.79780344366083,0.14535430141725453,119.018,0.8143288298674545,0.17785521562276813,0.9767409291571619,0.3560197681851885,0.8065395555244971,0.626296859671414
32095,Cam Schlittler,SP,3.477280131387232,10.18574314027262,1.16983572662366,153.2365833007369,0.13971360673155542,135.398,1.0137107537283716,1.4722414968644462,0.8348164179768227,0.6772772852143959,0.583935197938148,0.9163962303444368
32227,Luis Morales,SP,3.570112617703638,8.754406640038624,1.1791215879427377,110.6129006087369,0.13572612652910013,113.716,0.9015963281782867,0.3535321984104427,0.7720946521799039,0.2520327501577855,0.4265732915924172,0.5411658441037672
33482,Chase Dollander,SP,5.568088253690388,7.792708820159598,1.5089249475753543,108.29527447375793,0.08672068850468209,125.073,-1.5113724457942501,-0.3981151558111028,-1.4555768982680168,0.47477521785624155,-1.5073771626522399,-0.8795332889338736
33527,Hurston Waldrep,SP,3.4315301568996293,9.281179629921045,1.1580872951740069,140.53974692498886,0.14322894049951318,136.282,1.0689633092952495,0.7652493885048338,0.9141717239140754,0.6946149924826391,0.722664318856851,0.8331327466107299
33628,Mitch Farris,SP,4.943874043867342,8.260866654204706,1.4055935450634713,31.035525295403463,0.10102665100470737,33.8124,-0.7575046961361955,-0.03221061693800863,-0.7576203162003805,-1.3150998589811027,-0.9428067029096862,-0.7610484382330747
33677,Paul Skenes,SP,2.539979417892402,10.697608098460819,0.9464349683345838,221.52606850292665,0.19193454640409977,186.372,2.1456952047640914,1.8723068121724071,2.343786836420826,1.6770196950463148,2.644782199254168,2.1367181495315615
33699,Logan Evans,SP,4.520785467511027,7.454535242150329,1.3427198301194312,45.61239609882265,0.11060096317285684,55.0687,-0.24653774289400257,-0.6624261170341149,-0.33293699518196485,-0.8982044890648667,-0.5649660771928691,-0.5410142842735637
33703,Nolan McLean,SP,2.9298413839277178,10.57420802624423,1.0477353139694534,172.70149022062952,0.1672742210126152,146.991,1.6748562549496917,1.7758593253682737,1.6595491189132856,0.9046483715953244,1.6715871944687983,1.5373000530590748
33825,Yoshinobu Yamamoto,SP,2.9289680030333356,10.606774829861136,1.0434927728925856,186.3162496002674,0.1733974048398304,158.092,1.6759110430001414,1.8013130087063298,1.6882055524592416,1.12236996479076,1.9132325020398868,1.6402064141992718
33829,Shota Imanaga,SP,3.24414638454987,8.136473722485578,1.0668641855958114,137.8870120696914,0.17486053954715408,152.521,1.2952679665118734,-0.12943410656004609,1.5303422995477198,1.0131071059769794,1.970973645592972,1.1360513822138998
33838,Yariel Rodríguez,SP,4.465809542651421,8.720781524588716,1.351313895768297,36.349477062928216,0.11124763974307224,37.5133,-0.1801429442702567,0.3272513557789218,-0.39098599616845126,-1.2425148806677087,-0.539445635031036,-0.4051676200717062
33876,Rhett Lowder,SP,3.5536126822037892,8.280105326382863,1.203682808865719,71.78722516335532,0.13422514306305838,78.0286,0.921523412581412,-0.01717398407627883,0.6061947864073401,-0.447896768354311,0.3673384847426396,0.2859971862601604
35321,Tomoyuki Sugano,SP,4.843956931736409,6.0028862861024805,1.3665944056735129,80.38331628246806,0.11952689359168688,120.517,-0.6368341197713435,-1.797011300152331,-0.49419888408477075,0.3854193419352972,-0.2127131868207591,-0.5510676297787814
35323,Roki Sasaki,SP,4.645152603296524,8.098232203145905,1.4132945851323,102.25637802912334,0.10245109930841574,113.643,-0.39673677923540307,-0.15932305529104446,-0.8096373359460232,0.25060101641278365,-0.8865922794689204,-0.40033768670572145
35333,Chase Burns,SP,4.072209017389719,11.477698121956628,1.2278525498221105,166.54522564896465,0.11477070128439198,130.593,0.29521108896680004,2.4820124703270725,0.44293918958677847,0.5830378243276227,-0.40041154528833717,0.6805578055839873
