playerid,PlayerName,Team,role,IP_atc,z_ERA_p50,z_WHIP_p50,z_IP_p50,z_W_p50,z_Ks_p50,z_SVH_p50,composite_mean,composite_p05,composite_p50,composite_p95,expected_rank_overall,p_top20_overall,p_top50_overall,expected_rank_role,p_top20_role,p_top50_role
3096,Kenley Jansen,DET,RP,60,0.45062949822983434,0.5357235325025472,0.5447087308388365,0.44540162940462086,0.5442594859146899,1.5243787031665068,0.6983799527257515,0.12624129751348556,0.6860364651862085,1.3178597558651233,60.62266666666667,0.1245,0.457,60.62266666666667,0.1245,0.457
3237,T.J. McFarland,NA,RP,24,-0.5258247877507034,-0.5626579693956695,-1.2974426398886907,-0.8455050255538809,-1.5129534976775436,-0.698338781560056,-0.909827018858005,-1.4059463997558543,-0.8980575829851805,-0.44223972904847075,275.07216666666665,0,0,275.07216666666665,0,0
4301,Justin Wilson,NA,RP,45,-0.9502386648982776,-0.6985359297158991,-0.21914876374078826,-0.3411542418019882,-0.2780797635932478,-0.5531095330117222,-0.4863256443230029,-0.9812244910246717,-0.49356086585511805,0.007337166836051505,227.82816666666668,0,0,227.82816666666668,0,0
5615,Ryan Brasier,TEX,RP,44,-0.6819228651676053,-0.21860760985470218,-0.2615816422449677,-0.7423327666725512,-0.6471399269937881,-0.6483832826427599,-0.5043373797819991,-0.9685523389694769,-0.49872535031839793,-0.046183622547669584,230.92516666666666,0,0,230.92516666666666,0,0
6107,Huascar Brazobán,NYM,RP,52,-0.14494333298150325,-0.27121049745138204,0.14030883736826955,-0.16223343075382923,-0.04333808689147835,-0.609887659026176,-0.15595154798626285,-0.6458228374591874,-0.15438799786374502,0.32569668500967003,178.27266666666668,0,0.0028333333333333335,178.27266666666668,0,0.0028333333333333335
6655,Craig Kimbrel,NYM,RP,32,-0.3002630341454523,-0.06872256587872594,-0.8810267583057331,-0.256820750369534,-0.44905250354075704,-0.5640493159540089,-0.4003513219199585,-0.8876074530078266,-0.397095437140212,0.07873307772468965,215.89033333333333,0,0,215.89033333333333,0,0
6984,Luis García,NYM,RP,60,-0.5254366281894048,-0.3959882801273201,0.576465521153972,-0.008285197447856512,-0.04003434434586792,-0.5341097029828471,-0.14271076481616157,-0.6227734207477993,-0.14938606750095873,0.37171371196251246,176.3545,0,0.0026666666666666666,176.3545,0,0.0026666666666666666
7048,Fernando Cruz,NYY,RP,61,-0.4980148596731454,-0.410140394293518,0.6123782212632394,-0.011032285141679952,1.432869597427417,0.8476998522281414,0.3540401523895838,-0.2419326709285693,0.33973963130783935,0.9822808672714347,102.43783333333333,0.0265,0.162,102.43783333333333,0.0265,0.162
7836,Hunter Strickland,LAA,RP,14,0.06663522739410171,-0.023103554017470673,-1.807974298422446,-1.1719442107211075,-1.6425103250694888,-0.8378563498954059,-0.893583366749566,-1.4455857967080283,-0.8754495466321514,-0.40735241020349844,272.92383333333333,0,0,272.92383333333333,0,0
9073,Kirby Yates,LAA,RP,56,0.5769003176617069,0.3771205986230605,0.3592494117437972,0.5949865176502256,0.7299759973187161,0.7220554781519748,0.5895581039529568,0.022317740263199486,0.5778145846311644,1.208757148933651,72.46666666666667,0.07966666666666666,0.3403333333333333,72.46666666666667,0.07966666666666666,0.3403333333333333
10061,Brooks Raley,NYM,RP,62,0.5168607287357725,0.6662117245356032,0.6591327954233013,0.09399247866974678,0.676946111645916,1.3768527436855598,0.6966602717062659,0.1262208963339851,0.6852236277604724,1.333795039333929,61.213166666666666,0.13766666666666666,0.45716666666666667,61.213166666666666,0.13766666666666666,0.45716666666666667
10078,Caleb Thielbar,CHC,RP,66,0.06616704315030585,0.3865743026009495,0.8671921728575913,0.6119135441999783,0.7579726019034702,-0.3677717762072968,0.41324178971042624,-0.12828012020729804,0.39787020111307037,0.9946153313731927,93.46416666666667,0.0285,0.18416666666666667,93.46416666666667,0.0285,0.18416666666666667
10233,Aroldis Chapman,BOS,RP,62,0.6792570526800937,0.7066534451886178,0.6591825222742422,1.1465908056152174,1.4436430294440386,1.2265407920179578,1.0064143877081948,0.39252647957383213,0.990639498155836,1.6829968546951146,35.1705,0.3755,0.7596666666666667,35.1705,0.3755,0.7596666666666667
10315,Michael Tonkin,MIN,RP,34,-0.35090672461301775,-0.10692608967590048,-0.7744246000074635,-0.5036581203684882,-0.8624639829487168,-0.787616672866652,-0.5594098020493649,-1.037033574723452,-0.5537821247724286,-0.09903715669277255,238.04016666666666,0,0,238.04016666666666,0,0
10591,Scott Alexander,SFG,RP,33,-0.11859542976728288,-0.16586540731645333,-0.8241153219285062,-0.4959991213940556,-1.0699358718217111,-0.6513295159138582,-0.5505052988861434,-1.0284605138902683,-0.5490776575773951,-0.0954408662249394,237.015,0,0,237.015,0,0
11384,Tommy Kahnle,NA,RP,50,0.09238883573862086,-0.10812424399743922,0.038567277260515474,-0.4740447159208847,-0.20885001645483445,-0.4523535130566717,-0.17784158989330748,-0.6230272254721464,-0.17622794902485342,0.26939839523173503,181.96866666666668,0,0.0015,181.96866666666668,0,0.0015
11426,Drew Pomeranz,LAA,RP,58,1.016256412402475,1.1313113139907007,0.45713880545278174,0.37226042487458466,0.6289496534411254,0.7371463484690847,0.7610218557839417,0.18804604123941054,0.7483959939557604,1.389902516495121,54.64066666666667,0.16333333333333333,0.5228333333333334,54.64066666666667,0.16333333333333333,0.5228333333333334
11752,Luke Jackson,NA,RP,41,-0.37926796822480285,-0.4391466176640444,-0.4215426119494276,-0.4318800995348302,-0.5377555851363077,-0.6253248010052139,-0.4652159316309309,-0.9196481988461823,-0.4647373086984875,-0.013338606874278383,225.68983333333333,0,0,225.68983333333333,0,0
11804,Héctor Neris,KCR,RP,22,-0.3700547287436956,-0.27151721829581166,-1.400517303818031,-0.6841922511489917,-1.098195765996925,-0.6622801112976121,-0.7281137684561747,-1.2386625003646723,-0.72320839963266,-0.2504869060685055,257.44483333333335,0,0,257.44483333333335,0,0
11847,Chris Martin,TEX,RP,54,0.5366098494066291,0.5526223253279172,0.2494200584422447,0.09677095102519792,-0.012664077441208175,0.6094620066437371,0.35964832214425724,-0.14498063582512438,0.354443826497267,0.8955155097195003,99.87083333333334,0.012666666666666666,0.1245,99.87083333333334,0.012666666666666666,0.1245
11861,Jason Adam,SDP,RP,61,1.3314203303622958,1.2903212104585648,0.611668179847698,0.7822118995500849,0.7115308513681373,1.4344423693641035,1.0628259005398402,0.4830702222759886,1.0438791424066056,1.7213501385023466,30.669666666666668,0.43066666666666664,0.8163333333333334,30.669666666666668,0.43066666666666664,0.8163333333333334
12056,Scott McGough,NA,RP,24,-1.7812405865069927,-1.3481275463772082,-1.295582714536401,-0.8834690103612817,-1.1875158245891817,-0.7542213566483955,-1.2118757575310963,-1.7617155045828887,-1.2021538365528133,-0.6913067308136482,293.42466666666667,0,0,293.42466666666667,0,0
12095,Yimi García,TOR,RP,56,0.21767484363151188,0.41866536214051087,0.35133965843104453,0.2516535679376851,0.5501446125029583,-0.2103470201114919,0.2925865222886309,-0.23700705806211336,0.28199116526144197,0.8631533934365282,109.613,0.012,0.09983333333333333,109.613,0.012,0.09983333333333333
12572,Blake Treinen,LAD,RP,58,0.11677053803890083,0.16479871039896635,0.4571527641386089,0.9415179828119411,0.39171117825731777,-0.3543275312283357,0.31776353379324823,-0.2654648628897147,0.3012747372972603,0.9576413662270675,107.30816666666666,0.023166666666666665,0.13333333333333333,107.30816666666666,0.023166666666666665,0.13333333333333333
12760,Rafael Montero,NYY,RP,26,-0.9858600226510121,-0.8463523761254362,-1.1858615379692954,-0.819414520114719,-1.140994884322673,-0.7167684010260968,-0.9479659530666419,-1.44774081184759,-0.9388885612351818,-0.47991162141226446,278.1988333333333,0,0,278.1988333333333,0,0
12763,Chris Devenski,PIT,RP,24,-0.9932170167007977,-0.7651514667524542,-1.298095280170511,-0.807620185302362,-1.2421849770667839,-0.7848163978630356,-0.9825284530401298,-1.5299485103414678,-0.9726201148407706,-0.47036295469994494,279.7608333333333,0,0,279.7608333333333,0,0
12777,John Brebbia,COL,RP,10,-1.7814446996870292,-1.0464749737197212,-2.0156028343536874,-1.223250137866093,-1.6990034350208698,-0.8316218954828221,-1.4295184659342535,-2.1643586905736387,-1.4076559633194643,-0.7516000514515205,299.2345,0,0,299.2345,0,0
12791,Michael Kelly,ATH,RP,60,0.19036639489435067,0.07877190206052664,0.5615178134977333,0.14961861859579773,0.021436688075538043,-0.44558290445580184,0.11952590751744963,-0.40437134472318637,0.11391681238611528,0.6674673126636453,135.02033333333333,0.0025,0.036333333333333336,135.02033333333333,0.0025,0.036333333333333336
12828,Andrew Kittredge,BAL,RP,67,0.9825028798144345,1.185470373939547,0.9118293178945536,1.2428169697303337,0.7117205380871869,1.7918259504711118,1.1808132385512753,0.552013770892438,1.1608620139023917,1.8947861891252833,24.892,0.5443333333333333,0.8718333333333333,24.892,0.5443333333333333,0.8718333333333333
12857,Shawn Armstrong,CLE,RP,68,0.52839280608475,0.6213838867841179,0.9740704203752748,0.26101499089504526,0.6867478970013552,0.7084263065593459,0.6665123302970708,0.11629265499278191,0.6551801356921172,1.2730723868506573,63.49583333333333,0.10233333333333333,0.4166666666666667,63.49583333333333,0.10233333333333333,0.4166666666666667
12972,Joe Ross,ARI,RP,12,-0.7089507428096287,-0.5416549186517374,-1.9118850283865272,-1.2119898246906637,-1.691588341772544,-0.8600097170603078,-1.1480000518419828,-1.761496448050254,-1.1338822918618214,-0.5725728698269724,288.9103333333333,0,0,288.9103333333333,0,0
12988,Andrew Chafin,MIN,RP,54,-0.14555646965497426,-0.36210931700500193,0.25589503139506947,-0.25633473919467764,0.1758782541476634,-0.4797757713304285,-0.10865199456846925,-0.5987331278544419,-0.11074110768164402,0.3900827854907434,170.70766666666665,0,0.004833333333333334,170.70766666666665,0,0.004833333333333334
13133,Derek Law,ARI,RP,24,0.3604800153143587,0.32324134085351186,-1.2960473834932156,-0.7850286538427691,-1.2619513336016581,-0.7687423411868637,-0.5603782385284864,-1.0051767637835702,-0.5530000431528452,-0.1468078565737623,238.991,0,0,238.991,0,0
13293,Danny Coulombe,NA,RP,48,0.9469612064988382,0.9860048442705673,-0.05689022824754915,0.0803269064943327,-0.0760946359978088,-0.41599651602456644,0.26182642358859937,-0.1961840806643615,0.2535153623531588,0.7491531828085962,112.95516666666667,0.0028333333333333335,0.05733333333333333,112.95516666666667,0.0028333333333333335,0.05733333333333333
13346,Hoby Milner,CHC,RP,60,-0.037226198693294535,0.15614831359510617,0.5627818408855272,0.028915370947062292,0.06623735144157808,-0.4856460035556975,0.0642513026578444,-0.40850902118888666,0.059478547319927674,0.5581448981511047,143.31816666666666,0.0016666666666666668,0.016,143.31816666666666,0.0016666666666666668,0.016
13435,Pierce Johnson,CIN,RP,61,0.06733500756102134,0.08681975247189963,0.5951633319179623,0.26155841272969793,0.672014652254171,-0.40800991655197927,0.239606468602479,-0.265958688551335,0.22854390876547637,0.7869746386779862,117.094,0.007,0.07016666666666667,117.094,0.007,0.07016666666666667
13449,Taylor Rogers,MIN,RP,61,-0.48131638290559364,-0.3726534084366985,0.6224622192168935,0.05245281725094812,0.4983533901223385,0.39109009601317657,0.13984707605317248,-0.39149187361377213,0.13297498656926776,0.7177057274582271,132.26016666666666,0.005,0.046,132.26016666666666,0.005,0.046
13470,Lucas Sims,CHW,RP,10,0.061576890239403895,-0.18903007334116648,-2.0160217649517245,-1.1972564492458,-1.60396619326343,-0.7935935119961394,-0.9583375787648705,-1.5828535315694752,-0.9369626302430916,-0.392262294619788,276.0783333333333,0,0,276.0783333333333,0,0
13528,Matt Bowman,MIN,RP,16,-1.0603628519240105,-0.8792977969615928,-1.7050830494254332,-1.1729294742538197,-1.5786382256443505,-0.8120161462703075,-1.1904335595114022,-1.83116657062186,-1.1778124462500714,-0.6199553727436983,291.1166666666667,0,0,291.1166666666667,0,0
13580,Steven Okert,HOU,RP,64,0.17218379775659085,0.3292140810596884,0.7569782021115616,0.2496652024696619,0.7512521450005607,-0.5118473677755355,0.31818661030108053,-0.2003066627747601,0.3052963453345906,0.8778296941692061,105.775,0.012,0.10533333333333333,105.775,0.012,0.10533333333333333
13619,Jakob Junis,TEX,RP,65,0.5091379353372464,0.6251144697363445,0.8132731208986728,0.2476844410360512,0.23145716983320413,-0.5337098029848137,0.342983727564265,-0.15309300994916972,0.3314288567668191,0.8856401411626779,102.0315,0.011166666666666667,0.11016666666666666,102.0315,0.011166666666666667,0.11016666666666666
13799,Matt Strahm,KCR,RP,66,0.7326179691572352,0.9085571852306245,0.8644797337320389,0.6763754877381145,0.9619140795584229,0.9351746903933904,0.8770669008429705,0.3088078317787114,0.8642365646563255,1.5046016693812816,44.031166666666664,0.24783333333333332,0.6513333333333333,44.031166666666664,0.24783333333333332,0.6513333333333333
13892,Paul Sewald,ARI,RP,58,0.7464342453077155,0.8814430280959981,0.45345555853901853,0.5758455692837554,0.8634159291570822,1.7129430073258387,0.9048101351607736,0.31374893878179044,0.887828920841768,1.565703188931769,42.57,0.275,0.667,42.57,0.275,0.667
13932,Dietrich Enns,BAL,RP,62,-0.3056095688250915,-0.09587466335262226,0.6707001217785489,0.2033295666563122,0.3963888601852966,-0.3273620573009469,0.11801382410461345,-0.4619144338293497,0.10819729469984998,0.7137091099722995,135.9365,0.0065,0.048,135.9365,0.0065,0.048
13942,Brent Suter,LAA,RP,60,-0.39302643446297,-0.36448112447182246,0.5488625628802851,-0.31065167517224207,-0.3379618376676363,-0.7629281818061785,-0.24242434329007806,-0.7050018609926705,-0.24614542938525769,0.23095927190482954,192.16033333333334,0,0.0013333333333333333,192.16033333333334,0,0.0013333333333333333
14212,Josh Hader,HOU,RP,66,0.5787160076881512,0.6979648110468687,0.8632734056765253,0.6303887107809726,1.612649018479174,1.8621216609223743,1.0705990305755073,0.4330122091031384,1.0549155025653785,1.7550532947857573,31.099333333333334,0.445,0.8055,31.099333333333334,0.445,0.8055
14295,Wandy Peralta,SDP,RP,57,0.5552151142267165,0.3461216550091084,0.40258524645710025,0.2937697612575958,-0.1353290279842568,-0.49321135222366214,0.1860351340287217,-0.2858440586441515,0.17755719998160097,0.6949514350657012,124.56616666666666,0.0025,0.04133333333333333,124.56616666666666,0.0025,0.04133333333333333
14332,Joel Payamps,ATL,RP,53,0.3214419075998878,0.3803579240702202,0.19703308527096355,0.13137620076462836,0.07364013267905788,-0.14733384564342622,0.18326752719861386,-0.331015372196637,0.17358959747102298,0.7140396558879987,125.26883333333333,0.004166666666666667,0.04833333333333333,125.26883333333333,0.004166666666666667,0.04833333333333333
14416,Yunior Marte,CIN,RP,18,-1.0992085423628213,-1.1086899978409288,-1.6023824840066438,-0.9193971109985625,-1.4397829445100108,-0.7900056924215866,-1.1675530165076813,-1.7559362196853252,-1.153268697882522,-0.6213306140337322,290.698,0,0,290.698,0,0
14524,José Leclerc,NA,RP,37,-0.4674186027958591,-0.35707817716054735,-0.63269081720184706,-0.677674384571592,-0.43036738497468596,-0.6941251351055315,-0.5125444329679475,-0.977427668271074,-0.5075891238340171,-0.06642593916653569,232.18733333333333,0,0,232.18733333333333,0,0
14527,Jorge López,NA,RP,32,-0.16250150480868225,-0.15032676490215735,-0.8851257750573989,-0.3961597179329399,-0.8932114682269807,-0.5669564979126682,-0.5040826603489397,-0.9823988524529855,-0.5023769472426494,-0.051095242074256766,230.86316666666667,0,0,230.86316666666667,0,0
14542,Carlos Estévez,KCR,RP,65,0.668192362222828,0.6078858132820042,0.8181694293720698,0.5388968979044304,0.5675507133984983,2.452964035334268,0.9671652925649883,0.3498781378766523,0.9424514550172669,1.6401872385876888,37.895833333333336,0.3378333333333333,0.729,37.895833333333336,0.3378333333333333,0.729
14706,Anthony Banda,MIN,RP,60,0.2426222713397633,0.12583251764847686,0.5525683880022413,0.15249792603012569,0.40602708159979,-0.5077802431627615,0.18765042182212302,-0.29582499970078524,0.17504566772137622,0.7181893368191339,124.49366666666667,0.0035,0.04583333333333333,124.49366666666667,0.0035,0.04583333333333333
14710,Edwin Díaz,LAD,RP,66,0.937694280242561,0.9868961416082354,0.8766045836550564,0.761467204598582,1.7299982750944074,1.1420374781864333,1.0990647314542301,0.49962768051093365,1.0807725724684611,1.7513575054380877,28.482666666666667,0.466,0.8406666666666667,28.482666666666667,0.466,0.8406666666666667
14771,Emilio Pagán,CIN,RP,66,0.15954416368113242,0.4151188521362962,0.8512334474055687,0.37149981513850194,0.8603857280962618,1.4238101389877507,0.7132833933658179,0.14271492575351027,0.6904015168287219,1.3384143473620573,59.224666666666664,0.14166666666666666,0.4618333333333333,59.224666666666664,0.14166666666666666,0.4618333333333333
14874,Sam Moll,CIN,RP,42,0.34913115829001407,0.2290964925909919,-0.36776717075234344,-0.28307400008255035,-0.29911322065801177,-0.5054193293224984,-0.12479730738066784,-0.5854272355799885,-0.12475818446588127,0.3480732321631747,173.30633333333333,0,0.0021666666666666666,173.30633333333333,0,0.0021666666666666666
14993,Scott Barlow,ATH,RP,54,-0.2883505772469379,-0.6003507834032497,0.24899904152231062,-0.19405391085990642,0.3533403492913967,-0.44120070601214606,-0.1326306190668089,-0.6211304694424021,-0.13405484825275937,0.36136411908205496,174.5625,0,0.0025,174.5625,0,0.0025
15009,Kyle Finnegan,DET,RP,64,0.16480722582009869,0.1618065345313809,0.7539772501985809,0.5007287232155276,0.4154532239987929,2.0442193750109716,0.7014616869510106,0.10256406978951176,0.6896867329712151,1.3737207732651262,61.273833333333336,0.1455,0.4635,61.273833333333336,0.1455,0.4635
15042,Tim Mayza,PHI,RP,31,-0.25943381816376,-0.22335849328815915,-0.9322419021300088,-0.7089585161306369,-1.0191116023550988,-0.586657882482776,-0.6001966358713434,-1.0825224448132833,-0.5918215215670557,-0.14386360278909624,243.29783333333333,0,0,243.29783333333333,0,0
15043,Lou Trivino,PHI,RP,24,-0.8357348847162882,-0.844368868039288,-1.295080936021483,-0.8431473643397557,-1.2532682146475946,-0.7230222354361933,-0.9674767305950974,-1.492871500907156,-0.9582420208981915,-0.4825558515980277,279.158,0,0,279.158,0,0
15047,Austin Voth,CHW,RP,8,-0.19281369375827215,-0.09713179521382469,-2.1175913048819996,-1.2268523778693887,-1.7825555075102915,-0.849557553820887,-1.051152085144967,-1.769860150699372,-1.0251311519587634,-0.4102897801043713,280.8018333333333,0,0,280.8018333333333,0,0
15094,Rob Zastryzny,MIL,RP,50,-0.09858258927456542,-0.22108423186984885,0.032930715775724484,-0.20681369513832942,-0.22695793780478346,-0.5137254747938865,-0.1818432881818876,-0.7445112283142875,-0.18787878331374663,0.39578704006815363,182.023,1.6666666666666666e-4,0.005333333333333333,182.023,1.6666666666666666e-4,0.005333333333333333
15145,Justin Topa,MIN,RP,63,-0.3364728992119349,-0.27622920001146295,0.7150004986136169,-0.07688294191312853,-0.11392127681140485,0.05201302865459817,0.017225059855770355,-0.5002698328987363,0.0036945227510610107,0.5768666611349901,151.19433333333333,0.0011666666666666668,0.0215,151.19433333333333,0.0011666666666666668,0.0215
15256,Cole Sulser,TBR,RP,55,0.04581819530560756,0.09403591861932545,0.28970295026076653,0.016043473045101307,6.082647545335273e-4,-0.5473403312518956,0.0022647267211124977,-0.5583880511813301,-0.005633284795882025,0.5850196267870535,153.4165,0.0013333333333333333,0.022333333333333334,153.4165,0.0013333333333333333,0.022333333333333334
15507,Hunter Harvey,CHC,RP,52,0.4803205181974592,0.4965854617266233,0.14887472674498903,0.09445327007485112,0.13430565299040215,1.1017223268151684,0.43380374428704976,-0.12416645419648549,0.42156013938953185,1.0143225714076343,90.72216666666667,0.029,0.19116666666666668,90.72216666666667,0.029,0.19116666666666668
15541,Tyler Rogers,TOR,RP,74,0.9133254616177946,0.7413367414446475,1.2778792939264418,0.6256512507826388,-0.0032024609723445615,1.518224819237177,0.8798587022824979,0.3136199034253543,0.8628779998891625,1.5230897402252748,43.97716666666667,0.255,0.6468333333333334,43.97716666666667,0.255,0.6468333333333334
15551,Mark Leiter Jr.,ATH,RP,64,-0.147630820537381,0.029705097930761232,0.7670476941374338,0.24277069266514878,0.9019032760827436,1.0010816319986273,0.5007756802042183,-0.08456769137650197,0.48560932266714796,1.1311047890906383,83.29366666666667,0.0545,0.26566666666666666,83.29366666666667,0.0545,0.26566666666666666
15552,Chad Green,NA,RP,42,-0.5791756825650194,-0.16400381410082737,-0.3722188765338337,-0.3610051497578156,-0.53652945102356,-0.4461928566777832,-0.3937691506498788,-0.8845751012826084,-0.3959504880278512,0.08249759398266776,214.76816666666667,0,1.6666666666666666e-4,214.76816666666667,0,1.6666666666666666e-4
15734,Brad Keller,PHI,RP,68,0.2774707681205,0.2514102471037003,0.9870203412645718,0.306432785093149,0.6804783842277622,1.290671649913012,0.6626927176014611,0.08849416386805876,0.6562753656973694,1.2655630237605586,64.3555,0.10966666666666666,0.42183333333333334,64.3555,0.10966666666666666,0.42183333333333334
15761,Joe Jiménez,ATL,RP,18,0.4186370713782531,0.5218629484997179,-1.6034129698608846,-0.8430202838534354,-1.2542153189012915,-0.7410480598183093,-0.5960855646902811,-1.0695099500533645,-0.5843096891689785,-0.17205238838043102,242.947,0,0,242.947,0,0
15816,Devin Williams,NYM,RP,64,0.386636498476547,0.36316763014621467,0.7656078993003619,0.4883120072375267,1.4268592176443096,1.9667785376010962,0.9207033881288624,0.2906391235119419,0.9087343847408615,1.603704422025211,42.04183333333334,0.30883333333333335,0.6713333333333333,42.04183333333334,0.30883333333333335,0.6713333333333333
15947,Ryne Stanek,STL,RP,60,-0.8412293143900422,-0.7035322189614961,0.5628872082362153,0.13947012195556818,0.5541586368768583,-0.41868501044624834,-0.0924932452764279,-0.6167327290961698,-0.09573213749520507,0.45594528553536046,168.27916666666667,5e-4,0.010833333333333334,168.27916666666667,5e-4,0.010833333333333334
16061,Cam Booser,TBR,RP,8,-0.3265966346991142,-0.3349688454221744,-2.118490077629831,-1.2202709275869352,-1.7376427449856815,-0.7882901016763051,-1.0975785587661004,-1.861531708777618,-1.0748420264847625,-0.4272375934222457,282.99916666666667,0,0,282.99916666666667,0,0
16122,Jordan Romano,LAA,RP,57,-1.4380888407146868,-1.0656732453285884,0.3998681911549694,-0.2513395883802575,0.1199538637971658,-0.35640047336686753,-0.4074316934399084,-0.9790273906497128,-0.4033424352222075,0.1629736793357881,215.324,0,6.666666666666666e-4,215.324,0,6.666666666666666e-4
16258,Aaron Bummer,ATL,RP,60,-0.787057223433919,-0.7061236567184814,0.5557045074466441,0.07529185543548142,0.3679389993592598,-0.5296778110679261,-0.14741223151756694,-0.6466545003630623,-0.1525237090994747,0.3791910276445779,176.892,5e-4,0.005,176.892,5e-4,0.005
16350,Ryan Borucki,CHW,RP,18,0.2678012179307823,0.13160820865397932,-1.6033332777236697,-0.8467651294261564,-1.409090359523561,-0.6930916364181248,-0.6982440647574679,-1.2290657542835122,-0.6862477845194888,-0.2197082895097463,253.989,0,0,253.989,0,0
16427,Scott Blewett,STL,RP,24,-0.6273728578659812,-0.496171743226623,-1.29355846802592,-0.8353117393118732,-1.2650180984757524,-0.785570116135294,-0.8814952645190213,-1.3921578339595038,-0.8729499255168971,-0.4001421775501759,272.5655,0,0,272.5655,0,0
16507,Dan Altavilla,MIN,RP,32,-0.06488145112859567,-0.3500452949666593,-0.8754155591173385,-0.7577339172664392,-0.8831098418680583,-0.6364641985506827,-0.5821582664175188,-1.1055114576819216,-0.5772292148963263,-0.09011148169619007,240.02816666666666,0,0,240.02816666666666,0,0
16609,Bryan Abreu,HOU,RP,68,0.8252929717308015,0.730522179394038,0.9753490748270455,0.5723884961366091,1.6689774148214065,2.030890005067705,1.1625019209267253,0.5280612626029317,1.1447914116554005,1.8531974070052555,25.5735,0.5345,0.8685,25.5735,0.5345,0.8685
16647,Ryan Thompson,ARI,RP,64,-0.01744028972727263,-0.02577887695103629,0.7659185216643817,0.4319447443057799,0.03804734050357364,1.0942163392859112,0.4085691200687614,-0.18603886328553385,0.40352556914711346,1.033044214657474,94.86366666666666,0.033666666666666664,0.19283333333333333,94.86366666666666,0.033666666666666664,0.19283333333333333
16727,Brock Stewart,LAD,RP,44,1.0281862208573918,1.0346989266593494,-0.2565609861983671,0.15443875921638703,0.05918216196241183,-0.33930778329244304,0.3070827012035543,-0.17890984372372182,0.29519520598184856,0.826450851752935,106.93966666666667,0.008,0.08733333333333333,106.93966666666667,0.008,0.08733333333333333
16814,Tim Hill,NYY,RP,66,-0.23999064079140403,-0.4109012130588582,0.856754127595401,0.035059606659799104,-0.4384553828335658,-0.4916036673191537,-0.09747999908085088,-0.570052817412163,-0.10569872860226966,0.3911820437367511,169.08666666666667,1.6666666666666666e-4,0.0036666666666666666,169.08666666666667,1.6666666666666666e-4,0.0036666666666666666
16835,Brennan Bernardino,COL,RP,58,-0.02404521702026564,-0.17946174468403797,0.45276059672866603,0.043378952011795605,0.22247960339806533,-0.5120734095590198,0.02149456166139531,-0.48484684719864146,0.015508900249271918,0.556934841416958,150.288,0.0013333333333333333,0.0195,150.288,0.0013333333333333333,0.0195
16918,Luke Weaver,NYM,RP,67,0.8138917026290371,0.904218856948735,0.9128225904487937,0.7141751739306653,1.22073296148268,1.714695613023217,1.0762611537959479,0.4668510352851043,1.0609527274019654,1.7698412157730607,30.692333333333334,0.44233333333333336,0.8068333333333333,30.692333333333334,0.44233333333333336,0.8068333333333333
16990,Tanner Banks,PHI,RP,62,0.2175964941275601,0.40692436983132824,0.6671078891449533,0.1324918621079254,0.24660284735231255,-0.6161060308473185,0.1987925402060769,-0.2924325804376835,0.18599827580078387,0.7285287573380532,122.9175,0.003,0.051166666666666666,122.9175,0.003,0.051166666666666666
17130,Raisel Iglesias,ATL,RP,66,0.8046718116370293,1.006606859306102,0.8734494122742078,0.6005840601432417,0.7177585097584158,1.5650787062691929,0.9605160773518974,0.3879018286282893,0.9344150450740707,1.6010149342652122,37.67883333333333,0.32266666666666666,0.7288333333333333,37.67883333333333,0.32266666666666666,0.7288333333333333
17170,Gabe Speier,SEA,RP,58,0.6925116459915155,0.8551198852273989,0.45465149607911604,0.41034869957220355,0.8058110550818779,-0.2096768633153143,0.5238185930177907,0.00260186002839766,0.5130785792428219,1.073945420174452,78.82183333333333,0.04133333333333333,0.26016666666666666,78.82183333333333,0.04133333333333333,0.26016666666666666
17192,Jalen Beeks,NA,RP,40,-0.3278016222107255,-0.36669599643007145,-0.47135883957957336,-0.44660579714679416,-0.6142519312313303,-0.6056472606442953,-0.4676209597169112,-0.9118765512160857,-0.4668301476269253,-0.039187411888261706,226.33866666666665,0,0,226.33866666666665,0,0
17282,Michael Kopech,NA,RP,42,0.4494222042078836,0.39736623421708966,-0.3717726733468337,-0.11569728994252329,0.2132808841902012,-0.42843899560178667,0.04477028132747369,-0.4221842654611643,0.03860231060877271,0.5219598304131322,146.26366666666667,5e-4,0.011666666666666667,146.26366666666667,5e-4,0.011666666666666667
17381,Matt Gage,SFG,RP,56,-0.5001616353449991,-0.44293673753246054,0.3444193774355213,-0.2894459013374727,-0.11273109682146207,-0.544598242010413,-0.2345508481321434,-0.7891186444529595,-0.23373624386126185,0.32853045337791004,190.20116666666667,3.333333333333333e-4,0.004833333333333334,190.20116666666667,3.333333333333333e-4,0.004833333333333334
17432,Jeff Hoffman,TOR,RP,63,0.9955882421939786,1.0491368175727427,0.7178515688114063,0.9698202807698192,1.3285427801377971,2.1675777156616896,1.2372442697154402,0.5792372609643,1.2166288229433033,1.9636479796632726,22.184833333333334,0.6013333333333334,0.8928333333333334,22.184833333333334,0.6013333333333334,0.8928333333333334
17490,Génesis Cabrera,PHI,RP,18,-0.6973370750996137,-0.7454367040272712,-1.6053135401359189,-0.8967091901700364,-1.4510428544415268,-0.7878753453582458,-1.0450416927430684,-1.5776285047058136,-1.0369582164114228,-0.5507265865382207,284.5255,0,0,284.5255,0,0
17556,Jimmy Herget,COL,RP,77,0.3126737757676997,0.3465827506508332,1.4243896608786242,0.4008103992177602,0.7933186558141694,1.0853468655668184,0.7595282200175094,0.1383364657571921,0.7474690056295968,1.4275602594613872,55.662,0.17583333333333334,0.5231666666666667,55.662,0.17583333333333334,0.5231666666666667
17578,JT Brubaker,SFG,RP,54,-0.4002497798572492,-0.37075572605806895,0.24881140810159297,-0.3179407618686817,-0.18005137358840667,-0.5977686004162237,-0.24796408431960948,-0.7974822946154977,-0.24810246187398188,0.28601778672119216,192.225,0,0.0023333333333333335,192.225,0,0.0023333333333333335
17586,Tanner Scott,LAD,RP,63,0.6357290734820842,0.5851145428560689,0.7176506967369158,0.6204603014360859,0.9968979370522842,1.842798347135259,0.9295469240034226,0.33680306580117925,0.9138165021605162,1.5716233026486146,40.265166666666666,0.30266666666666664,0.695,40.265166666666666,0.30266666666666664,0.695
17610,Tanner Rainey,DET,RP,16,-1.2040184591382372,-1.237461157412588,-1.7049489137442162,-1.187103267568002,-1.443646765915939,-0.7950980757027116,-1.2483253074921172,-1.8498085636483546,-1.2378507144625666,-0.6833240651132071,294.07616666666667,0,0,294.07616666666667,0,0
17611,Taylor Clarke,ARI,RP,56,-0.01847390751819037,0.1586364191330552,0.34406715636123586,-0.0797279218278567,-0.02481939520485548,-0.4555902289493722,0.006311238772105305,-0.47659604740351014,-0.0013423266879267388,0.5236918551252403,152.5095,6.666666666666666e-4,0.012333333333333333,152.5095,6.666666666666666e-4,0.012333333333333333
17639,Justin Lawrence,PIT,RP,58,-0.8499334166405368,-0.9249130265406045,0.45788632354750863,-0.0676761877588285,0.11465251422910533,-0.45885894255642823,-0.2781554984937161,-0.7990879896576868,-0.27863036380448303,0.2395749929799777,197.17983333333333,0,0.0015,197.17983333333333,0,0.0015
17722,Trevor Megill,MIL,RP,66,1.1379499950537748,1.2332083492635983,0.8734576082296546,1.3348051359700457,1.60727100024697,3.4753222971178186,1.646894088710752,0.883530591366921,1.627638009530367,2.472198815120445,9.458333333333334,0.8673333333333333,0.977,9.458333333333334,0.8673333333333333,0.977
17734,Evan Phillips,LAD,RP,28,0.9874966886955112,1.0963240146376751,-1.0968603860712123,-0.36940611248783917,-0.7791115128310737,-0.5214053132105291,-0.10854988715934602,-0.5280509384565568,-0.10481818247431585,0.29820152291166835,170.71916666666667,0,1.6666666666666666e-4,170.71916666666667,0,1.6666666666666666e-4
17780,José Alvarado,PHI,RP,64,0.012222443663443841,-0.009109971805817501,0.7671970949296506,0.3809407221886342,0.8848684545871104,0.9174683171274818,0.5155696492464622,-0.06098377518150373,0.5092900204971444,1.1277034956801013,81.091,0.056,0.2781666666666667,81.091,0.056,0.2781666666666667
17878,Dennis Santana,PIT,RP,68,0.6019275829298106,0.5983547773690023,0.9800627137694835,0.43148481492533536,0.5910607685796883,1.1139203861334206,0.7434170324422653,0.19057955236254984,0.728990832207691,1.3420284888247016,55.7765,0.14866666666666667,0.5028333333333334,55.7765,0.14866666666666667,0.5028333333333334
17888,Tayler Saucedo,LAA,RP,34,-0.15109192515172387,-0.2908289026373499,-0.7812842464584767,-0.6969324818659708,-0.7979708118922708,-0.6337298103682694,-0.5332271980214128,-1.0146160008729224,-0.5253629219003526,-0.06379525930002092,234.58683333333335,0,0,234.58683333333335,0,0
17897,Garrett Cleavinger,TBR,RP,66,0.5532506224059275,0.563622163503029,0.8583921005191955,0.5427685418816104,1.2377909051122025,1.3060058127207688,0.8772686052066988,0.2662834641679463,0.864106575374459,1.5676039404492796,45.18533333333333,0.25966666666666666,0.6376666666666667,45.18533333333333,0.25966666666666666,0.6376666666666667
17948,Trent Thornton,CHC,RP,30,0.10070691817677699,0.2454518672343336,-0.9838055353990018,-0.6732253454131156,-0.9417122073339887,-0.6947531111998524,-0.4705176900676003,-0.9202012669499255,-0.4685794043522242,-0.03589449689319719,226.51266666666666,0,0,226.51266666666666,0,0
17964,Tyler Gilbert,CHW,RP,26,0.02655482532523707,0.022910996654290385,-1.1924792341778754,-0.7609693795573191,-1.016832200197662,-0.6731848194125245,-0.5835265481410292,-1.0761199182273058,-0.5773612538382741,-0.10587179510532237,240.744,0,0,240.744,0,0
17968,Brock Burke,CIN,RP,62,-0.05800274326448801,-0.008450811125999543,0.6638948516367453,0.131606481054514,0.27236397103302656,-0.4788054000545032,0.10934633436604603,-0.377134304784164,0.09911279373376322,0.6333376187038263,136.4185,0.0023333333333333335,0.028666666666666667,136.4185,0.0023333333333333335,0.028666666666666667
17998,Pete Fairbanks,MIA,RP,62,0.7549530414137623,0.734039803222175,0.6568909401810299,0.4633649485763725,0.724714840607105,1.5593454451377133,0.8386161363440353,0.26742993596741566,0.8203345229560433,1.4767832823808011,47.4115,0.22233333333333333,0.6063333333333333,47.4115,0.22233333333333333,0.6063333333333333
18064,Phil Maton,CHC,RP,65,0.5212727378675088,0.5591497200322615,0.811393373411021,0.4740589545641628,0.8904598300204218,0.9927396579790227,0.7362325636221535,0.16275697338572717,0.7252733213604803,1.353492232074154,56.63883333333333,0.14583333333333334,0.49716666666666665,56.63883333333333,0.14583333333333334,0.49716666666666665
18138,Ryan Helsley,BAL,RP,64,0.5651105837967088,0.5442280840096785,0.7796599066996683,0.7724782328029561,1.198562220163971,2.5522766469014044,1.0974264168111354,0.44084120254316,1.0803149300526997,1.8170208286444078,30.0915,0.4685,0.8096666666666666,30.0915,0.4685,0.8096666666666666
18297,Tyler Kinley,ATL,RP,63,-0.45241351689318465,-0.285824905957039,0.7226071307324934,0.34083912564379054,0.5606914669727381,-0.4020761703388531,0.10109150224944587,-0.4283320304348402,0.09040251236808342,0.6627579098755574,138.098,0.0026666666666666666,0.037333333333333336,138.098,0.0026666666666666666,0.037333333333333336
18335,Josh Staumont,CIN,RP,12,-0.9731777222839473,-1.1445607651293628,-1.9103023811473006,-1.2064634028284065,-1.6234510172112462,-0.8123533549745209,-1.2720147198827765,-1.954181184830974,-1.2538441104511004,-0.651597267716757,294.03133333333335,0,0,294.03133333333335,0,0
18337,Nick Anderson,ATH,RP,22,-0.30708481679970867,-0.1143418478163965,-1.3971713189789985,-0.8345970588209997,-1.2404642992356643,-0.721726655696739,-0.7736227380730842,-1.27761742361168,-0.7662728500908873,-0.29138976818129475,262.2823333333333,0,0,262.2823333333333,0,0
18403,Enyel De Los Santos,HOU,RP,60,-0.23158573231369664,-0.08150100068923395,0.5602731296471698,0.018081060908007436,0.28875227695705297,-0.5252528012096587,0.020631194057435596,-0.47163020017120294,0.007378475147109385,0.5336792175865295,150.27,1.6666666666666666e-4,0.016166666666666666,150.27,1.6666666666666666e-4,0.016166666666666666
18439,Danny Young,ATL,RP,20,0.14342546740346268,-0.03973925610974951,-1.500467015269584,-0.8054961766688917,-1.1268790644995619,-0.6742163175365121,-0.6680245603451029,-1.1874310906933425,-0.6545329673950051,-0.18729580090907105,250.585,0,0,250.585,0,0
18548,Sam Hentges,SFG,RP,44,0.44690348134667823,0.48723097786051417,-0.2612067800346489,-0.2734834735853125,-0.11139252043478222,-0.452320472752319,-0.0016505599448551915,-0.4457953970450564,-0.004213127542909789,0.4551549416910088,153.60666666666665,1.6666666666666666e-4,0.005833333333333334,153.60666666666665,1.6666666666666666e-4,0.005833333333333334
18655,A.J. Minter,NYM,RP,56,0.6940745691475252,0.703652942964744,0.34491046281400356,0.30772917352150114,0.4227177617978142,-0.25903567911390224,0.39403830531751594,-0.09129716699796975,0.37902672803883375,0.9281663606372028,94.82083333333334,0.015666666666666666,0.14016666666666666,94.82083333333334,0.015666666666666666,0.14016666666666666
18694,Kolby Allard,CLE,RP,14,-0.10590886620314584,-0.08763154795396996,-1.8090951703991542,-1.1756986665344034,-1.6266060815199204,-0.8139457688891015,-0.9264867562501282,-1.4619751625051045,-0.9096912974811088,-0.42407493705294474,275.6055,0,0,275.6055,0,0
19178,Tommy Nance,TOR,RP,58,0.13228194334067517,0.2554780344749021,0.46098249368570826,0.050848947286199535,0.2607187196119554,-0.4486118710654245,0.14023956928834308,-0.3961263757982211,0.13057809737351028,0.7038576435101547,132.14316666666667,0.004166666666666667,0.042833333333333334,132.14316666666667,0.004166666666666667,0.042833333333333334
19222,Lake Bachar,MIA,RP,48,0.16753119810425243,0.11277944091111194,-0.054769974280510364,-0.13306757061973373,-0.00933384760146543,-0.4507895021578231,-0.04230154587796488,-0.5251942086409723,-0.049697986156510776,0.4649640535408655,160.29733333333334,3.333333333333333e-4,0.008333333333333333,160.29733333333334,3.333333333333333e-4,0.008333333333333333
19249,Seranthony Domínguez,CHW,RP,63,-0.23776877827835735,-0.3777810023453787,0.7122683352001021,0.11744453966461749,0.675634400678294,0.6431411568384635,0.28186788848444544,-0.2557863841623132,0.27086788201143863,0.8711180024919745,111.3295,0.009833333333333333,0.10016666666666667,111.3295,0.009833333333333333,0.10016666666666667
19261,Ian Hamilton,ATL,RP,50,-0.1858372944759341,-0.30958734426894596,0.04537153638993545,-0.29204086676240176,0.014349290906821638,-0.4934812835066769,-0.1839969836502818,-0.6912369012300268,-0.17945934171789785,0.3239406341069541,182.54133333333334,0,0.0016666666666666668,182.54133333333334,0,0.0016666666666666668
19274,Jacob Webb,CHC,RP,54,0.1353119506380665,0.1361529185702515,0.2615765927969368,-0.10199860533653118,0.010174334549418185,-0.48382104693479655,0.00713671234145204,-0.45085438653894,-0.0025755129452287124,0.49334761676668454,152.31933333333333,3.333333333333333e-4,0.008833333333333334,152.31933333333333,3.333333333333333e-4,0.008833333333333334
19320,Joey Lucchesi,NA,RP,40,-0.10404805264453891,-0.09619269830164448,-0.47731543109916963,-0.4283375317332663,-0.6339495857128161,-0.5413645704435036,-0.37276298554536585,-0.8754202820789764,-0.36460718629109096,0.11155584167087106,211.5705,0,0,211.5705,0,0
19330,Matt Festa,CLE,RP,58,-0.0882799666134439,0.024191701565929154,0.4577916065767572,0.1548207222288716,0.25963406362092484,-0.5270497995180996,0.06910882673044204,-0.4444173388248359,0.06512559688349819,0.6073387017296508,142.8405,0.0011666666666666668,0.0245,142.8405,0.0011666666666666668,0.0245
19337,Richard Lovelady,WSN,RP,52,0.14935584020038034,0.07745422324461396,0.13949822600793943,-0.06810705516506457,-0.05241680824841449,-0.3930658708739389,-0.008569548488395475,-0.4869217952664586,-0.014406165217968635,0.48930028731313074,154.79266666666666,5e-4,0.009166666666666667,154.79266666666666,5e-4,0.009166666666666667
19343,A.J. Puk,ARI,RP,42,0.3439009864001741,0.487837992117357,-0.37630362448540133,-0.2154862027910014,-0.12932020074228995,-0.5361694979867766,-0.04459298719902239,-0.48571326972469364,-0.048449640873671346,0.4167841096906714,160.531,0,0.0045,160.531,0,0.0045
19349,Caleb Ferguson,CIN,RP,58,-0.23577938489584932,-0.24261358732341903,0.4544643556998237,-0.004311298419509899,0.1978559630240095,-0.5164046692407536,-0.04350630709107256,-0.5020636880104138,-0.0467703862150945,0.44538482116927364,160.31216666666666,1.6666666666666666e-4,0.006166666666666667,160.31216666666666,1.6666666666666666e-4,0.006166666666666667
19360,Lucas Erceg,KCR,RP,62,0.4533150258065438,0.43811878525859094,0.6763502554801794,0.4415375787689919,0.5615039704218066,1.2714338211644662,0.665494242043368,0.08857493621427237,0.647806868328776,1.302083012038034,64.40966666666667,0.11966666666666667,0.42083333333333334,64.40966666666667,0.11966666666666667,0.42083333333333334
19362,Keegan Akin,BAL,RP,66,0.23107903257490855,0.25706108319799514,0.8665503638843106,0.4046106994048558,0.7789537400431576,1.1262738160259205,0.6359977336955487,0.04800541643978329,0.6233168517561494,1.261619409081144,67.46066666666667,0.09866666666666667,0.3965,67.46066666666667,0.09866666666666667,0.3965
19403,Colin Poche,NA,RP,30,0.34307793292684546,0.24039250244633686,-0.9801092926426188,-0.6093425286939129,-0.8792582598577015,-0.563864231478417,-0.3917820678335967,-0.8239397344492316,-0.3883156052660684,0.03385248630490016,215.349,0,0,215.349,0,0
19444,Yohan Ramírez,PIT,RP,56,-1.2724257691643377,-1.0920188693028046,0.36343113071466593,-0.3165588885335844,0.049867008120938944,-0.5938900821300594,-0.4531244583362567,-0.9768004308176701,-0.4551769845603366,0.08241165169394682,222.788,0,1.6666666666666666e-4,222.788,0,1.6666666666666666e-4
19459,Jorge Alcala,TOR,RP,18,-0.5583579013159381,-0.485008587343868,-1.6041445736258262,-0.8750619085755489,-1.3482886403708232,-0.7760210449368943,-0.9540050184250363,-1.4815545174117948,-0.9382193769787217,-0.47096589675580036,278.17283333333336,0,0,278.17283333333336,0,0
19481,Tyler Ferguson,ATH,RP,42,-0.2985336467139679,-0.4026257569345536,-0.3655726341218779,-0.34944225882668994,-0.26491940818233095,-0.6097749104690884,-0.36777616444469025,-0.8468017545626494,-0.3654167284487493,0.12272007697893293,211.125,0,5e-4,211.125,0,5e-4
19531,Jason Foley,SFG,RP,28,0.6818494360279251,0.5316656046658551,-1.086939663554121,-0.48191465323618315,-1.0904952317064818,-0.5153901385266204,-0.33209022121109383,-0.7578642623633989,-0.3236804012989467,0.07184364997757896,206.45983333333334,0,0,206.45983333333334,0,0
19569,David Bednar,NYY,RP,65,0.41319032887808466,0.4421270366676667,0.8090481349011223,0.45860961583486937,1.0229735553508463,1.8336355764397136,0.8552490177128544,0.25019807072971356,0.8376717235677669,1.5141029296952224,46.87466666666667,0.2435,0.6153333333333333,46.87466666666667,0.2435,0.6153333333333333
19574,JoJo Romero,STL,RP,64,0.6177619725550285,0.45862909711105954,0.7554975841372211,0.4638151034617066,0.4949756488637749,1.6427445169380537,0.7639413649928195,0.17138363519687574,0.7466624444171646,1.396402000659368,54.449333333333335,0.17,0.525,54.449333333333335,0.17,0.525
19614,Cionel Pérez,WSN,RP,33,-0.7118017303067949,-0.9224849958111498,-0.8303233455964614,-0.7043377129426429,-0.8818796030155418,-0.6264491613337748,-0.7604160579892639,-1.2446673965275232,-0.756132132287938,-0.2883886023122958,261.12266666666665,0,0,261.12266666666665,0,0
19618,Jordan Hicks,CHW,RP,55,-1.0517440128074829,-1.0480444035739294,0.3000890021778442,-0.2715508863442889,-0.049191753021171,-0.5208874241514082,-0.41324361980925156,-0.8956215195738094,-0.4153002150426739,0.07703495376414973,217.87416666666667,0,0,217.87416666666667,0,0
19677,Gregory Soto,PIT,RP,61,-0.026857303475299472,-0.1392412124604389,0.6179602420081773,0.23523605292264588,0.7080507692679523,1.179047620098442,0.4629503108716852,-0.09960245640077642,0.455128686754488,1.0647121929140713,87.3385,0.03933333333333333,0.22133333333333333,87.3385,0.03933333333333333,0.22133333333333333
19742,Anthony Bender,MIA,RP,61,0.4264116851223171,0.44208870240235254,0.6060935055586287,0.39970857293269946,0.49680343798374005,-0.21037266806184912,0.38305486654477855,-0.13397920283547457,0.3736197863750397,0.914717049392343,96.66533333333334,0.016,0.14366666666666666,96.66533333333334,0.016,0.14366666666666666
19753,Jonathan Loáisiga,ARI,RP,34,0.06418271849301399,0.012219322288702863,-0.7875168168204163,-0.4314822744514304,-0.8436986594305593,-0.5317562594370218,-0.41375171266624594,-0.8814198211113948,-0.4100935386597867,0.04250300944567491,218.10883333333334,0,1.6666666666666666e-4,218.10883333333334,0,1.6666666666666666e-4
19769,Will Vest,DET,RP,68,0.7833379433476828,0.8734704419589514,0.9808208301956585,0.6975912094486368,0.9423337509877447,1.3272599696340914,0.966392802342777,0.353535160464023,0.9495320341127541,1.6113001697530094,37.71666666666667,0.3378333333333333,0.7315,37.71666666666667,0.3378333333333333,0.7315
19795,Keegan Thompson,COL,RP,40,0.12135184199528358,-0.14883840789823238,-0.4729138748449814,-0.3695212931357458,-0.3157427308584494,-0.5143875111038738,-0.2701917857331269,-0.7516516698129108,-0.27208164108523364,0.2066158455321987,196.30133333333333,0,5e-4,196.30133333333333,0,5e-4
19804,Bryan Baker,TBR,RP,63,0.18776920613032982,0.3163496267438723,0.722698587453765,0.28691477478715544,0.7863109070069616,-0.31545978895136184,0.3530471872525024,-0.16868014800854342,0.34240097632431915,0.9132122258897101,100.95866666666667,0.0135,0.12716666666666668,100.95866666666667,0.0135,0.12716666666666668
19876,Kevin Ginkel,ARI,RP,62,-0.45749169122205524,-0.26689615776444997,0.66687212327288925,0.049452462776308756,0.3053402490139738,0.3546390311363886,0.12638858321281218,-0.41907247660016383,0.11243741550746442,0.7057816593739613,134.3545,0.0031666666666666666,0.0445,134.3545,0.0031666666666666666,0.0445
19891,Ryder Ryan,LAD,RP,10,-0.4707575437431321,-0.571656352606547,-2.0153078954810475,-1.216634325892201,-1.7112822298838164,-0.8190715293767941,-1.1337288969318724,-1.8345570116636396,-1.1159847874447104,-0.5035261774937301,286.33816666666667,0,0,286.33816666666667,0,0
19924,Bryan Hudson,NYM,RP,48,0.880457783530451,0.9321055425987544,-0.05862042832519776,0.06843019436295009,0.009961222187115933,-0.47606484171449026,0.24385675769627443,-0.20522006355710892,0.2310088981809116,0.7187350562503919,115.42466666666667,0.003,0.048666666666666664,115.42466666666667,0.003,0.048666666666666664
19926,Tony Santillan,CIN,RP,70,0.7659891886992767,0.7315334682965223,1.0689275361129211,0.5687447411188211,1.363068663960691,1.9112907895245705,1.1021540092325302,0.4819059547150429,1.0920660418193442,1.7889728267997207,29.188,0.4716666666666667,0.8185,29.188,0.4716666666666667,0.8185
19976,Tyson Miller,CHW,RP,13,0.7481306358345445,0.8524426173799646,-1.8585128288711374,-0.9119675084776351,-1.573075325463794,-0.7912532615158944,-0.6149269584177568,-1.1212650559992443,-0.6008366603821964,-0.14281732070382758,244.5735,0,0,244.5735,0,0
19996,Dylan Lee,ATL,RP,65,0.5368292713002394,0.6396484756057792,0.8186824430952868,0.3274309006388476,0.7435378760050253,0.9792495206274605,0.7040743757151096,0.12567152513611501,0.6831318362031886,1.3234607758371884,60.10583333333334,0.13216666666666665,0.45366666666666666,60.10583333333334,0.13216666666666665,0.45366666666666666
20020,John Schreiber,KCR,RP,64,-0.06115883448262482,0.02170325878630599,0.76378251667043,0.19007228326404463,0.406991871590327,-0.2999114757460419,0.1947250855495173,-0.3322252878419674,0.19290237532870344,0.7434320717242361,123.63366666666667,0.005333333333333333,0.05533333333333333,123.63366666666667,0.005333333333333333,0.05533333333333333
20023,Rico Garcia,BAL,RP,56,0.13699784818488409,0.21909542617985295,0.35621988991382614,0.014386174693098035,0.21355525087582145,-0.4320023121415213,0.09873531329479958,-0.42441819067226316,0.09141707297991797,0.6560508745117831,138.41266666666667,0.0015,0.03233333333333333,138.41266666666667,0.0015,0.03233333333333333
20039,Adrian Morejon,SDP,RP,68,0.7684931637119279,0.7682121160082628,0.9706293528195779,1.0410130995971412,0.8503972955151253,1.2328044484633516,0.9669936923981876,0.3725635785272838,0.950127724686118,1.6410598219638894,37.718666666666664,0.3373333333333333,0.7198333333333333,37.718666666666664,0.3373333333333333,0.7198333333333333
20045,Sean Guenther,DET,RP,18,0.29973815565359985,0.3052140355209505,-1.6019339616579347,-0.8451910224586232,-1.4329734440443112,-0.7728666545950491,-0.6846658524198642,-1.172628781592954,-0.6724020131524833,-0.22818414929603953,253.1115,0,0,253.1115,0,0
20061,Kaleb Ort,LAA,RP,22,-0.39718877886794707,-0.39332254558594926,-1.398325396326774,-0.8221178421530878,-1.1660969445677467,-0.7151354542234121,-0.8198227096749781,-1.3398000559809016,-0.810073859825915,-0.3373846791639801,266.61816666666664,0,0,266.61816666666664,0,0
20116,Calvin Faucher,MIA,RP,64,0.2651138470372134,0.18331498015715525,0.7593052600326538,0.33023875329014696,0.7428768169760629,1.1604706472850226,0.6061441961627491,0.023976061780463558,0.5944951252282865,1.240825492155943,70.876,0.08733333333333333,0.359,70.876,0.08733333333333333,0.359
20160,Nate Pearson,HOU,RP,54,-0.15963245366477508,-0.15144823357443987,0.23732945394840077,-0.08914877753868661,0.15764545051183626,-0.5181367264881396,-0.0683991208187699,-0.5463398004943116,-0.07233955723964636,0.43190661386199924,164.36733333333333,0,0.0065,164.36733333333333,0,0.0065
20185,Zach Pop,PHI,RP,52,-0.16623640105521975,-0.2011131795004331,0.14861734952644623,-0.18299973647781242,-0.2981085510556012,-0.5386180734684226,-0.18383466790810482,-0.6495021627137955,-0.1833846342899585,0.28620145451054896,182.8665,0,0.0013333333333333333,182.8665,0,0.0013333333333333333
20191,Garrett Whitlock,BOS,RP,70,0.36499186853277976,0.5358076275407809,1.0654713671626006,0.5413762287466017,0.8742667915869983,0.8985553716340404,0.7404568435795028,0.16405023929899426,0.7285706484187926,1.3703677968032006,56.447833333333335,0.15233333333333332,0.5008333333333334,56.447833333333335,0.15233333333333332,0.5008333333333334
20203,Eli Morgan,KCR,RP,28,0.3094130128304428,0.4241864967886787,-1.080259163270104,-0.7221526927204643,-0.940933513411826,-0.6962215700966867,-0.431158753493721,-0.872909807671564,-0.4275793201896359,-0.010713717399992289,221.276,0,0,221.276,0,0
20253,Griffin Jax,TBR,RP,67,0.642399040655294,0.8483924900662564,0.9140422576101522,0.8092380576692041,1.3046259164490235,1.8320964105345734,1.087551063597577,0.45261807941402504,1.0687174030036042,1.785379642728474,30.384833333333333,0.45666666666666667,0.8091666666666667,30.384833333333333,0.45666666666666667,0.8091666666666667
20271,Daysbel Hernández,ATL,RP,40,-0.11235273196290757,-0.45578220713319906,-0.4693292998350175,-0.36439665173863267,-0.346595941607814,-0.5399094404174906,-0.3710913269402998,-0.8582794447000442,-0.3675813849256253,0.10949415195704483,211.47733333333332,0,0,211.47733333333332,0,0
20348,Riley O'Brien,STL,RP,63,0.43683886653603204,0.3404823279111104,0.7121620619783058,0.31891625392523515,0.6321466242928744,0.880543825957117,0.5859171631602501,0.005373704602509296,0.5685280499532919,1.2263945658821431,73.33116666666666,0.08116666666666666,0.3353333333333333,73.33116666666666,0.08116666666666666,0.3353333333333333
20349,Zack Kelly,BOS,RP,58,-0.06363789284014029,-0.06395516720329399,0.4527236319356699,0.12603081910589103,0.36546039393541424,-0.3479781262686558,0.09616094547624292,-0.4337898758735623,0.09401928511817945,0.6523343113141628,138.69583333333333,0.003,0.034,138.69583333333333,0.003,0.034
20353,Steven Wilson,TBR,RP,52,-0.47005010569909067,-0.5161271749757299,0.1417394869697046,-0.29180433569071385,-0.09987374678329289,-0.5480398535967059,-0.2800982612011258,-0.7708226391994896,-0.2807151750178217,0.20489882572710036,197.79033333333334,0,0.001,197.79033333333334,0,0.001
20373,Andrés Muñoz,SEA,RP,64,0.8560984625726873,0.7234994620325914,0.7671880033513792,0.4903567548305936,1.3181336919983284,1.9371943946743921,1.0388571096964863,0.43427813730711806,1.0230276106285539,1.6735744484001323,32.4765,0.419,0.7928333333333333,32.4765,0.419,0.7928333333333333
20375,Greg Weissert,BOS,RP,65,0.2752500489910009,0.260331661057428,0.8250932104253523,0.29195312178580307,0.33852263427416773,-0.35876416396268573,0.2976969938938111,-0.21068961295545066,0.2854766324234308,0.8471757409225215,108.6255,0.010666666666666666,0.08966666666666667,108.6255,0.010666666666666666,0.08966666666666667
20385,Isaac Mattson,PIT,RP,64,0.23657191748334175,0.20117223197703793,0.7654354443298841,0.14879971223027347,0.5350247435517046,0.7103817725194735,0.46112392933841617,-0.10170857553429763,0.45487319058526976,1.0684436271153361,87.58883333333333,0.03966666666666667,0.21833333333333332,87.58883333333333,0.03966666666666667,0.21833333333333332
20418,Josh Fleming,TOR,RP,8,-0.6738094148591167,-0.7915422570856074,-2.11884616463995,-1.2300878780268496,-1.8502067731623888,-0.8630113262985015,-1.2664545093631532,-2.044655564235236,-1.2324822396459063,-0.582783163805443,292.11566666666664,0,0,292.11566666666664,0,0
20423,Ryan Walker,SFG,RP,63,0.4779204386918785,0.5457910814999025,0.7091818647067751,0.47847344667000336,0.7323908322555466,1.1725934965683784,0.7101166090655462,0.1452557278849103,0.6884109975664405,1.3303116036688298,59.50083333333333,0.1375,0.46066666666666667,59.50083333333333,0.1375,0.46066666666666667
20517,Nick Sandlin,LAA,RP,40,0.20791706014910746,0.048615513325668165,-0.471038973761728,-0.3083731160639803,-0.3275887230217875,-0.5512161501347157,-0.2164026201520056,-0.6466412518102234,-0.22102628078427913,0.22426166217352264,188.22683333333333,0,6.666666666666666e-4,188.22683333333333,0,6.666666666666666e-4
20539,Edwin Uceta,TBR,RP,68,0.576132664531718,0.7205099584996978,0.9870486255068629,0.5422013988093397,1.4483629344855045,1.035249816185964,0.9093443344544706,0.30403593608093266,0.8906668310661598,1.548579657590205,41.9665,0.2843333333333333,0.679,41.9665,0.2843333333333333,0.679
20546,Grant Anderson,MIL,RP,56,-0.03580804361404831,-0.029127829816380048,0.3597992859063106,0.03825467573826932,0.2703648966496031,-0.4346372048345865,0.039007613056665814,-0.4429563578449536,0.03852085629957466,0.528517711385573,147.20333333333335,0.0013333333333333333,0.013666666666666667,147.20333333333335,0.0013333333333333333,0.013666666666666667
20629,Tyler Phillips,MIA,RP,68,0.2604473972712904,0.24055821893505236,0.9623296560828599,0.24822022388138296,0.241718787918001,0.3875402571591936,0.4169969034378884,-0.11567905471205076,0.4079301608225911,0.9953321205620344,92.88233333333334,0.0275,0.18033333333333335,92.88233333333334,0.0275,0.18033333333333335
20666,Félix Bautista,BAL,RP,13,0.7258012331780569,0.6151261113277555,-1.8588470877432428,-0.8802161861590714,-1.379142332284319,-0.7161283800378758,-0.5956551003665108,-1.1257483480100725,-0.5814415069804044,-0.1168976640070421,241.809,0,0,241.809,0,0
20794,Manuel Rodríguez,TBR,RP,16,0.5839307375840397,0.6174238607030902,-1.7058841343751476,-0.8519540298952075,-1.4615388666319715,-0.7334716799500973,-0.6060257917597247,-1.1006244913867977,-0.5934168607999019,-0.15380017795029094,243.72566666666665,0,0,243.72566666666665,0,0
20997,Eduard Bazardo,SEA,RP,68,0.3664491553522199,0.5310580615131875,0.9905316774440764,0.4418603875513001,0.9365076660144049,-0.42202266476078387,0.4925616586433256,-0.04528683869004976,0.48276854484112114,1.0595164609171972,83.03416666666666,0.03916666666666667,0.24066666666666667,83.03416666666666,0.03916666666666667,0.24066666666666667
21029,Jhoan Duran,PHI,RP,70,0.7611806308556988,0.74717018257876755,1.0752722006094109,0.8272587020114852,1.269672518095216,1.982438800535139,1.1396076675591682,0.5182838580669237,1.1174331369735964,1.8342433723320617,26.9615,0.5031666666666667,0.846,26.9615,0.5031666666666667,0.846
21045,Seth Martinez,BOS,RP,26,-0.2946024345626422,-0.2683556211289521,-1.194200822560664,-0.7903267275190764,-1.1516303486399542,-0.7133846770299295,-0.7298590973804873,-1.1984306389072348,-0.7232376531305855,-0.28650595808253976,258.541,0,0,258.541,0,0
21132,Alexis Díaz,TEX,RP,58,0.37863721423837315,0.08821486333175951,0.45147709371661904,0.19876492823409386,0.5421870593829443,-0.26847045979355,0.2588297231206186,-0.24856148977260742,0.2559675246936447,0.7820406590669985,113.9255,0.004166666666666667,0.07033333333333333,113.9255,0.004166666666666667,0.07033333333333333
21205,Connor Brogdon,CLE,RP,52,-0.43890753414502803,-0.3535979670934754,0.1370955155679755,-0.18508154812705027,-0.10641260684516518,-0.5024531711150481,-0.21554775975253215,-0.7310479076577251,-0.21297852338843049,0.30308108740524425,187.5155,0,0.002,187.5155,0,0.002
21267,Jake Bird,NYY,RP,53,-0.43998456020986065,-0.4439438973154726,0.20348746391404543,-0.1237557979404263,0.04574213062004989,-0.5134685915291253,-0.1901574636150161,-0.6848269519441708,-0.19288687583097047,0.31819700161193376,183.71383333333333,0,0.0018333333333333333,183.71383333333333,0,0.0018333333333333333
21345,Bennett Sousa,HOU,RP,50,0.4519305158359218,0.4375254621285009,0.04314485273152046,0.06569755741652195,0.02770008133778927,-0.45691638484450253,0.11305200001459928,-0.3773280469089241,0.10647154261319719,0.6235466271300762,135.77033333333333,6.666666666666666e-4,0.025666666666666667,135.77033333333333,6.666666666666666e-4,0.025666666666666667
21420,Yerry De los Santos,NYY,RP,34,-0.03711139173667913,-0.20469954397083792,-0.7838981158199252,-0.649525260633995,-0.800540999044204,-0.6210337684694087,-0.497102626944357,-0.9542045941736242,-0.49164402028736265,-0.05246359990117277,230.07366666666667,0,0,230.07366666666667,0,0
21453,Konnor Pilkington,DET,RP,11,-0.045491727594494186,-0.34226342021542944,-1.9659323145703786,-1.200318354980633,-1.585723251279536,-0.798717122786845,-0.9806600422694325,-1.5869173032206374,-0.9652147573340976,-0.4133544216643297,277.94483333333335,0,0,277.94483333333335,0,0
21461,Cole Sands,MIN,RP,68,0.29351248309476796,0.41731758314744855,0.9694836732907253,0.374911640833818,0.7817527193021205,-0.3721705331876637,0.43471316944901395,-0.07692473838348159,0.4254312972423572,0.9837127181100037,89.95716666666667,0.0215,0.18066666666666667,89.95716666666667,0.0215,0.18066666666666667
21520,Hogan Harris,ATH,RP,66,-0.009326824800571284,-0.04355713938437006,0.8565676108159127,0.16456558995600024,0.5806902487031188,0.5054530551089029,0.3673468773668817,-0.17866443888958788,0.3572806463634189,0.9517439801355818,99.57166666666667,0.017833333333333333,0.14766666666666667,99.57166666666667,0.017833333333333333,0.14766666666666667
21527,James McArthur,KCR,RP,40,-0.03347093513604378,0.005130778334287638,-0.470003890589334,-0.357072254249397,-0.6282629348809627,-0.5887747790829349,-0.33439851212555294,-0.7892007982211401,-0.32977869244450003,0.1136984724856363,206.4915,0,0,206.4915,0,0
21537,Daniel Lynch IV,KCR,RP,59,0.07625830866114289,-0.05446600274956215,0.5014688322330785,-0.008518947761635209,-0.015548355157267109,-0.4650600780418523,0.017635328667994478,-0.46827958404440234,0.014121066675061739,0.5083970953951268,150.60016666666667,3.333333333333333e-4,0.008833333333333334,150.60016666666667,3.333333333333333e-4,0.008833333333333334
21544,Chase Shugart,PHI,RP,42,0.162989978371102,0.05616971320028992,-0.37061799598013123,-0.32505663067030865,-0.5080411029134753,-0.5406834318688123,-0.23227106903763695,-0.6945882549782862,-0.23135794754113115,0.23811303705996417,190.55666666666667,0,6.666666666666666e-4,190.55666666666667,0,6.666666666666666e-4
21546,Justin Hagenman,NYM,RP,27,0.039275819195748185,0.13419145522133663,-1.139011529084085,-0.7701410756558502,-1.0938089065663075,-0.7139453968106249,-0.582872213102149,-1.0598679607715795,-0.5751034187551325,-0.13615630553184363,241.00616666666667,0,0,241.00616666666667,0,0
21574,Brendon Little,TOR,RP,54,0.2908004843672438,-0.09821065062332401,0.24543308994806654,0.08336251191625152,0.4670240255902314,-0.22426583747697243,0.14440987309381093,-0.3389046547293347,0.13893572441808977,0.6703158755719476,130.92116666666666,0.0018333333333333333,0.034333333333333334,130.92116666666666,0.0018333333333333333,0.034333333333333334
21584,Tristan Beck,SFG,RP,34,-0.1592175055098135,-0.11374278427641371,-0.7727187866242708,-0.7155160232728888,-0.936552185384685,-0.693197728014673,-0.5391582225229492,-0.9882594905470721,-0.5292752138418173,-0.0947023630960974,235.9155,0,0,235.9155,0,0
21623,Grant Wolfram,BAL,RP,45,-0.5222401638784706,-0.5688608874240704,-0.20781336073633838,-0.35449710864271167,-0.24468736224046808,-0.5872565051482357,-0.4040188085119456,-0.9161709154573688,-0.4021426802186513,0.1096938550132005,215.8495,0,3.333333333333333e-4,215.8495,0,3.333333333333333e-4
21662,Elvis Alvarado,ATH,RP,58,0.1562690691973756,-0.08824840896300329,0.46324069452509264,0.05191795001716307,0.5764432975360776,-0.41426120192685945,0.13775450380170026,-0.36557537677546437,0.12867074312230914,0.662298770603702,132.11883333333333,0.0033333333333333335,0.034333333333333334,132.11883333333333,0.0033333333333333335,0.034333333333333334
21863,George Soriano,STL,RP,50,-0.8475580743124924,-0.7552488758515701,0.03779817785826768,-0.3859153340781686,-0.10822386137616197,-0.6404186236033307,-0.44006894634913124,-0.9042703261948151,-0.43974291311469904,0.021845808881709367,221.93183333333334,0,0,221.93183333333334,0,0
21924,Juan Morillo,ARI,RP,30,-0.15929523462952763,-0.3702081732342385,-0.9831999834542446,-0.7346830322548263,-0.7926631724382944,-0.6203171255686115,-0.5895106075902895,-1.073826720070685,-0.5825267117717903,-0.12720711192085868,241.7075,0,0,241.7075,0,0
21951,Joel Peguero,SFG,RP,64,0.5579017800721024,0.43798460433175,0.7636067965385862,0.5559231783196088,0.6992830550082721,1.5159401559552474,0.7856262605404833,0.12313633951967477,0.7708867198900551,1.5033285704221715,54.48766666666667,0.21233333333333335,0.5413333333333333,54.48766666666667,0.21233333333333335,0.5413333333333333
21992,Camilo Doval,NYY,RP,64,-0.052012250744933826,-0.2905049581580096,0.7775633692470547,0.26093120028858124,0.7689751353206524,1.0937267709604903,0.4538756887952537,-0.1154968605576745,0.44313030044177826,1.0570205813209326,88.75116666666666,0.03983333333333333,0.2165,88.75116666666666,0.03983333333333333,0.2165
22051,John King,MIA,RP,52,-0.4625358768317861,-0.6351358293613903,0.1403430678400912,-0.2924355479994573,-0.6865654862267159,-0.5358104735966643,-0.39063313331439964,-0.8737562114172339,-0.3882272328935347,0.08333346650066178,214.62566666666666,0,3.333333333333333e-4,214.62566666666666,0,3.333333333333333e-4
22113,Cole Winn,TEX,RP,63,0.7580405943738208,0.4770057483191464,0.7132665785076784,0.2014377085295878,0.5732333670635796,0.8305818418446782,0.6234633269852133,0.04976192209342346,0.6113370865041051,1.240613207579914,68.612,0.09166666666666666,0.37733333333333335,68.612,0.09166666666666666,0.37733333333333335
22200,Ryan Rolison,CHC,RP,15,-1.4973034876807612,-1.3460906066317584,-1.7573622939021436,-1.198416997167,-1.6290027011328507,-0.8428103394161293,-1.3638423665464297,-1.9847503553447692,-1.3483207864352043,-0.7925449481277257,298.7828333333333,0,0,298.7828333333333,0,0
22207,DL Hall,MIL,RP,52,-0.003604462534513141,-0.12210578848381679,0.1495248983002111,-0.26995972813985847,-0.15534948468328116,-0.6014836493747538,-0.13886126514853503,-0.6246470182069539,-0.1412957678063012,0.3579446618894467,175.71016666666668,0,0.0025,175.71016666666668,0,0.0025
22210,Jeremiah Estrada,SDP,RP,70,0.6714693699188781,0.8073317881605626,1.0680784175678184,0.8860207781130438,1.915402569626884,-0.1194065971619985,0.9002768522494863,0.33296950081912663,0.8788620086469898,1.5360363728302935,42.289833333333334,0.266,0.672,42.289833333333334,0.266,0.672
22288,Mason Englert,TBR,RP,60,-0.20087025468043448,-0.07376063614250453,0.5471134392199795,-0.006299606182131524,0.07924613725862173,-0.6142305593962805,-0.02564541621431511,-0.49134424696931794,-0.028445707607472448,0.45821142814088084,157.5025,3.333333333333333e-4,0.0075,157.5025,3.333333333333333e-4,0.0075
22304,Brenan Hanifee,DET,RP,58,0.2750352693424361,0.19565720550658905,0.4581705335174846,0.07614924694853871,-0.1692352568636614,-0.49806363627854144,0.07341984691820451,-0.3953658845002507,0.06879306416523584,0.5639751792597161,141.67583333333334,0,0.014166666666666666,141.67583333333334,0,0.014166666666666666
22361,Colin Holderman,CLE,RP,42,-0.3938052182873701,-0.5870912984372789,-0.37399737274704914,-0.38618081870101656,-0.48154729036941957,-0.5110583810686338,-0.44523098718443394,-0.9414740335114827,-0.43975833406321296,0.04671470752953862,222.12466666666666,0,0,222.12466666666666,0,0
22533,Michel Otañez,TEX,RP,22,0.443395874367153,-0.06095247834202551,-1.3964727211223416,-0.7734129373273901,-0.842820389400885,-0.6026543133352775,-0.5247369356297045,-1.0127563770095729,-0.5162427508932458,-0.0759304360817214,233.26083333333332,0,0,233.26083333333332,0,0
22713,Carlos Hernández,CLE,RP,18,-0.6391774890366246,-0.7127212720702336,-1.6086796618434267,-0.8847936654993243,-1.3947870790386612,-0.7785898790815495,-1.0113572436206886,-1.5368799972841136,-1.0003941518292736,-0.5283582769500755,282.3428333333333,0,0,282.3428333333333,0,0
22717,Angel Zerpa,MIL,RP,60,-0.020496741496162083,-0.03886201682833164,0.5597525377930717,0.12720844288931588,0.2215647253292544,-0.45600533800191023,0.08798415863402663,-0.38659908039208013,0.07924741340003921,0.5947892071765998,139.61983333333333,0.0011666666666666668,0.024166666666666666,139.61983333333333,0.0011666666666666668,0.024166666666666666
22915,Carlos Vargas,SEA,RP,56,-0.05268656601553075,-0.11951626907538321,0.36544847742196174,0.03980522350406196,-0.1416099151843706,-0.5369534673188943,-0.06171529502772732,-0.5323222683893755,-0.06934444498660712,0.42226831990875635,163.2475,0,0.005666666666666667,163.2475,0,0.005666666666666667
23150,Osvaldo Bido,NYY,RP,16,-1.1978999093808642,-1.1100048283733561,-1.7053080444747937,-1.1522907711769572,-1.5332180815872212,-0.8120868190548156,-1.2337916680978291,-1.8093415852288777,-1.2257791319315823,-0.6778250893479627,293.95183333333335,0,0,293.95183333333335,0,0
23165,Steven Cruz,KCR,RP,45,0.28874400820615487,0.06226481801692922,-0.2237852300804553,-0.23665365871377125,-0.21414972858281298,-0.3852886880322871,-0.09046458704186948,-0.5674082769308924,-0.09286271496881021,0.3903558729819006,167.81466666666665,1.6666666666666666e-4,0.0036666666666666666,167.81466666666665,1.6666666666666666e-4,0.0036666666666666666
23237,Juan Mejia,COL,RP,66,0.06283266266495599,-0.010661819323175944,0.8637292195183691,0.14057789535047588,0.781340435913882,0.44326096041576785,0.41171031863410384,-0.13752153518246324,0.3988932887587471,1.0002125514236666,93.6935,0.0265,0.17733333333333334,93.6935,0.0265,0.17733333333333334
23307,Collin Snider,CHC,RP,10,0.4036125064115007,0.26549619761713783,-2.0165408208444044,-1.1784794555768103,-1.7008481839954654,-0.7859419331473103,-0.833567396435117,-1.4496891196559814,-0.8125303096632936,-0.28872968570700913,265.94233333333335,0,0,265.94233333333335,0,0
23313,José Buttó,SFG,RP,61,0.23207487400810706,-0.0345428020451563,0.6144851687852926,0.12091085235724511,0.4112946473652036,-0.3892057589386579,0.1827558777858249,-0.2911210509321938,0.17201255161446538,0.6897808017247868,124.932,0.0016666666666666668,0.0405,124.932,0.0016666666666666668,0.0405
23363,Robert Garcia,TEX,RP,64,0.2707298907905181,0.3595388495746936,0.7691155502215881,0.2896046697992344,0.7546016430602046,0.8867471565382878,0.5848321935712956,0.01849943602192168,0.5757134083175852,1.1914234300698792,72.78783333333334,0.0735,0.3375,72.78783333333334,0.0735,0.3375
23394,PJ Poulin,WSN,RP,61,0.08225440276116311,-0.1070226760947115,0.6015202175751713,0.1014205646854209,0.5635892260790323,0.923279908968689,0.3898772254792707,-0.22992772872832198,0.36792821098792516,1.0663616803299254,98.1395,0.03866666666666667,0.197,98.1395,0.03866666666666667,0.197
23426,Max Lazar,PHI,RP,38,-0.3903591385453736,-0.37920038980779325,-0.5732280731898955,-0.6295692679553174,-0.857315997008904,-0.7081193829738942,-0.569325760416675,-1.0384920929287336,-0.5675170278772732,-0.12620579918787844,239.626,0,0,239.626,0,0
23455,Hunter Stratton,ATL,RP,30,0.2557846391338142,0.1836061881199179,-0.9834417044652615,-0.6758035382363998,-0.942664748325834,-0.6282246647343068,-0.4453675527309362,-0.9025208096864153,-0.44182783837773554,0.001494829766174815,222.97516666666667,0,0,222.97516666666667,0,0
23488,Ron Marinaccio,SDP,RP,44,0.09003557899513392,-0.20368196551638063,-0.2654482678467145,-0.35566422975866213,-0.11624961037222545,-0.503188443456116,-0.2109464727649644,-0.681526494222388,-0.2101767349435299,0.27081736274316903,187.16016666666667,0,0.001,187.16016666666667,0,0.001
23550,Aaron Ashby,MIL,RP,64,0.705956262161045,0.7403405306068194,0.7718547297705305,0.6787289978166176,1.0338636807404276,1.3873362112237269,0.9135633879044055,0.3070807095579602,0.8971151470253049,1.5741754270445023,42.00366666666667,0.28583333333333333,0.6738333333333333,42.00366666666667,0.28583333333333333,0.6738333333333333
23899,Valente Bellozo,COL,RP,8,-0.3655401560709949,-0.3968333439276117,-2.118606198856061,-1.2373004630025575,-1.83188304319587,-0.8686508460933615,-1.1515214884522165,-1.8811591543561859,-1.1302922922711482,-0.4714562369437151,286.653,0,0,286.653,0,0
24017,Jose A. Ferrer,SEA,RP,70,0.12646916296257982,0.11041816884703229,1.081483142843226,0.46082740209669926,0.5244209690712891,1.4975525313100424,0.6565113905502349,0.07481117444666553,0.6453379248142893,1.267970830406429,65.12916666666666,0.10633333333333334,0.41783333333333333,65.12916666666666,0.10633333333333334,0.41783333333333333
24453,Justin Martinez,ARI,RP,22,0.6176091178624333,0.33299304536793706,-1.3933396781528566,-0.7527225423395436,-0.9836917506460314,-0.7279765739333304,-0.4679571323284946,-0.9095281752257409,-0.46432513893689364,-0.0427084537167712,226.366,0,0,226.366,0,0
24581,Lyon Richardson,CIN,RP,22,-0.4807399261389005,-0.6941069242331022,-1.398548423994702,-0.859066955324191,-1.272263436808324,-0.7818779731375876,-0.9234843293400675,-1.4448223627317152,-0.911500074388884,-0.4396445739164515,275.91966666666667,0,0,275.91966666666667,0,0
24607,Jonathan Bowlan,PHI,RP,56,0.025237019072812464,0.06387742605538554,0.3421105892030264,0.018845012082380725,0.2382345410361899,-0.47220506856096245,0.05099614787697858,-0.44905521281306027,0.04130840145623907,0.5749991844629068,145.48783333333333,1.6666666666666666e-4,0.018166666666666668,145.48783333333333,1.6666666666666666e-4,0.018166666666666668
24609,Braydon Fisher,TOR,RP,52,0.8562878124239118,0.7796662367863194,0.154456522195359,0.42529029550605446,0.4675283765278302,-0.4141308761246112,0.398478244209567,-0.10588259153174652,0.38714972326704644,0.9331893640819778,94.64416666666666,0.0165,0.14666666666666667,94.64416666666666,0.0165,0.14666666666666667
24614,Victor Vodnik,COL,RP,64,0.00925544024307453,-0.18411713747835834,0.7414052379098403,0.2309963365034603,0.4695435453306658,0.6519855701220338,0.3522228007559343,-0.18210983675147913,0.3385513673006389,0.936699749659491,101.61166666666666,0.018,0.13583333333333333,101.61166666666666,0.018,0.13583333333333333
24737,Gus Varland,WSN,RP,48,-0.5828514576443323,-0.5485834959061631,-0.04836638161498538,-0.33536012281613103,-0.22832881251439208,-0.6167308284407402,-0.3775407924960341,-0.8530220722403822,-0.38451924475683874,0.11918998359019642,212.55883333333333,0,3.333333333333333e-4,212.55883333333333,0,3.333333333333333e-4
24862,Ryan Fernandez,STL,RP,44,-0.4792989575827524,-0.5649538159177548,-0.26778220640168626,-0.4236285516005083,-0.24575864289574303,-0.6000947988684969,-0.4214728882252337,-0.8773822027309036,-0.42036743625985273,0.033791614092925644,219.35816666666668,0,0,219.35816666666668,0,0
24930,Ethan Roberts,CHC,RP,42,-0.2106390358150277,-0.23894563448142772,-0.3687542214327213,-0.3692982547625089,-0.4636775655742337,-0.6204187634934873,-0.37152252848232503,-0.8704470071533214,-0.3685498949143824,0.11970608753074088,211.49716666666666,0,0,211.49716666666666,0,0
24978,Erik Sabrowski,CLE,RP,61,0.494307175595482,0.08312959748516753,0.6014181277057893,0.21815630979428396,1.1865838231914594,-0.1914585733332228,0.4281524449465588,-0.13307416661482196,0.4153981683507991,1.022808442797166,91.80833333333334,0.033,0.197,91.80833333333334,0.033,0.197
24993,Kody Funderburk,MIN,RP,65,-0.43435563065237937,-0.5190011387240323,0.8121436612794426,0.08060462194190128,0.42539558093676183,0.5646619674646984,0.18055119053320415,-0.3856421517177678,0.17080257152816702,0.7770564861936576,126.5545,0.007,0.068,126.5545,0.007,0.068
25007,Alex Vesia,LAD,RP,61,0.6313180055289687,0.6382077296300664,0.6106538351509696,0.5205022099400249,1.1921740124718987,1.403345270523762,0.8620107321481119,0.2688004330277868,0.8511827291695337,1.5072474451477769,45.70033333333333,0.23883333333333334,0.6305,45.70033333333333,0.23883333333333334,0.6305
25139,Tim Herrin,CLE,RP,54,0.09777281457950537,-0.053384397206063375,0.2544030463838305,-0.011065189950445826,0.3010497689201487,-0.4345726221234122,0.04212516073281704,-0.4444348632306408,0.04034533743960874,0.5363618491390294,146.7635,1.6666666666666666e-4,0.015666666666666666,146.7635,1.6666666666666666e-4,0.015666666666666666
25327,Abner Uribe,MIL,RP,72,1.0673375410056103,0.9119286302944765,1.1748877839896918,0.9238010981990161,1.5210341347255993,2.6380135782102094,1.4035787372704136,0.7410645983158874,1.3766395496767174,2.1436004073213817,15.236833333333333,0.7413333333333333,0.9533333333333334,15.236833333333333,0.7413333333333333,0.9533333333333334
25376,Nick Mears,KCR,RP,60,0.05103232801723596,0.10702018288635493,0.5562106082876261,0.1120526425479632,0.44218620221172644,-0.41440084726819815,0.1652284589381314,-0.31397065290290466,0.1578257505575639,0.6697758104122711,127.696,0.0021666666666666666,0.034833333333333334,127.696,0.0021666666666666666,0.034833333333333334
25386,Jhony Brito,SDP,RP,16,-0.2413261507877701,-0.2982280916512543,-1.7058770429339818,-0.9223823249576775,-1.5630046176084584,-0.8087176096901509,-0.9370490928022408,-1.4968108169007746,-0.9233313964635048,-0.44244674772379006,276.29716666666667,0,0,276.29716666666667,0,0
25420,Ryan Zeferjahn,LAA,RP,63,-0.09734760906500531,-0.44475568338881,0.7074244872002715,0.21770743853708535,1.0392267461343185,-0.2687635306733433,0.221630727525996,-0.3451028528435655,0.21747048740711755,0.8109120530093349,120.18083333333334,0.007333333333333333,0.07416666666666667,120.18083333333334,0.007333333333333333,0.07416666666666667
25501,Paxton Schultz,WSN,RP,46,-0.3905270569732099,-0.3186938639233619,-0.17339350440385162,-0.37183904963296616,-0.3084763482155853,-0.6254825363407914,-0.3546583766403892,-0.8478886984308471,-0.3525805895259668,0.12839696232018305,208.91266666666667,0,3.333333333333333e-4,208.91266666666667,0,3.333333333333333e-4
25582,Brady Basso,ATH,RP,50,-0.25091220831559513,-0.21529520144170275,0.0398284615414419,-0.3196089670926445,-0.3357314616228527,-0.6338964297270475,-0.26623217156913404,-0.7659888565212041,-0.266183197678242,0.23536941995078123,195.48766666666666,0,6.666666666666666e-4,195.48766666666666,0,6.666666666666666e-4
25620,Luis Mey,CIN,RP,40,0.10449514563687873,-0.408794363427875,-0.4745738068732386,-0.33564282476490515,-0.22941808198251712,-0.5053786218531238,-0.30020156656735125,-0.840110217116078,-0.29860513601935956,0.21882046944942182,200.28566666666666,0,8.333333333333334e-4,200.28566666666666,0,8.333333333333334e-4
25636,Hunter Gaddis,CLE,RP,66,0.8839961212588032,0.8861621493480083,0.8713488005577571,0.5464838801239282,0.6594957628170788,1.6071979200192592,0.9368066945878968,0.3491335050044134,0.9222919357431063,1.575825759193157,39.530833333333334,0.30916666666666665,0.706,39.530833333333334,0.30916666666666665,0.706
25648,Justin Slaten,BOS,RP,61,0.48105743600167217,0.4905673916992843,0.6117534073267156,0.34707959793301907,0.3199371242749252,0.9053560184984736,0.5531384686120343,0.0013482511650908062,0.5444354583706605,1.152110832407542,76.17766666666667,0.06016666666666667,0.3035,76.17766666666667,0.06016666666666667,0.3035
25679,Kevin Kelly,TBR,RP,44,0.2973913380356001,0.33298054508988195,-0.2539774157428202,-0.21463579784281894,-0.47901603122252767,-0.5564182991838993,-0.1222757179348442,-0.5569913919040188,-0.126765246203003,0.31798554020183506,173.09033333333332,0,0.0015,173.09033333333332,0,0.0015
25756,Matt Brash,SEA,RP,63,0.4010851682849465,0.21258414711416,0.7091445309380414,0.4631402084325285,1.0523851531902682,1.5517069663755931,0.7570129468420813,0.14730196957224898,0.746117188031925,1.4222911572627033,55.67,0.178,0.5151666666666667,55.67,0.178,0.5151666666666667
25890,Bryan King,HOU,RP,67,0.651042418042052,0.7452286753065289,0.9239448246337091,0.49617994478967836,0.7511377808887931,1.1450534246516173,0.8076098669073549,0.22674720659214329,0.7936526045812768,1.4138573672220982,49.952666666666666,0.19816666666666666,0.5768333333333333,49.952666666666666,0.19816666666666666,0.5768333333333333
25911,Yennier Cano,BAL,RP,60,-0.3935897061508711,-0.3543702445355835,0.5615039405535458,0.04938930145099015,0.1069981303638978,-0.27210198785557715,-0.03785470328808495,-0.5472139932102759,-0.04291593490163487,0.4983983409470984,159.557,3.333333333333333e-4,0.011,159.557,3.333333333333333e-4,0.011
25921,Casey Legumina,SEA,RP,54,-0.338143001335402,-0.3490196120891975,0.2573343255161284,-0.07679303983410246,0.23200227967106618,-0.5092958514848611,-0.11250277502138085,-0.6149808197696679,-0.11873792780801984,0.4111710311215423,171.33933333333334,0,0.0036666666666666666,171.33933333333334,0,0.0036666666666666666
25942,Andrew Nardi,MIA,RP,56,0.3397868063880342,0.3630807608552678,0.3487127133908936,0.30650326795298793,0.6781966678308365,-0.3728358415552944,0.3057781687093782,-0.1865039729147768,0.2889311946440912,0.8522605612420103,107.35616666666667,0.008833333333333334,0.09766666666666667,107.35616666666667,0.008833333333333334,0.09766666666666667
25957,Josh Simpson,SEA,RP,16,-0.7907669183875884,-0.9749087002025965,-1.7081975156894624,-0.9171734668571224,-1.3995931107542943,-0.7899797208157565,-1.11055537472932,-1.7071770737567864,-1.095205858390891,-0.574354989397349,287.3358333333333,0,0,287.3358333333333,0,0
26079,Beau Brieske,DET,RP,50,-0.06367166454146139,-0.19108767596618376,0.03933612010443203,-0.22775974899774376,-0.12977132517506573,-0.44071208479275453,-0.14244935767923378,-0.6150496915334901,-0.1495554547667602,0.34588549196798574,176.16133333333335,1.6666666666666666e-4,0.0023333333333333335,176.16133333333335,1.6666666666666666e-4,0.0023333333333333335
26191,Kade Strowd,ARI,RP,60,0.3366784677469554,0.1852174239062456,0.5644667766894509,0.1532924476161255,0.5347853678159462,0.7226024920283974,0.4440788335309941,-0.13858659097354847,0.4317050325318526,1.0608261402062784,90.0055,0.03666666666666667,0.21216666666666667,90.0055,0.03666666666666667,0.21216666666666667
26214,Chris Murphy,CHW,RP,38,-0.04646847256309678,-0.10084304431512855,-0.5716508685260211,-0.4624233481062421,-0.5248056713786748,-0.6403957503068172,-0.38466042861335964,-0.8304883530215279,-0.38540600731342073,0.055751517421805445,214.07533333333333,0,1.6666666666666666e-4,214.07533333333333,0,1.6666666666666666e-4
26215,Jackson Rutledge,WSN,RP,57,-0.8566815696102661,-0.7821555520779302,0.39837589555305963,-0.2969000911608126,-0.11192385451309783,-0.6184427681166957,-0.3532283354746747,-0.8250784333309178,-0.35602626705408313,0.14450688696039876,209.08116666666666,0,0,209.08116666666666,0,0
26231,Tyler Holton,DET,RP,72,0.558091649568804,0.6864558576383559,1.1710215662558436,0.5453006787694522,0.4910585744337133,-0.36960024321249413,0.5309275831395571,0.012616605489634697,0.5187694110086939,1.0860494114319827,78.03416666666666,0.04466666666666667,0.262,78.03416666666666,0.04466666666666667,0.262
26247,Orlando Ribalta,WSN,RP,40,-1.038554927489457,-1.068038290672542,-0.4807645858878841,-0.6541100501807884,-0.5176512561806506,-0.682986561041842,-0.7105975452575201,-1.2244244228918348,-0.7100296343570218,-0.21019909973546771,255.31366666666668,0,0,255.31366666666668,0,0
26252,Erik Miller,SFG,RP,62,0.20925017974408833,-0.03299713440480234,0.6679654553094423,0.21404510863061543,0.8022585308975262,0.75569486277982445,0.4685985542255439,-0.07968218666085172,0.46240349539693676,1.0589320397051518,86.531,0.03816666666666667,0.2225,86.531,0.03816666666666667,0.2225
26304,Bryan Hoeing,SDP,RP,18,0.06292611826075978,0.059147775544706516,-1.6003222316149153,-0.8623962091136632,-1.4486123079115991,-0.7857506152773432,-0.7721939075158097,-1.2504673975184986,-0.7660239546004637,-0.3164405742026799,262.7655,0,0,262.7655,0,0
26413,Porter Hodge,CHC,RP,50,0.37664181247595957,0.12501700419139328,0.046913945173811034,0.033094587423661975,0.3077789453305788,-0.3963080510729483,0.09379066589168551,-0.3741676723998635,0.08754267181566189,0.5891482514997197,138.597,0.001,0.019666666666666666,138.597,0.001,0.019666666666666666
26641,Wikelman González,CHW,RP,46,0.3678738979282655,-0.06657435565241586,-0.15377381173574572,-0.2829514528460793,0.01077158497538924,-0.6064834682061103,-0.09878223153909181,-0.6252127303127618,-0.09452975254978047,0.4353291220287377,169.14066666666668,0,0.007,169.14066666666668,0,0.007
26790,Angel Chivilli,NYY,RP,30,-1.0266576177332551,-0.8822584715251182,-0.981748225676995,-0.8028870019277584,-1.0606924819750172,-0.7444722143068996,-0.9104976317954078,-1.38720586593511,-0.9000742116775478,-0.47142708990875815,275.84583333333336,0,0,275.84583333333336,0,0
27494,Clayton Beeter,WSN,RP,63,0.16310837387074859,-0.24021816628533835,0.7096855748108553,0.15583197660184994,1.0695472319884605,1.0539296962528937,0.5153735841099991,-0.10348352814982187,0.5024185657326699,1.1625319806317742,82.031,0.063,0.2851666666666667,82.031,0.063,0.2851666666666667
27517,Jared Koenig,MIL,RP,65,0.5368215154673688,0.5667658716453204,0.8207682913026995,0.6423262656870756,0.6519209371762866,1.0940395190488372,0.7482057918888542,0.15396034528199506,0.7357561731991784,1.39011620616254,56.35433333333334,0.1695,0.5106666666666667,56.35433333333334,0.1695,0.5106666666666667
27552,Graham Ashcraft,CIN,RP,65,0.17582012574664577,0.12715757173785472,0.8133670882322137,0.5304970433568001,0.6363743409815166,1.10287171832864,0.591078457260576,0.002060305849446144,0.5730747967829899,1.2394160667086795,72.55633333333333,0.08466666666666667,0.3413333333333333,72.55633333333333,0.08466666666666667,0.3413333333333333
27570,Cole Henry,WSN,RP,64,-0.19098773130758462,-0.4531580763453824,0.7693975779721192,0.0899712289344135,0.6635760315655703,0.46273735998218407,0.24604854115390118,-0.3135166755361769,0.2336030148307244,0.8353278135933823,116.63483333333333,0.010333333333333333,0.08983333333333333,116.63483333333333,0.010333333333333333,0.08983333333333333
27626,Eric Orze,MIN,RP,56,0.04794799752068559,-0.044573971349504096,0.3591937424596814,-0.039125384230200747,0.19451893375347845,-0.44736808862763394,0.02272255877614111,-0.47979956288860237,0.01732740641904911,0.534385584641708,149.9075,5e-4,0.014333333333333333,149.9075,5e-4,0.014333333333333333
27649,Connor Phillips,CIN,RP,56,0.7999440090541672,0.4815448640266108,0.3436385343376806,0.506257257737105,0.792817573844169,-0.36974293416094106,0.45119245157686716,-0.11498334815065936,0.438791144020679,1.060696263196171,89.03583333333333,0.04016666666666667,0.21816666666666668,89.03583333333333,0.04016666666666667,0.21816666666666668
27668,Brandon Eisert,CHW,RP,52,-0.37829003066205374,-0.23612526853346288,0.14037624475816723,-0.34102596352545766,-0.08837056242838656,-0.6349673099141571,-0.2421876822785519,-0.6973083488865104,-0.24310004849579808,0.2335105009551007,192.068,0,8.333333333333334e-4,192.068,0,8.333333333333334e-4
27691,Louis Varland,TOR,RP,67,-0.06922118326196261,0.024771277328761845,0.9280913301315614,0.21763114227978825,0.7342849648899881,0.7379416584375321,0.4585006312758614,-0.10101059594749814,0.4463517847439591,1.0624431587748604,87.73233333333333,0.04033333333333333,0.2145,87.73233333333333,0.04033333333333333,0.2145
27694,Justin Sterner,ATH,RP,65,0.32706925072091764,0.31874533454688836,0.8102439337350484,0.2873151283923724,0.7711726166566004,0.8141417613322872,0.5859351247165093,0.024709676893983266,0.5713409159352542,1.1852164872282114,72.57983333333334,0.073,0.337,72.57983333333334,0.073,0.337
27702,Brent Headrick,NYY,RP,50,0.023245171945853793,0.0559424285784658,0.0390784874748842,-0.18386162303519782,0.15251718625079935,-0.5196846503724266,-0.04858654831555521,-0.5362630832862585,-0.05139563283394859,0.45109146888789453,161.23116666666667,5e-4,0.007166666666666667,161.23116666666667,5e-4,0.007166666666666667
27707,Mitch Spence,KCR,RP,16,-0.4292835947357839,-0.4942218783654039,-1.7079719127896014,-0.9644961508710966,-1.5378172871775984,-0.7997031898718041,-1.001817249500012,-1.5316591375772115,-0.9845379495981459,-0.5037047252205507,281.3725,0,0,281.3725,0,0
27775,Kyle Nicolas,PIT,RP,42,-0.22934660290531583,-0.5505461372425644,-0.37403590390241165,-0.41171086755393904,-0.397296565892289,-0.5516250178328079,-0.4150588858469432,-0.8653179960324335,-0.4159786396609087,0.047136011462208874,218.5275,0,0,218.5275,0,0
27867,Cade Smith,CLE,RP,70,0.9947171342553904,1.1314768219556617,1.0737172138708342,0.9620966412051992,1.623307357112538,1.6910682650159488,1.2721922013949918,0.6380193162992803,1.2464819368345768,1.966233456992987,20.171833333333332,0.6398333333333334,0.9153333333333333,20.171833333333332,0.6398333333333334,0.9153333333333333
27914,Daniel Palencia,CHC,RP,67,0.4995528126105232,0.3800480246602747,0.9094605729052985,0.5827713849832374,1.057525034366623,1.6685976489625165,0.8811984089143227,0.26616986084503375,0.8620093103684789,1.5428448508014252,44.787166666666664,0.266,0.639,44.787166666666664,0.266,0.639
28036,Luke Little,CHC,RP,20,0.31534311725947817,-0.23213019540758767,-1.499371507536465,-0.8190348940548657,-1.18484952355166,-0.7483966316736941,-0.6916820395544133,-1.2001281631994123,-0.679860849504305,-0.2120093414219588,253.3945,0,0,253.3945,0,0
29519,Gordon Graceffo,STL,RP,58,-0.8091481534393636,-0.6191314138315667,0.4571337006468638,-0.20854338750631035,-0.018903090922923704,-0.6277691094900575,-0.27293298625664963,-0.7558138856546587,-0.27845568696466266,0.22796460304995914,196.78016666666667,0,5e-4,196.78016666666667,0,5e-4
29542,Andre Granillo,WSN,RP,42,-0.27958752348678617,-0.32963031976726664,-0.36979561687296675,-0.41020497430059016,-0.5198526171437865,-0.6505302458756863,-0.4216012382758956,-0.9287035625584666,-0.41702150025817875,0.0779799025595221,218.69,0,1.6666666666666666e-4,218.69,0,1.6666666666666666e-4
29574,Chase Lee,TOR,RP,32,0.31105696223447504,0.3123398210862822,-0.8757983288425852,-0.4636497478770038,-0.8105839847080221,-0.646687364884965,-0.3637111275136117,-0.8173327863110116,-0.35976567081587874,0.07720302463545768,210.86766666666668,0,0,210.86766666666668,0,0
29615,Kyle Backhus,PHI,RP,16,0.04576790273627321,-0.022052845740366284,-1.7065243784793909,-0.8889358919352672,-1.4577122697534226,-0.7593833106698027,-0.8148784186435389,-1.3665506878482228,-0.7970299976787136,-0.31395201731999867,265.597,0,0,265.597,0,0
29628,Alek Jacob,SDP,RP,40,-0.5257553654299528,-0.6247943871149557,-0.4700260651192387,-0.4409197787289758,-0.6288373100453901,-0.6268900897984874,-0.5506303974958009,-1.027541067143257,-0.5441363870471886,-0.08594650645602062,236.87233333333333,0,0,236.87233333333333,0,0
29629,Matt Svanson,STL,RP,65,0.923784203441043,0.9216317550486329,0.8051664678462997,0.6182252078696209,0.9830242403937268,1.1544219042740225,0.9346953998468148,0.34875775714121826,0.9132262803850182,1.5744314858609079,39.899166666666666,0.30566666666666664,0.6956666666666667,39.899166666666666,0.30566666666666664,0.6956666666666667
29754,Sam Bachman,LAA,RP,32,-0.5462192057557895,-0.6042412190907616,-0.887891803909659,-0.7308878150246916,-0.8608947740265127,-0.7009115771659318,-0.7001973618829359,-1.2218291956885987,-0.6929480463373456,-0.19454765598250023,253.99816666666666,0,0,253.99816666666666,0,0
29770,Mason Montgomery,PIT,RP,60,-0.5797179512992701,-0.7094963176042528,0.559669541634634,0.03585216645569275,0.8855942324392069,-0.4279554138562429,-0.020150998928502303,-0.5648607334492644,-0.01956682120186367,0.5347685164673446,156.7205,0.001,0.015,156.7205,0.001,0.015
29928,Dylan Dodd,ATL,RP,46,0.2599508376081866,0.33326985345310767,-0.1595295987644098,-0.27768948802700966,-0.34642884709122124,-0.5730188978096287,-0.10524283400261905,-0.5798642727249297,-0.10941994729502239,0.3785773814248518,170.21183333333335,0,0.0033333333333333335,170.21183333333335,0,0.0033333333333333335
29950,Jordan Leasure,CHW,RP,64,-0.08589767629571532,-0.2041780118056497,0.7584776478538372,0.10218149441317328,0.8036695143303999,0.8889027828199767,0.4076282108022958,-0.14909204312212998,0.39698062895546,0.9947237394614044,94.40283333333333,0.029666666666666668,0.179,94.40283333333333,0.029666666666666668,0.179
30002,Grant Holman,ARI,RP,20,-0.35867747094080055,-0.4510687996642706,-1.501568133292384,-0.8474604553742652,-1.3664521169806196,-0.7801454419828688,-0.8905451193570147,-1.42543363534224,-0.8785355390814724,-0.3883849799209867,272.523,0,0,272.523,0,0
30084,Carson Seymour,SFG,RP,20,-0.40611994509165894,-0.41832187929196013,-1.4994403612801424,-0.8638175043322044,-1.373330656789769,-0.7847706591586093,-0.9039981058799109,-1.4197508379394417,-0.8924722835675529,-0.41778811558806955,274.1115,0,0,274.1115,0,0
30085,Ben Casparius,LAD,RP,55,-0.027919822623210903,0.03686655005457585,0.3071569066003426,0.0873618136639926,0.05909211576173526,-0.5283311405782789,0.006130566691474519,-0.47236870132942427,-0.001583975652865062,0.501169529176915,152.41966666666667,3.333333333333333e-4,0.01,152.41966666666667,3.333333333333333e-4,0.01
30115,Robert Suarez,ATL,RP,67,0.8953390712858023,1.0519098669925997,0.9071038995462722,1.2377720211050558,0.8166228580093784,2.3601026006587214,1.251266511014881,0.5808042419531197,1.2354522625071198,2.0037666982368947,22.053333333333335,0.606,0.8918333333333334,22.053333333333335,0.606,0.8918333333333334
30133,Brant Hurter,DET,RP,55,0.5385046830018915,0.4294444754061323,0.30550709122027064,0.12261792575206268,0.1579983154743006,-0.456035270686351,0.19988330594618453,-0.2656774147577975,0.19159158113980052,0.682775826915844,122.17366666666666,0.0011666666666666668,0.03933333333333333,122.17366666666666,0.0011666666666666668,0.03933333333333333
30226,Spencer Bivens,SFG,RP,70,-0.14747288569530137,-0.1304306578553424,1.0947236273164211,0.20918906462741493,0.1842563269819753,-0.43767850524659335,0.15352147746674877,-0.37121127899193396,0.14332526461427264,0.7222106651074668,130.0195,0.0035,0.04833333333333333,130.0195,0.0035,0.04833333333333333
30249,Jack Dreyer,LAD,RP,54,0.377930316023913,0.3906101435945738,0.23930991609603935,-0.05759743246204004,0.11789418269360918,-0.5347452423298271,0.10956376652301375,-0.3414968141879745,0.10063033759778067,0.5840661528830202,136.0165,6.666666666666666e-4,0.018166666666666668,136.0165,6.666666666666666e-4,0.018166666666666668
30250,Jaden Hill,COL,RP,52,0.07714147429938326,-0.006162583025868624,0.1485595235317983,-0.19668195317058096,0.04372024313983682,-0.5306501180531147,-0.05316154651223711,-0.5554412241554051,-0.05842323835562138,0.4726561244615777,161.9425,1.6666666666666666e-4,0.008,161.9425,1.6666666666666666e-4,0.008
31261,Chris Roycroft,STL,RP,40,-0.698840861977128,-0.6839275546715315,-0.47067323706510733,-0.4545043107253749,-0.5842883488118024,-0.6343769277518363,-0.586288292825395,-1.0809849130600966,-0.5823897868149854,-0.0979861295415306,241.09966666666668,0,0,241.09966666666668,0,0
31461,Ben Joyce,LAA,RP,48,0.7534142346885383,0.4867774688062563,-0.06316179724808454,0.05193563773596147,0.06876681351641578,-0.4185522002928463,0.15937933823915457,-0.33172344012114224,0.14677381206640086,0.6768959461257457,128.57366666666667,0.0018333333333333333,0.036166666666666666,128.57366666666667,0.0018333333333333333,0.036166666666666666
31468,Jack Perkins,ATH,RP,40,0.1482942434255,-0.03800668041933859,-0.4638217828763965,-0.3490928306959069,-0.37013903758327454,-0.5773258957774376,-0.26132982925014037,-0.7315715392271589,-0.2584031894566783,0.20764580824611154,195.07483333333334,0,0.0011666666666666668,195.07483333333334,0,0.0011666666666666668
31552,Zach Agnos,COL,RP,50,-0.9152451238799902,-1.0188129320795554,0.04077338545569556,-0.3756266425141278,-0.3476771604362451,-0.5329291424417719,-0.5126793007281572,-1.0312317956475474,-0.5103870569279665,-0.004588124445368978,231.09966666666668,0,0,231.09966666666668,0,0
31553,Mason Fluharty,TOR,RP,42,0.2492508740302622,0.07576612038990135,-0.37454512215109087,-0.18249054138508553,-0.14915466223616133,-0.5119665493632631,-0.12444363153784206,-0.5831082244738709,-0.1252677152018109,0.3592377041232816,173.48483333333334,1.6666666666666666e-4,0.0033333333333333335,173.48483333333334,1.6666666666666666e-4,0.0033333333333333335
31616,David Morgan,SDP,RP,58,0.327964500985722,0.056294363960324,0.4640253817697807,0.07129921132297817,0.5184999393112233,-0.4687256327649477,0.1813651615696434,-0.32778542715977815,0.17734266178713887,0.7052041489098454,125.42783333333334,0.002,0.048,125.42783333333334,0.002,0.048
31757,Mason Miller,SDP,RP,66,0.976748049964569,0.9047054260902425,0.8634390495895816,0.5943924044581972,2.029953897917812,1.9265200247020386,1.2453629769433934,0.5940587142035308,1.2340127186713565,1.9373819225956133,21.546333333333333,0.612,0.903,21.546333333333333,0.612,0.903
31776,Orion Kerkering,PHI,RP,63,0.6570488836723095,0.596377105398977,0.7047119084574619,0.8091488716407815,0.8415671052478347,-0.3054334711417236,0.5753881525046964,0.04224507219312237,0.5626718998152975,1.1492243532525799,72.9635,0.060833333333333336,0.31183333333333335,72.9635,0.060833333333333336,0.31183333333333335
31815,Cade Gibson,MIA,RP,60,0.2418300747789872,0.125005804143842,0.5483821118148473,0.09892483009516594,0.19312387056339048,-0.4355719343935112,0.15167664139111192,-0.3311919347662417,0.13575595556177228,0.6747822243286219,129.8575,0.002,0.03883333333333333,129.8575,0.002,0.03883333333333333
33294,Seth Halvorsen,COL,RP,60,-0.3822351272333032,-0.6123053649510155,0.573083884065538,0.012851409230124348,0.36760574029869586,-0.3689620048744051,-0.056829356260219364,-0.5732826324821678,-0.06026593344153522,0.4973131334783248,162.68733333333333,5e-4,0.010833333333333334,162.68733333333333,5e-4,0.010833333333333334
33826,Yuki Matsui,SDP,RP,52,-0.05494492284880541,-0.15876158002146473,0.13932450659880835,-0.1821527651524398,0.11678119088783244,-0.45671449051904445,-0.07472181360570333,-0.5540872302512837,-0.07707996538434432,0.4146377888401466,165.359,0,0.003833333333333333,165.359,0,0.003833333333333333
33838,Yariel Rodríguez,TOR,RP,36,0.1372909682784788,0.011010713418624862,-0.6822873568847372,-0.4583333928404914,-0.6062706932569627,-0.6208931383341425,-0.36555717058899895,-0.8046439016358906,-0.3645982624387544,0.07228803325891417,211.39216666666667,0,1.6666666666666666e-4,211.39216666666667,0,1.6666666666666666e-4
33908,José Fermin,LAA,RP,52,0.10652438526341049,-0.16174341100648704,0.15140789172370406,0.09245193104785047,0.34513799940907,-0.3700570876670437,0.04653361117333891,-0.4793578459476463,0.04164997098535498,0.6050999383619117,146.54933333333332,0.0023333333333333335,0.025666666666666667,146.54933333333332,0.0023333333333333335,0.025666666666666667
35324,Shinnosuke Ogasawara,WSN,RP,8,-0.9901537374237113,-0.9736808959913776,-2.117512875352573,-1.2379800961180987,-1.8111019210663533,-0.8663120535196678,-1.3456045888104686,-2.123392642864034,-1.3265616892231888,-0.6270447742688872,295.26666666666665,0,0,295.26666666666665,0,0
