playerid,PlayerName,Team,role,ERA,WHIP,Ks,W,SVH,IP_atc,z_ERA,z_WHIP,z_IP,z_W,z_Ks,z_SVH,composite
3096,Kenley Jansen,DET,RP,3.3737013568239353,1.151170246639888,63.62062660152166,3.9895061458650662,27.66621471649995,60,0.45062949822983434,0.5357235325025472,0.5447087308388365,0.44540162940462086,0.5442594859146899,1.5243787031665068,0.6860364651862085
3237,T.J. McFarland,NA,RP,4.7258292163928575,1.4309751946354767,13.757327614419488,1.012627582935587,2.3638736644952383,24,-0.5258247877507034,-0.5626579693956695,-1.297442639888691,-0.8455050255538809,-1.5129534976775436,-0.698338781560056,-0.8980575829851805
4301,Justin Wilson,NA,RP,5.279629081112743,1.4587340423056987,43.73132261353996,2.2773026888333328,3.9078315104783417,45,-0.9502386648982776,-0.6985359297158991,-0.21914876374078823,-0.3411542418019882,-0.2780797635932478,-0.5531095330117222,-0.4935608658551181
5615,Ryan Brasier,TEX,RP,4.9079651348920645,1.342321123032877,34.575023905950054,1.5457033867022612,2.8130356954294875,44,-0.6819228651676053,-0.21860760985470215,-0.2615816422449677,-0.7423327666725512,-0.6471399269937881,-0.6483832826427599,-0.49872535031839793
6107,Huascar Brazobán,NYM,RP,4.183494153569138,1.3504698321132385,49.22348502298072,2.7119698781796977,3.366296091334796,52,-0.14494333298150325,-0.27121049745138204,0.14030883736826957,-0.16223343075382923,-0.04333808689147835,-0.609887659026176,-0.15438799786374502
6655,Craig Kimbrel,NYM,RP,4.40707116899665,1.3070418886270851,39.24525691388281,2.550586020724154,3.7466376665748538,32,-0.3002630341454523,-0.06872256587872594,-0.8810267583057331,-0.256820750369534,-0.44905250354075704,-0.5640493159540089,-0.397095437140212
6984,Luis García,NYM,RP,4.695630080457168,1.3856512488520047,49.19330669297097,2.891938583807914,4.103462305129288,60,-0.5254366281894048,-0.3959882801273201,0.576465521153972,-0.00828519744785651,-0.04003434434586792,-0.5341097029828471,-0.14938606750095873
7048,Fernando Cruz,NYY,RP,4.6675960741091815,1.3895186266195887,85.10792196714367,2.984228799515704,20.219898125779913,61,-0.4980148596731454,-0.410140394293518,0.6123782212632394,-0.01103228514167995,1.432869597427417,0.8476998522281414,0.33973963130783935
7836,Hunter Strickland,LAA,RP,3.987412344259161,1.3001140652195176,10.642819921944195,0.6292688614793746,0.6782303098092397,14,0.06663522739410171,-0.02310355401747067,-1.807974298422446,-1.1719442107211075,-1.6425103250694888,-0.8378563498954059,-0.8754495466321514
9073,Kirby Yates,LAA,RP,3.1979689701433465,1.1922766297110927,67.874734214485,4.353390029160002,18.633217714992092,56,0.5769003176617069,0.3771205986230605,0.3592494117437972,0.5949865176502256,0.7299759973187161,0.7220554781519748,0.5778145846311644
10061,Brooks Raley,NYM,RP,3.2735717247717435,1.1219741118290472,66.68189053995995,3.2035284922154346,26.39070856401111,62,0.5168607287357725,0.6662117245356032,0.6591327954233013,0.09399247866974678,0.676946111645916,1.3768527436855598,0.6852236277604724
10078,Caleb Thielbar,CHC,RP,3.8787650690258655,1.1918926974360162,68.36477669436377,4.412719082935225,6.025483362494262,66,0.06616704315030585,0.3865743026009495,0.8671921728575913,0.6119135441999783,0.7579726019034702,-0.3677717762072968,0.3978702011130704
10233,Aroldis Chapman,BOS,RP,3.0550277164588096,1.1092569850821385,84.98649785128278,5.598939997585176,24.354060970508858,62,0.6792570526800937,0.7066534451886178,0.6591825222742422,1.1465908056152174,1.4436430294440386,1.2265407920179578,0.990639498155836
10315,Michael Tonkin,MIN,RP,4.484677637965454,1.3140768078662712,29.536213846657063,1.781200525291309,1.3144039718558604,34,-0.35090672461301775,-0.10692608967590048,-0.7744246000074635,-0.5036581203684882,-0.8624639829487168,-0.787616672866652,-0.5537821247724286
10591,Scott Alexander,SFG,RP,4.163398660331857,1.330048520639671,24.29073640079093,1.8160192481642012,2.806959479312452,33,-0.11859542976728288,-0.16586540731645333,-0.8241153219285062,-0.4959991213940556,-1.0699358718217111,-0.6513295159138582,-0.5490776575773951
11384,Tommy Kahnle,NA,RP,3.879543448248942,1.3136059553496988,45.35059094774529,1.845755772441673,5.072303338536357,50,0.09238883573862086,-0.10812424399743922,0.03856727726051547,-0.4740447159208847,-0.20885001645483445,-0.4523535130566717,-0.17622794902485342
11426,Drew Pomeranz,LAA,RP,2.6027423339779228,1.0036385124719824,65.72222453144289,3.9271422678736925,18.93474415380105,58,1.016256412402475,1.1313113139907007,0.45713880545278174,0.37226042487458466,0.6289496534411254,0.7371463484690847,0.7483959939557604
11752,Luke Jackson,NA,RP,4.506544136435303,1.3937486622284405,37.2481871129428,1.9275574095754389,3.0904167908795213,41,-0.37926796822480285,-0.4391466176640444,-0.4215426119494276,-0.4318800995348302,-0.5377555851363077,-0.6253248010052139,-0.4647373086984875
11804,Héctor Neris,KCR,RP,4.539958167997553,1.3587709005076278,23.64365474499002,1.6818758415673036,2.7278274957626283,22,-0.3700547287436956,-0.27151721829581166,-1.400517303818031,-0.6841922511489917,-1.098195765996925,-0.6622801112976121,-0.72320839963266
11847,Chris Martin,TEX,RP,3.2675219466146372,1.1504120597998508,49.87001548163668,3.20842104252904,17.295025380561963,54,0.5366098494066291,0.5526223253279172,0.2494200584422447,0.09677095102519792,-0.01266407744120817,0.6094620066437371,0.354443826497267
11861,Jason Adam,SDP,RP,2.171690306770578,0.9650131388020278,67.76340185360688,4.805890651836902,26.79810152745941,61,1.3314203303622958,1.2903212104585648,0.611668179847698,0.7822118995500849,0.7115308513681373,1.4344423693641035,1.0438791424066056
12056,Scott McGough,NA,RP,6.426155544370863,1.6213876081115302,21.66139448050536,0.858484744698603,1.7142782364631257,24,-1.781240586506993,-1.3481275463772082,-1.295582714536401,-0.8834690103612817,-1.1875158245891817,-0.7542213566483955,-1.2021538365528133
12095,Yimi García,TOR,RP,3.691605790586589,1.180667192701677,63.608487697774216,3.657089456424716,7.911303175289286,56,0.21767484363151188,0.41866536214051087,0.35133965843104453,0.2516535679376851,0.5501446125029583,-0.2103470201114919,0.28199116526144197
12572,Blake Treinen,LAD,RP,3.8354191199030105,1.2454045182851643,59.486660598085756,5.231145730046664,6.251661920282529,58,0.11677053803890083,0.16479871039896635,0.4571527641386089,0.9415179828119412,0.39171117825731777,-0.3543275312283357,0.3012747372972603
12760,Rafael Montero,NYY,RP,5.3570356390717055,1.497508104873609,22.63362101289823,1.1243337050986408,1.9927887313888464,26,-0.985860022651012,-0.8463523761254362,-1.1858615379692954,-0.819414520114719,-1.140994884322673,-0.7167684010260968,-0.9388885612351818
12763,Chris Devenski,PIT,RP,5.392235910205078,1.483903070464751,20.292032188660123,1.173442790603906,1.3674270930694579,24,-0.9932170167007977,-0.7651514667524542,-1.298095280170511,-0.807620185302362,-1.242184977066784,-0.7848163978630356,-0.9726201148407706
12777,John Brebbia,COL,RP,6.485620800105531,1.5604248753421948,9.236267289050211,0.42476454576873157,0.716657473293588,10,-1.7814446996870292,-1.0464749737197212,-2.0156028343536874,-1.223250137866093,-1.6990034350208698,-0.8316218954828221,-1.4076559633194643
12791,Michael Kelly,ATH,RP,3.719289494412728,1.2659137250457464,51.01185248935517,3.3610779353473754,5.203780205040767,60,0.19036639489435067,0.07877190206052664,0.5615178134977333,0.14961861859579773,0.02143668807553804,-0.44558290445580184,0.11391681238611528
12828,Andrew Kittredge,BAL,RP,2.6415844438607614,0.9916298001071666,67.87542269711079,5.803324186522312,31.083224844225033,67,0.9825028798144344,1.185470373939547,0.9118293178945536,1.2428169697303335,0.7117205380871869,1.7918259504711118,1.1608620139023915
12857,Shawn Armstrong,CLE,RP,3.244402248527661,1.1299983043301853,67.00705205960217,3.636463034566643,18.62516605246983,68,0.52839280608475,0.6213838867841179,0.9740704203752748,0.26101499089504526,0.6867478970013552,0.7084263065593459,0.6551801356921172
12972,Joe Ross,ARI,RP,5.043525044017464,1.4321781600348773,9.417114331010282,0.5037452914041857,0.5137873717438559,12,-0.7089507428096287,-0.5416549186517374,-1.9118850283865272,-1.2119898246906635,-1.691588341772544,-0.8600097170603078,-1.1338822918618214
12988,Andrew Chafin,MIN,RP,4.164434173130248,1.3754125196282538,54.32790402991326,2.5174135670566016,4.783509494528868,54,-0.14555646965497426,-0.36210931700500193,0.25589503139506947,-0.25633473919467764,0.1758782541476634,-0.4797757713304285,-0.11074110768164402
13133,Derek Law,ARI,RP,3.5275962232651508,1.2104522190184945,19.917946911183314,1.314011224803712,1.5786498002561724,24,0.3604800153143587,0.32324134085351186,-1.2960473834932156,-0.7850286538427691,-1.261951333601658,-0.7687423411868637,-0.5530000431528452
13293,Danny Coulombe,NA,RP,2.707875272913449,1.0426260450813758,48.62013631923453,3.172788882795019,5.624224147461474,48,0.9469612064988382,0.9860048442705672,-0.05689022824754915,0.0803269064943327,-0.0760946359978088,-0.4159965160245664,0.2535153623531588
13346,Hoby Milner,CHC,RP,4.018485496742854,1.2498896026537554,52.03526443954465,3.051284941256512,4.77132734339224,60,-0.03722619869329453,0.15614831359510617,0.5627818408855272,0.02891537094706229,0.06623735144157808,-0.4856460035556975,0.05947854731992767
13435,Pierce Johnson,CIN,RP,3.888855438595387,1.2660169302472124,66.7888881912292,3.6481428374591616,5.7460106970221805,61,0.06733500756102134,0.08681975247189963,0.5951633319179623,0.26155841272969793,0.672014652254171,-0.40800991655197927,0.22854390876547637
13449,Taylor Rogers,MIN,RP,4.6201487605804985,1.3806088933428058,62.047678705648025,3.0852880819337782,14.808492004451644,61,-0.4813163829055936,-0.3726534084366985,0.6224622192168935,0.05245281725094812,0.4983533901223385,0.39109009601317657,0.13297498656926776
13470,Lucas Sims,CHW,RP,4.038832094907753,1.3490875389663703,11.571937750016641,0.54389393736859315,1.1908658328268606,10,0.06157689023940389,-0.18903007334116648,-2.0160217649517245,-1.1972564492458,-1.60396619326343,-0.7935935119961394,-0.9369626302430916
13528,Matt Bowman,MIN,RP,5.512227520309073,1.5132483547813056,12.198341308484892,0.6224963084836724,0.9005171576461029,16,-1.0603628519240105,-0.8792977969615928,-1.7050830494254332,-1.1729294742538197,-1.5786382256443503,-0.8120161462703075,-1.1778124462500714
13580,Steven Okert,HOU,RP,3.7453624596860147,1.2049239140882153,68.31370063027538,3.6357248224130663,4.521254718441278,64,0.17218379775659085,0.3292140810596884,0.7569782021115616,0.2496652024696619,0.7512521450005607,-0.5118473677755355,0.3052963453345906
13619,Jakob Junis,TEX,RP,3.2903753296678455,1.1299981012058942,55.85539632230357,3.6476369583360153,4.148724186748432,65,0.5091379353372464,0.6251144697363445,0.8132731208986728,0.2476844410360512,0.2314571698332041,-0.5337098029848137,0.3314288567668191
13799,Matt Strahm,KCR,RP,2.971527243881776,1.0589036803772247,73.57164521196907,4.500150153398699,21.09613778574557,66,0.7326179691572352,0.9085571852306245,0.8644797337320389,0.6763754877381145,0.9619140795584228,0.9351746903933904,0.8642365646563255
13892,Paul Sewald,ARI,RP,2.9591037439984227,1.0653071681526005,71.1100012014811,4.294264060367328,29.936933212056196,58,0.7464342453077155,0.8814430280959981,0.45345555853901853,0.5758455692837554,0.8634159291570822,1.7129430073258387,0.887828920841768
13932,Dietrich Enns,BAL,RP,4.419187679897336,1.314222041153349,60.01950470364815,3.531057964824323,6.779384271245671,62,-0.3056095688250915,-0.09587466335262226,0.6707001217785489,0.2033295666563122,0.3963888601852966,-0.3273620573009469,0.10819729469984998
13942,Brent Suter,LAA,RP,4.5159104054866885,1.3738985656700804,42.28138926897543,2.375110404780126,1.6748105477963993,60,-0.39302643446297,-0.36448112447182246,0.5488625628802851,-0.31065167517224207,-0.3379618376676363,-0.7629281818061785,-0.24614542938525769
14212,Josh Hader,HOU,RP,3.188719840784148,1.1111386859894932,89.03281062573092,4.4069179456045005,31.48392205309364,66,0.5787160076881512,0.6979648110468687,0.8632734056765253,0.6303887107809726,1.612649018479174,1.8621216609223743,1.0549155025653785
14295,Wandy Peralta,SDP,RP,3.242165888484348,1.2000594557360609,47.16810495481944,3.719863010637816,4.738035888766241,57,0.5552151142267165,0.3461216550091084,0.40258524645710025,0.2937697612575958,-0.1353290279842568,-0.49321135222366214,0.17755719998160097
14332,Joel Payamps,ATL,RP,3.53716232345046,1.1900887140742062,51.940012797554516,3.2904059715570524,8.69266290139062,53,0.3214419075998878,0.3803579240702202,0.19703308527096355,0.13137620076462836,0.07364013267905788,-0.14733384564342622,0.17358959747102298
14416,Yunior Marte,CIN,RP,5.5185331532303,1.561788673725584,15.52486206705965,0.7760892069832321,1.2694443707219367,18,-1.0992085423628213,-1.1086899978409288,-1.6023824840066438,-0.9193971109985624,-1.4397829445100108,-0.7900056924215866,-1.153268697882522
14524,José Leclerc,NA,RP,4.5936586475031165,1.3768852925334165,40.047699695748676,1.674256708441046,2.4260911367815425,37,-0.4674186027958591,-0.35707817716054735,-0.63269081720184706,-0.677674384571592,-0.4303673849746859,-0.6941251351055315,-0.5075891238340171
14527,Jorge López,NA,RP,4.224199637904779,1.3243967862069645,28.76108979859643,2.0408778698913936,3.7987676753516237,32,-0.16250150480868225,-0.15032676490215735,-0.8851257750573989,-0.3961597179329399,-0.8932114682269807,-0.5669564979126682,-0.5023769472426494
14542,Carlos Estévez,KCR,RP,3.053491108631371,1.1353894284010833,63.89922669867789,4.159186702452484,38.271439421438984,65,0.668192362222828,0.6078858132820042,0.8181694293720698,0.5388968979044304,0.5675507133984983,2.452964035334268,0.9424514550172668
14706,Anthony Banda,MIN,RP,3.6511439464025366,1.253022342980213,59.9120795986291,3.3693175116362446,4.551753225684816,60,0.2426222713397633,0.12583251764847686,0.5525683880022413,0.15249792603012569,0.40602708159979,-0.5077802431627615,0.17504566772137622
14710,Edwin Díaz,LAD,RP,2.7096372706590186,1.0386628728689007,91.62176724389938,4.708365432142361,23.249452752217742,66,0.937694280242561,0.9868961416082354,0.8766045836550564,0.761467204598582,1.7299982750944074,1.1420374781864333,1.0807725724684611
14771,Emilio Pagán,CIN,RP,3.750301027854066,1.1842228099251968,71.29495594790937,3.8652344253001747,26.689739615553552,66,0.15954416368113242,0.4151188521362962,0.8512334474055687,0.37149981513850194,0.8603857280962618,1.4238101389877509,0.6904015168287219
14874,Sam Moll,CIN,RP,3.5322059490904176,1.2269226277312377,43.11403772827899,2.4489196424600452,4.5887960913762535,42,0.34913115829001407,0.2290964925909919,-0.36776717075234344,-0.28307400008255035,-0.29911322065801177,-0.5054193293224984,-0.12475818446588129
14993,Scott Barlow,ATH,RP,4.386191768180918,1.4366053418411542,58.75019334191878,2.6519639001912414,5.234557921207258,54,-0.2883505772469379,-0.6003507834032497,0.24899904152231064,-0.1940539108599064,0.3533403492913967,-0.44120070601214606,-0.13405484825275937
15009,Kyle Finnegan,DET,RP,3.7563066996488437,1.2430168472172913,60.33620730522093,4.122904976263027,33.74823253020659,64,0.16480722582009869,0.1618065345313809,0.7539772501985809,0.5007287232155276,0.4154532239987929,2.0442193750109716,0.6896867329712151
15042,Tim Mayza,PHI,RP,4.37291589618999,1.3453317755726757,25.76580691287539,1.5806484301889627,3.695721887835315,31,-0.25943381816376,-0.22335849328815915,-0.9322419021300088,-0.7089585161306369,-1.0191116023550988,-0.586657882482776,-0.5918215215670557
15043,Lou Trivino,PHI,RP,5.146812214393766,1.4972102483784437,20.05562581064968,1.019889057142725,1.9185143390464163,24,-0.8357348847162882,-0.844368868039288,-1.295080936021483,-0.8431473643397557,-1.2532682146475946,-0.7230222354361933,-0.9582420208981915
15047,Austin Voth,CHW,RP,4.387446960091943,1.3236222515405194,7.2854582299228685,0.39605105486240855,0.621653316915541,8,-0.19281369375827215,-0.09713179521382467,-2.1175913048819996,-1.2268523778693887,-1.7825555075102917,-0.849557553820887,-1.0251311519587634
15094,Rob Zastryzny,MIL,RP,4.155841258544633,1.347634180341172,45.021680155410884,2.657317055732664,4.698808559183318,50,-0.09858258927456542,-0.22108423186984885,0.03293071577572448,-0.20681369513832945,-0.22695793780478343,-0.5137254747938865,-0.18787878331374663
15145,Justin Topa,MIN,RP,4.440508852080983,1.3551773528956168,47.611619270877526,2.8014482420035005,11.09874950163972,63,-0.3364728992119349,-0.27622920001146295,0.7150004986136169,-0.07688294191312853,-0.11392127681140483,0.05201302865459817,0.00369452275106101
15256,Cole Sulser,TBR,RP,3.9302749360361355,1.264125332394445,50.43980174791789,3.0259968370847465,4.130684195769051,55,0.04581819530560756,0.09403591861932543,0.28970295026076653,0.0160434730451013,6.082647545335273e-4,-0.5473403312518956,-0.00563328479588202
15507,Hunter Harvey,CHC,RP,3.323610612021024,1.161981029861431,53.57950190948576,3.142520528249806,23.0077031308196,52,0.4803205181974592,0.4965854617266233,0.14887472674498903,0.09445327007485112,0.13430565299040215,1.1017223268151684,0.42156013938953185
15541,Tyler Rogers,TOR,RP,2.7238170992071473,1.1033274832207216,50.378645877571614,4.457756643605685,27.797454898318115,74,0.9133254616177946,0.7413367414446475,1.2778792939264418,0.6256512507826388,-0.00320246097234456,1.518224819237177,0.8628779998891625
15551,Mark Leiter Jr.,ATH,RP,4.183408883802658,1.2804219899300002,72.2322925487608,3.655745976518208,21.855846400448232,64,-0.147630820537381,0.029705097930761232,0.7670476941374338,0.2427706926651488,0.9019032760827436,1.001081631998627,0.485609322667148
15552,Chad Green,NA,RP,4.771639223308531,1.3286789321599717,37.2864275864528,2.203960798579061,5.190292464502569,42,-0.5791756825650194,-0.16400381410082737,-0.3722188765338337,-0.3610051497578156,-0.53652945102356,-0.4461928566777832,-0.3959504880278512
15734,Brad Keller,PHI,RP,3.5806247554842674,1.2227973944601291,66.56912238452125,3.6857722426319732,25.117336143002664,68,0.2774707681205,0.2514102471037003,0.9870203412645718,0.306432785093149,0.6804783842277622,1.290671649913012,0.6562753656973694
15761,Joe Jiménez,ATL,RP,3.463497062183184,1.1650943232298743,19.878601492455136,0.9907473198139167,1.72047172425333,18,0.4186370713782531,0.5218629484997179,-1.6034129698608846,-0.8430202838534354,-1.2542153189012917,-0.7410480598183093,-0.5843096891689785
15816,Devin Williams,NYM,RP,3.4601227860716963,1.1996092112768229,84.79604604959441,4.006765459619927,32.730748090008845,64,0.386636498476547,0.3631676301462146,0.7656078993003619,0.4883120072375267,1.4268592176443096,1.966778537601096,0.9087343847408615
15947,Ryne Stanek,STL,RP,5.1297635908019394,1.4595374558150338,63.758900467504745,3.360373207445113,5.571582498242261,60,-0.8412293143900422,-0.7035322189614961,0.5628872082362153,0.13947012195556818,0.5541586368768583,-0.41868501044624834,-0.09573213749520508
16061,Cam Booser,TBR,RP,4.594235074386756,1.3862120368380622,8.262439065657412,0.4374875163941511,1.285698194052035,8,-0.3265966346991142,-0.3349688454221744,-2.118490077629831,-1.2202709275869352,-1.7376427449856815,-0.7882901016763051,-1.0748420264847625
16122,Jordan Romano,LAA,RP,5.964437656125741,1.5499564900462321,53.11888649380127,2.545213838050935,6.244480169748757,57,-1.4380888407146868,-1.0656732453285884,0.3998681911549694,-0.2513395883802575,0.1199538637971658,-0.35640047336686753,-0.4033424352222075
16258,Aaron Bummer,ATL,RP,5.032681967621961,1.457903086625111,59.34066871230472,3.1361101692686026,4.23971765409373,60,-0.787057223433919,-0.7061236567184814,0.5557045074466441,0.07529185543548142,0.3679389993592598,-0.5296778110679261,-0.1525237090994747
16350,Ryan Borucki,CHW,RP,3.692562409195857,1.2570270410382913,16.273180935891073,1.0086396122448107,2.474750770450311,18,0.2678012179307823,0.13160820865397932,-1.6033332777236695,-0.8467651294261564,-1.409090359523561,-0.6930916364181248,-0.6862477845194888
16427,Scott Blewett,STL,RP,4.854507286316426,1.409232040785339,19.86013234296341,1.0372405381868908,1.329852912965104,24,-0.6273728578659812,-0.496171743226623,-1.29355846802592,-0.8353117393118732,-1.2650180984757524,-0.785570116135294,-0.8729499255168971
16507,Dan Altavilla,MIN,RP,4.11145775682453,1.3781892053090166,28.96897146995972,1.417546731866975,2.951101337012498,32,-0.06488145112859567,-0.3500452949666593,-0.8754155591173385,-0.7577339172664392,-0.8831098418680583,-0.6364641985506827,-0.5772292148963263
16609,Bryan Abreu,HOU,RP,2.853106154212023,1.1045934499404486,90.53919452568374,4.212233353608344,33.47414844205959,68,0.8252929717308015,0.730522179394038,0.9753490748270456,0.5723884961366091,1.6689774148214065,2.030890005067705,1.1447914116554003
16647,Ryan Thompson,ARI,RP,4.003194205658346,1.2928089451209261,51.04622551915639,3.951306803925146,22.978973576846673,64,-0.01744028972727263,-0.02577887695103629,0.7659185216643817,0.4319447443057799,0.03804734050357364,1.0942163392859112,0.40352556914711346
16727,Brock Stewart,LAD,RP,2.587921006758628,1.0286398354426778,51.63980660476112,3.419110826439015,6.516482843441599,44,1.0281862208573918,1.0346989266593494,-0.2565609861983671,0.15443875921638703,0.05918216196241183,-0.33930778329244304,0.29519520598184856
16814,Tim Hill,NYY,RP,4.2952432614415255,1.385883641426261,39.67430163755085,3.026432027892238,4.746141126918469,66,-0.23999064079140403,-0.4109012130588582,0.856754127595401,0.0350596066597991,-0.4384553828335658,-0.4916036673191537,-0.10569872860226966
16835,Brennan Bernardino,COL,RP,4.020683138543719,1.3293499658892363,55.68197467941391,3.073847014538472,4.577121780704994,58,-0.02404521702026564,-0.17946174468403797,0.452760596728666,0.0433789520117956,0.22247960339806533,-0.5120734095590198,0.01550890024927191
16918,Luke Weaver,NYM,RP,2.866035111928056,1.0607106503402477,79.80223104919757,4.588747207384596,30.097156227482365,67,0.8138917026290371,0.904218856948735,0.9128225904487935,0.7141751739306653,1.22073296148268,1.714695613023217,1.0609527274019654
16990,Tanner Banks,PHI,RP,3.672053465000469,1.1841237016865047,56.081051986987966,3.304765470178304,3.231813777688147,62,0.2175964941275601,0.40692436983132824,0.6671078891449533,0.1324918621079254,0.24660284735231255,-0.6161060308473185,0.18599827580078387
17130,Raisel Iglesias,ATL,RP,2.8680824286990734,1.034272889827466,67.56301121345142,4.34938712704727,28.104596913182174,66,0.8046718116370293,1.006606859306102,0.8734494122742078,0.6005840601432417,0.7177585097584158,1.5650787062691929,0.9344150450740708
17170,Gabe Speier,SEA,RP,3.0371951765574705,1.0724434062370143,69.61856741969073,3.883786375053528,7.8838840099681615,58,0.6925116459915155,0.8551198852273989,0.454651496079116,0.41034869957220355,0.8058110550818779,-0.2096768633153143,0.5130785792428219
17192,Jalen Beeks,NA,RP,4.44027620558969,1.3792412390086928,35.25798775710641,1.8839431240534426,3.449594582745621,40,-0.3278016222107255,-0.36669599643007145,-0.47135883957957336,-0.44660579714679416,-0.6142519312313303,-0.6056472606442953,-0.4668301476269253
17282,Michael Kopech,NA,RP,3.3657465491867278,1.188083875984139,55.36133273830828,2.7329635783840938,5.442453030958273,42,0.4494222042078836,0.39736623421708966,-0.3717726733468337,-0.11569728994252328,0.2132808841902012,-0.42843899560178667,0.03860231060877271
17381,Matt Gage,SFG,RP,4.673906610754732,1.4008486424188735,47.813879002323354,2.453201860537129,4.111380720463959,56,-0.5001616353449991,-0.44293673753246054,0.3444193774355213,-0.2894459013374727,-0.11273109682146208,-0.544598242010413,-0.23373624386126185
17432,Jeff Hoffman,TOR,RP,2.6343550139675163,1.0238090409983807,82.50874696906264,5.1537785808471455,35.30392169859825,63,0.9955882421939786,1.049136817572743,0.7178515688114063,0.9698202807698192,1.3285427801377971,2.1675777156616896,1.216628822943303
17490,Génesis Cabrera,PHI,RP,4.982472586949867,1.4765747636022948,15.19506662858516,0.8053733594106838,1.2891318642526728,18,-0.6973370750996137,-0.7454367040272712,-1.6053135401359189,-0.8967091901700364,-1.4510428544415268,-0.7878753453582458,-1.0369582164114228
17556,Jimmy Herget,COL,RP,3.5361789410743754,1.199227718110662,69.53924733415121,3.8812533684518025,23.264787220250856,77,0.3126737757676997,0.3465827506508332,1.4243896608786242,0.4008103992177602,0.7933186558141694,1.0853468655668184,0.7474690056295968
17578,JT Brubaker,SFG,RP,4.54537138384381,1.3801173753007614,46.17467891318052,2.3461661695550413,3.6530452436969734,54,-0.4002497798572492,-0.37075572605806895,0.24881140810159297,-0.3179407618686817,-0.18005137358840667,-0.5977686004162237,-0.24810246187398188
17586,Tanner Scott,LAD,RP,3.0972705434493495,1.1410196898755094,74.5669972145065,4.342567532234388,31.28792350761782,63,0.6357290734820842,0.5851145428560689,0.7176506967369158,0.6204603014360859,0.9968979370522842,1.842798347135259,0.9138165021605162
17610,Tanner Rainey,DET,RP,5.7032220996477045,1.5987669084354486,15.374130438651859,0.589260517298453,1.1522007672059607,16,-1.2040184591382372,-1.237461157412588,-1.7049489137442162,-1.187103267568002,-1.443646765915939,-0.7950980757027116,-1.2378507144625666
17611,Taylor Clarke,ARI,RP,4.013842133429655,1.2467293644180186,49.83218130016101,2.8394369438850733,5.094375517319095,56,-0.01847390751819037,0.1586364191330552,0.34406715636123586,-0.0797279218278567,-0.02481939520485548,-0.4555902289493722,-0.00134232668792673
17639,Justin Lawrence,PIT,RP,5.1343165144747855,1.51907985401494,53.014592459566735,2.7831395065466618,4.960590554264754,58,-0.8499334166405368,-0.9249130265406044,0.45788632354750863,-0.0676761877588285,0.11465251422910532,-0.45885894255642823,-0.27863036380448303
17722,Trevor Megill,MIL,RP,2.4363798015308844,0.9798864848789874,88.81766221173395,5.95563174882743,50.13649155588136,66,1.1379499950537748,1.2332083492635983,0.8734576082296546,1.3348051359700457,1.60727100024697,3.4753222971178186,1.627638009530367
17734,Evan Phillips,LAD,RP,2.6656595507879146,1.0167466622712995,31.644469019337375,2.1023840834516414,4.351225526165532,28,0.9874966886955112,1.0963240146376751,-1.0968603860712125,-0.3694061124878392,-0.7791115128310737,-0.5214053132105291,-0.10481818247431585
17780,José Alvarado,PHI,RP,3.938491346754605,1.2874567267636987,71.52029374314311,3.79377639514158,20.80264054971357,64,0.01222244366344384,-0.0091099718058175,0.7671970949296506,0.3809407221886342,0.8848684545871104,0.9174683171274818,0.5092900204971444
17878,Dennis Santana,PIT,RP,3.1435584402894032,1.1348577352580658,64.23221530437957,3.890643247866047,23.055263894611773,68,0.6019275829298106,0.5983547773690023,0.9800627137694836,0.43148481492533536,0.5910607685796883,1.1139203861334206,0.728990832207691
17888,Tayler Saucedo,LAA,RP,4.209505801398028,1.357860542015895,30.930664486979172,1.6360484435375748,2.9518399455099766,34,-0.15109192515172387,-0.2908289026373499,-0.7812842464584767,-0.6969324818659708,-0.7979708118922708,-0.6337298103682694,-0.5253629219003526
17897,Garrett Cleavinger,TBR,RP,3.21932896420447,1.1423605058226682,80.48644183721706,4.212108197402521,25.428100448408024,66,0.5532506224059275,0.563622163503029,0.8583921005191955,0.5427685418816104,1.2377909051122025,1.3060058127207688,0.864106575374459
17948,Trent Thornton,CHC,RP,3.8872804753469277,1.2264047304897494,27.62528873973045,1.6599332062203302,2.4069016767771245,30,0.100706918176777,0.2454518672343336,-0.9838055353990018,-0.6732253454131156,-0.9417122073339887,-0.6947531111998524,-0.4685794043522242
17964,Tyler Gilbert,CHW,RP,3.9815803149954916,1.2869141101081882,25.791031921458334,1.4245939460996302,2.687311559435263,26,0.02655482532523707,0.022910996654290378,-1.1924792341778754,-0.7609693795573191,-1.016832200197662,-0.6731848194125245,-0.5773612538382741
17968,Brock Burke,CIN,RP,4.048762221368384,1.2854719186436876,56.74739875728691,3.2812435153867656,4.791756400587089,62,-0.05800274326448801,-0.00845081112599954,0.6638948516367453,0.131606481054514,0.27236397103302656,-0.4788054000545032,0.09911279373376322
17998,Pete Fairbanks,MIA,RP,2.9468292851867757,1.103404189434564,67.71152991349562,3.9644137632699485,28.142926284025457,62,0.7549530414137623,0.734039803222175,0.6568909401810299,0.4633649485763725,0.724714840607105,1.5593454451377131,0.8203345229560433
18064,Phil Maton,CHC,RP,3.2639356875275665,1.1439680410590323,71.81934426565802,4.009515745978436,21.707508466120878,65,0.5212727378675088,0.5591497200322615,0.811393373411021,0.4740589545641628,0.8904598300204218,0.9927396579790227,0.7252733213604803
18138,Ryan Helsley,BAL,RP,3.2086137191874275,1.1518663943997494,78.83634354937313,4.723456953828564,39.46376909513009,64,0.5651105837967088,0.5442280840096785,0.7796599066996683,0.7724782328029561,1.198562220163971,2.5522766469014044,1.0803149300526995
18297,Tyler Kinley,ATL,RP,4.60781017258534,1.3565594088704305,63.6903523860579,3.787003897044916,5.774480788035979,63,-0.45241351689318465,-0.285824905957039,0.7226071307324934,0.34083912564379054,0.5606914669727381,-0.4020761703388531,0.09040251236808342
18335,Josh Staumont,CIN,RP,5.369145539978634,1.5846734738074275,11.087287545793641,0.5048454585464153,0.8764811239548769,12,-0.9731777222839472,-1.1445607651293628,-1.9103023811473008,-1.2064634028284065,-1.6234510172112462,-0.8123533549745209,-1.2538441104511004
18337,Nick Anderson,ATH,RP,4.462956579812286,1.3163532345443556,20.35165586177415,1.0668661231301244,1.9370338084403942,22,-0.30708481679970867,-0.1143418478163965,-1.3971713189789985,-0.8345970588209997,-1.2404642992356645,-0.721726655696739,-0.7662728500908873
18403,Enyel De Los Santos,HOU,RP,4.27729740817822,1.3073372269370123,57.301182986914185,2.923967396702918,4.283152890739692,60,-0.23158573231369664,-0.08150100068923395,0.5602731296471698,0.01808106090800743,0.28875227695705297,-0.5252528012096587,0.00737847514710938
18439,Danny Young,ATL,RP,3.8503699336019945,1.303731620334047,23.08581362932768,1.187867014402261,2.6898687418251956,20,0.14342546740346268,-0.03973925610974951,-1.500467015269584,-0.8054961766688917,-1.126879064499562,-0.6742163175365121,-0.6545329673950051
18548,Sam Hentges,SFG,RP,3.3698373610894192,1.1597636887413922,47.75036327645219,2.4518450511630903,5.062568440821224,44,0.44690348134667823,0.48723097786051417,-0.2612067800346489,-0.2734834735853125,-0.11139252043478222,-0.452320472752319,-0.00421312754290978
18655,A.J. Minter,NYM,RP,3.035311717600738,1.1099010555672022,60.55572993584279,3.740922604084921,7.361701431431842,56,0.6940745691475252,0.703652942964744,0.34491046281400356,0.30772917352150114,0.4227177617978142,-0.25903567911390224,0.37902672803883375
18694,Kolby Allard,CLE,RP,4.191097859462648,1.3186117779195732,10.961867973008944,0.6199784728248015,0.83024368414341565,14,-0.10590886620314584,-0.08763154795396996,-1.8090951703991545,-1.1756986665344034,-1.6266060815199204,-0.8139457688891015,-0.9096912974811088
19178,Tommy Nance,TOR,RP,3.8060705000205792,1.2250596166254797,56.688502351282786,3.1151925483531855,5.32327599078535,58,0.13228194334067517,0.2554780344749021,0.46098249368570826,0.05084894728619953,0.2607187196119554,-0.4486118710654245,0.13057809737351028
19222,Lake Bachar,MIA,RP,3.7770172068990333,1.2583340409631478,50.02821513674374,2.725857061081052,5.097268208050432,48,0.16753119810425243,0.11277944091111194,-0.05476997428051036,-0.13306757061973373,-0.00933384760146543,-0.4507895021578231,-0.04969798615651077
19249,Seranthony Domínguez,CHW,RP,4.286033625070132,1.379420748446615,66.51056057430725,3.22246541819293,17.676099522056415,63,-0.23776877827835735,-0.3777810023453787,0.7122683352001021,0.11744453966461749,0.675634400678294,0.6431411568384635,0.27086788201143863
19261,Ian Hamilton,ATL,RP,4.253735314054569,1.3646563022151241,50.72109557172584,2.3816734725300575,4.719024293541482,50,-0.1858372944759341,-0.30958734426894596,0.04537153638993545,-0.29204086676240176,0.01434929090682163,-0.4934812835066769,-0.17945934171789785
19274,Jacob Webb,CHC,RP,3.800533583852028,1.2556675511639541,50.39516287051942,2.7657824059731113,4.7190242740069355,54,0.1353119506380665,0.1361529185702515,0.2615765927969368,-0.10199860533653118,0.01017433454941818,-0.48382104693479655,-0.00257551294522871
19320,Joey Lucchesi,NA,RP,4.14243266799782,1.3088087921864984,35.094260163051665,1.9546305884261068,4.094972273615328,40,-0.10404805264453892,-0.09619269830164448,-0.4773154310991696,-0.4283375317332663,-0.6339495857128161,-0.5413645704435036,-0.36460718629109096
19330,Matt Festa,CLE,RP,4.118216707781118,1.2825818909763036,56.75309570763236,3.3712979489824906,4.277937928104221,58,-0.0882799666134439,0.02419170156592915,0.4577916065767572,0.1548207222288716,0.25963406362092484,-0.5270497995180996,0.06512559688349819
19337,Richard Lovelady,WSN,RP,3.7711159282422226,1.2671533239111132,49.27643940812494,2.7905561846268565,5.802466174098728,52,0.14935584020038034,0.07745422324461396,0.13949822600793943,-0.06810705516506457,-0.05241680824841449,-0.3930658708739389,-0.01440616521796863
19343,A.J. Puk,ARI,RP,3.5100037775549344,1.1615779997142974,47.204208203815725,2.613259802905961,4.081174565818543,42,0.3439009864001741,0.487837992117357,-0.37630362448540133,-0.2154862027910014,-0.12932020074228995,-0.5361694979867766,-0.04844964087367134
19349,Caleb Ferguson,CIN,RP,4.303321659108442,1.3463590167548192,54.93061795954555,2.8999744270890666,4.404357251593625,58,-0.23577938489584932,-0.24261358732341903,0.4544643556998237,-0.00431129841950989,0.1978559630240095,-0.5164046692407536,-0.0467703862150945
19360,Lucas Erceg,KCR,RP,3.353456824428418,1.1769754102564849,63.61346609742361,3.908417617474043,24.932591946191938,62,0.4533150258065438,0.43811878525859094,0.6763502554801794,0.4415375787689919,0.5615039704218066,1.2714338211644662,0.647806868328776
19362,Keegan Akin,BAL,RP,3.6684381619283917,1.2203599537091816,68.90335607395286,3.854755677276686,23.24149448784502,66,0.23107903257490855,0.25706108319799514,0.8665503638843106,0.4046106994048558,0.7789537400431576,1.1262738160259205,0.6233168517561494
19403,Colin Poche,NA,RP,3.5336502726458923,1.2260322768441358,28.85624108635422,1.7114750413577124,3.779367237880438,30,0.34307793292684546,0.2403925024463369,-0.9801092926426188,-0.6093425286939129,-0.8792582598577015,-0.563864231478417,-0.3883156052660684
19444,Yohan Ramírez,PIT,RP,5.722125910553645,1.5551474395948104,51.252969354559234,2.324070024383366,3.6550667771976197,56,-1.2724257691643377,-1.0920188693028046,0.36343113071466593,-0.3165588885335844,0.04986700812093894,-0.5938900821300594,-0.4551769845603366
19459,Jorge Alcala,TOR,RP,4.803531685730961,1.413260582630149,17.747237586417544,0.879459203794775,1.4793322622616294,18,-0.5583579013159381,-0.485008587343868,-1.6041445736258262,-0.8750619085755489,-1.3482886403708232,-0.7760210449368943,-0.9382193769787216
19481,Tyler Ferguson,ATH,RP,4.381929590598535,1.3874840014226115,43.92944065111596,2.178136321394314,3.3636542197123807,42,-0.2985336467139679,-0.4026257569345536,-0.3655726341218779,-0.34944225882668994,-0.26491940818233095,-0.6097749104690884,-0.3654167284487493
19531,Jason Foley,SFG,RP,3.0852861261368596,1.1593765796223154,23.895030324743573,1.7588883767726429,4.419955498294515,28,0.6818494360279251,0.5316656046658551,-1.086939663554121,-0.4819146532361831,-1.0904952317064818,-0.5153901385266204,-0.3236804012989467
19569,David Bednar,NYY,RP,3.4134913632082897,1.1757831537492383,75.31638746713027,3.9676959794270843,31.308255205228754,65,0.41319032887808466,0.4421270366676667,0.8090481349011223,0.45860961583486937,1.0229735553508463,1.8336355764397136,0.8376717235677669
19574,JoJo Romero,STL,RP,3.136798265124927,1.1702193383293158,62.47185263879489,3.999268748111991,29.129850789571258,64,0.6177619725550285,0.45862909711105954,0.7554975841372211,0.4638151034617066,0.4949756488637749,1.6427445169380537,0.7466624444171646
19614,Cionel Pérez,WSN,RP,4.964066070693481,1.520684813853439,29.01070183357386,1.5835886197625078,3.030533245255055,33,-0.7118017303067949,-0.9224849958111498,-0.8303233455964614,-0.7043377129426429,-0.8818796030155418,-0.6264491613337748,-0.756132132287938
19618,Jordan Hicks,CHW,RP,5.3999811268354065,1.5467209166623153,49.229621062137106,2.4880404110559233,4.377464153229644,55,-1.0517440128074829,-1.0480444035739294,0.3000890021778442,-0.2715508863442889,-0.049191753021171,-0.5208874241514082,-0.4153002150426739
19677,Gregory Soto,PIT,RP,3.997157445339802,1.3171986880203286,66.9603795614223,3.572887092336898,23.703690370734233,61,-0.02685730347529947,-0.1392412124604389,0.6179602420081773,0.23523605292264588,0.7080507692679523,1.179047620098442,0.455128686754488
19742,Anthony Bender,MIA,RP,3.397616503162759,1.176840007615108,62.773118532328795,3.8589209935631343,7.923784160576072,61,0.4264116851223171,0.44208870240235254,0.6060935055586287,0.39970857293269946,0.4968034379837401,-0.21037266806184912,0.3736197863750397
19753,Jonathan Loáisiga,ARI,RP,3.911135399695374,1.2844911229424216,30.05242613906644,1.940754056492896,4.251207658486802,34,0.06418271849301399,0.01221932228870286,-0.7875168168204163,-0.4314822744514304,-0.8436986594305593,-0.5317562594370218,-0.4100935386597867
19769,Will Vest,DET,RP,2.9139867865218245,1.068954173775565,72.8344023015376,4.588323798439163,25.538278717837493,68,0.7833379433476828,0.8734704419589514,0.9808208301956584,0.6975912094486368,0.9423337509877447,1.3272599696340914,0.949532034112754
19795,Keegan Thompson,COL,RP,3.8339122496557856,1.3245370736292716,42.66484597281553,2.1321547242232137,4.497840082072503,40,0.12135184199528358,-0.14883840789823238,-0.4729138748449814,-0.3695212931357458,-0.3157427308584494,-0.5143875111038738,-0.27208164108523364
19804,Bryan Baker,TBR,RP,3.7412709817975682,1.2069625938436501,69.13149405474623,3.6566086712921027,6.701614800833843,63,0.18776920613032985,0.3163496267438723,0.722698587453765,0.28691477478715544,0.7863109070069616,-0.31545978895136184,0.34240097632431915
19876,Kevin Ginkel,ARI,RP,4.615162875058527,1.3542056628143864,57.52363056910222,3.0559227004308807,14.397177328125432,62,-0.4574916912220552,-0.26689615776444997,0.66687212327288925,0.04945246277630875,0.3053402490139738,0.3546390311363886,0.11243741550746442
19891,Ryder Ryan,LAD,RP,4.7334921275652855,1.4402622368652935,8.95002122918076,0.45860985967404516,0.8253524591022534,10,-0.4707575437431321,-0.571656352606547,-2.0153078954810475,-1.216634325892201,-1.7112822298838164,-0.8190715293767941,-1.1159847874447104
19924,Bryan Hudson,NYM,RP,2.7762825738000667,1.0509238922341901,50.479302494482276,3.0937529803667143,4.7913832322554555,48,0.880457783530451,0.9321055425987544,-0.05862042832519776,0.06843019436295009,0.0099612221871159291,-0.47606484171449026,0.2310088981809116
19926,Tony Santillan,CIN,RP,2.941446181728923,1.1042303086767857,83.14261034947498,4.255309059148932,32.258868598749324,70,0.7659891886992767,0.7315334682965223,1.0689275361129211,0.5687447411188211,1.363068663960691,1.9112907895245703,1.0920660418193442
19976,Tyson Miller,CHW,RP,3.0396420069185512,1.0921568850151442,12.300512094910214,0.7805359569530851,1.2276569663664612,13,0.7481306358345445,0.8524426173799646,-1.8585128288711377,-0.9119675084776352,-1.573075325463794,-0.7912532615158944,-0.6008366603821964
19996,Dylan Lee,ATL,RP,3.2375813864308296,1.125322742288794,68.03424401830692,3.706094190502008,21.662855947531522,65,0.5368292713002394,0.6396484756057792,0.8186824430952868,0.3274309006388476,0.7435378760050253,0.9792495206274604,0.6831318362031886
20020,John Schreiber,KCR,RP,4.053424493168027,1.282182005751203,60.206622154454685,3.4741315742011865,6.887302498556017,64,-0.06115883448262482,0.02170325878630599,0.76378251667043,0.19007228326404463,0.406991871590327,-0.2999114757460419,0.19290237532870344
20023,Rico Garcia,BAL,RP,3.804410460550799,1.2345871684216072,55.71333799317104,2.984094848581254,5.420449938407348,56,0.13699784818488409,0.21909542617985295,0.35621988991382614,0.01438617469309803,0.21355525087582145,-0.4320023121415213,0.09141707297991795
20039,Adrian Morejon,SDP,RP,2.924568112610397,1.0922872564591568,70.5865168597961,5.285048868240769,24.326352939625945,68,0.7684931637119279,0.7682121160082628,0.970629352819578,1.0410130995971412,0.8503972955151253,1.2328044484633516,0.950127724686118
20045,Sean Guenther,DET,RP,3.633225967282187,1.2191253623933864,15.717977022229451,0.9990085629070105,1.5439620305240938,18,0.29973815565359985,0.3052140355209505,-1.601933961657935,-0.8451910224586232,-1.4329734440443112,-0.7728666545950491,-0.6724020131524833
20061,Kaleb Ort,LAA,RP,4.568024302976994,1.3932471053279645,22.16965401877836,1.1129787279105785,2.0590128337135556,22,-0.39718877886794707,-0.39332254558594926,-1.398325396326774,-0.8221178421530878,-1.1660969445677467,-0.7151354542234121,-0.810073859825915
20116,Calvin Faucher,MIA,RP,3.6008769016629056,1.2401806794816759,68.30854370956034,3.7277043057514527,23.65527408046661,64,0.2651138470372134,0.18331498015715525,0.7593052600326538,0.33023875329014696,0.7428768169760629,1.1604706472850226,0.5944951252282865
20160,Nate Pearson,HOU,RP,4.199181831199771,1.3226980028945174,54.330241585188084,2.797076707502129,4.4468708596593505,54,-0.15963245366477508,-0.15144823357443987,0.23732945394840077,-0.08914877753868661,0.15764545051183626,-0.5181367264881396,-0.07233955723964636
20185,Zach Pop,PHI,RP,4.204278204589904,1.3381684785840984,42.97699081911697,2.649213741953377,4.042267595331206,52,-0.16623640105521975,-0.2011131795004331,0.14861734952644623,-0.1829997364778124,-0.2981085510556012,-0.5386180734684226,-0.1833846342899585
20191,Garrett Whitlock,BOS,RP,3.4604365724347517,1.1528030207695044,71.3918253717645,4.162078706798785,20.67066870370292,70,0.36499186853277976,0.5358076275407809,1.0654713671626006,0.5413762287466017,0.8742667915869983,0.8985553716340404,0.7285706484187926
20203,Eli Morgan,KCR,RP,3.571754669658701,1.1866827068524162,27.45757850115505,1.5339296656897934,2.3473977187447295,28,0.3094130128304428,0.4241864967886787,-1.080259163270104,-0.7221526927204643,-0.940933513411826,-0.6962215700966867,-0.4275793201896359
20253,Griffin Jax,TBR,RP,3.091222298947274,1.0743066704489528,81.81897481940106,4.761075897397303,31.38443484105224,67,0.642399040655294,0.8483924900662564,0.9140422576101522,0.8092380576692041,1.3046259164490237,1.8320964105345736,1.0687174030036042
20271,Daysbel Hernández,ATL,RP,4.1372566459461115,1.4009285387362354,41.933628983828335,2.1397156266127695,4.066653159408786,40,-0.11235273196290756,-0.45578220713319906,-0.4693292998350175,-0.3643966517386326,-0.346595941607814,-0.5399094404174906,-0.3675813849256253
20348,Riley O'Brien,STL,RP,3.3988021973458586,1.200426974535323,65.55434207061761,3.731892359873506,20.64977393329108,63,0.436838866536032,0.3404823279111104,0.7121620619783058,0.31891625392523515,0.6321466242928744,0.880543825957117,0.5685280499532919
20349,Zack Kelly,BOS,RP,4.064964979811661,1.305724751263677,59.14476228581038,3.258830113565502,6.409712413651183,58,-0.06363789284014029,-0.06395516720329399,0.4527236319356699,0.12603081910589103,0.36546039393541424,-0.3479781262686558,0.09401928511817945
20353,Steven Wilson,TBR,RP,4.647081745469843,1.414200926064145,47.936386360493486,2.4058414659831824,3.9290632099118166,52,-0.4700501056990906,-0.5161271749757299,0.1417394869697046,-0.29180433569071385,-0.09987374678329287,-0.5480398535967059,-0.2807151750178217
20373,Andrés Muñoz,SEA,RP,2.7997794690684543,1.1048013719557097,81.88661807609633,4.028267396425255,32.26263422513207,64,0.8560984625726873,0.7234994620325914,0.7671880033513792,0.4903567548305936,1.3181336919983284,1.937194394674392,1.023027610628554
20375,Greg Weissert,BOS,RP,3.615365255993404,1.2215866094289949,58.36373894744384,3.704344999578816,6.178675808982463,65,0.2752500489910009,0.260331661057428,0.8250932104253523,0.29195312178580307,0.33852263427416773,-0.35876416396268573,0.2854766324234308
20385,Isaac Mattson,PIT,RP,3.6570182613798456,1.2359449520529657,63.339842713783554,3.355649004690575,18.423922418716735,64,0.23657191748334175,0.20117223197703793,0.7654354443298841,0.14879971223027347,0.5350247435517046,0.7103817725194735,0.45487319058526976
20418,Josh Fleming,TOR,RP,5.045808007844076,1.5049448311034506,5.594343600837544,0.38260192907856067,0.47581133013622096,8,-0.6738094148591167,-0.7915422570856074,-2.11884616463995,-1.2300878780268496,-1.8502067731623888,-0.8630113262985015,-1.2324822396459063
20423,Ryan Walker,SFG,RP,3.308527320619927,1.1492647872332342,68.04267313937407,3.9738758995104253,23.813743080471635,63,0.4779204386918785,0.5457910814999025,0.7091818647067751,0.47847344667000336,0.7323908322555466,1.1725934965683784,0.6884109975664405
20517,Nick Sandlin,LAA,RP,3.7023463604877147,1.274995614840748,42.52728011986108,2.3227731550293313,3.8666699046189166,40,0.20791706014910744,0.04861551332566816,-0.471038973761728,-0.3083731160639803,-0.3275887230217875,-0.5512161501347157,-0.22102628078427913
20539,Edwin Uceta,TBR,RP,3.189457991798601,1.1066890019372961,84.69637208331494,4.155347400725505,22.09570441905043,68,0.576132664531718,0.7205099584996978,0.9870486255068628,0.5422013988093397,1.4483629344855045,1.035249816185964,0.8906668310661598
20546,Grant Anderson,MIL,RP,4.033426641565962,1.2954687309986879,56.480691256684025,2.980267970174297,5.326411900919981,56,-0.03580804361404831,-0.02912782981638004,0.3597992859063106,0.03825467573826932,0.2703648966496031,-0.4346372048345865,0.03852085629957466
20629,Tyler Phillips,MIA,RP,3.6223474040072614,1.2256731433947776,56.29104363538628,3.5378873539310858,14.799034195119114,68,0.2604473972712904,0.24055821893505236,0.96232965608286,0.24822022388138296,0.241718787918001,0.3875402571591936,0.4079301608225911
20666,Félix Bautista,BAL,RP,3.056317340955456,1.1357129042301013,16.969152762047084,0.8633709441062309,1.9688086838801817,13,0.7258012331780569,0.6151261113277555,-1.8588470877432428,-0.8802161861590714,-1.379142332284319,-0.7161283800378758,-0.5814415069804044
20794,Manuel Rodríguez,TBR,RP,3.233508007498586,1.1417986117044652,15.094808772072058,0.9507063288446996,1.7865992386016327,16,0.5839307375840397,0.6174238607030902,-1.7058841343751476,-0.8519540298952075,-1.4615388666319715,-0.7334716799500973,-0.5934168607999019
20997,Eduard Bazardo,SEA,RP,3.4600503754885983,1.1534061853508495,72.49520885797303,3.915497143951601,5.481674338859171,68,0.3664491553522199,0.5310580615131875,0.9905316774440764,0.4418603875513001,0.9365076660144048,-0.4220226647607838,0.48276854484112114
21029,Jhoan Duran,PHI,RP,2.9224056986666085,1.0986376312910324,80.96265893025156,4.795265153995279,32.878386462956705,70,0.7611806308556988,0.74717018257876755,1.0752722006094109,0.8272587020114852,1.269672518095216,1.982438800535139,1.1174331369735964
21045,Seth Martinez,BOS,RP,4.3996295335215585,1.3608198091625923,22.540058040962613,1.2694709553907149,2.0497391644181566,26,-0.2946024345626422,-0.2683556211289521,-1.194200822560664,-0.7903267275190764,-1.1516303486399542,-0.7133846770299295,-0.7232376531305855
21132,Alexis Díaz,TEX,RP,3.455272222107092,1.2619621777861123,63.202024731200694,3.471703062985253,7.2166869574106105,58,0.3786372142383731,0.08821486333175951,0.45147709371661904,0.19876492823409384,0.5421870593829443,-0.26847045979355,0.2559675246936447
21205,Connor Brogdon,CLE,RP,4.566662957208522,1.376970716297558,47.946358180795656,2.6610419472468863,4.686739524720587,52,-0.438907534145028,-0.3535979670934754,0.1370955155679755,-0.18508154812705027,-0.10641260684516518,-0.5024531711150481,-0.21297852338843049
21267,Jake Bird,NYY,RP,4.58446851396757,1.39438584346627,51.16311948647801,2.7310658296637675,4.476153370150862,53,-0.43998456020986065,-0.4439438973154726,0.20348746391404543,-0.1237557979404263,0.04574213062004989,-0.5134685915291253,-0.19288687583097047
21345,Bennett Sousa,HOU,RP,3.3578942433395804,1.1774729582448205,51.04831082207602,3.103820831744379,5.013584385859472,50,0.4519305158359218,0.4375254621285009,0.04314485273152046,0.06569755741652195,0.02770008133778927,-0.4569163848445026,0.1064715426131972
21420,Yerry De los Santos,NYY,RP,4.055031559869855,1.3387856835029392,30.98018147708155,1.6796573112498554,3.154828816233801,34,-0.03711139173667913,-0.20469954397083792,-0.7838981158199252,-0.649525260633995,-0.800540999044204,-0.6210337684694087,-0.49164402028736265
21453,Konnor Pilkington,DET,RP,4.105412086505401,1.3844534615595148,12.039764800344756,0.5466262192893726,1.1057243786244755,11,-0.04549172759449418,-0.34226342021542944,-1.9659323145703784,-1.200318354980633,-1.585723251279536,-0.798717122786845,-0.9652147573340976
21461,Cole Sands,MIN,RP,3.56340552614674,1.1822712534915525,69.3669713830038,3.8388244370486397,5.959086942248028,68,0.29351248309476796,0.41731758314744855,0.9694836732907252,0.374911640833818,0.7817527193021205,-0.3721705331876637,0.4254312972423572
21520,Hogan Harris,ATH,RP,3.976863245794651,1.296810443765869,64.14234851747723,3.4000769403104765,16.158468403317627,66,-0.00932682480057128,-0.04355713938437006,0.8565676108159127,0.16456558995600024,0.5806902487031188,0.5054530551089029,0.3572806463634189
21527,James McArthur,KCR,RP,4.026758754057345,1.2895126296843589,35.00093085775464,2.163600533158128,3.6215835478653826,40,-0.03347093513604378,0.00513077833428763,-0.470003890589334,-0.357072254249397,-0.6282629348809627,-0.5887747790829349,-0.32977869244450003
21537,Daniel Lynch IV,KCR,RP,3.878752194665945,1.298924702285076,49.96115365154767,2.884178473591579,4.9092690122436,59,0.07625830866114289,-0.05446600274956215,0.5014688322330785,-0.0085189477616352,-0.0155483551572671,-0.4650600780418523,0.01412106667506173
21544,Chase Shugart,PHI,RP,3.751807283832595,1.2687477420031614,38.172716540236124,2.2817007758544228,4.087766820632556,42,0.162989978371102,0.05616971320028992,-0.3706179959801312,-0.32505663067030865,-0.5080411029134753,-0.5406834318688123,-0.23135794754113115
21546,Justin Hagenman,NYM,RP,3.9681316314051758,1.263180961154709,24.079331542614877,1.379565872320674,2.0567120398909773,27,0.03927581919574818,0.13419145522133663,-1.139011529084085,-0.7701410756558502,-1.0938089065663077,-0.7139453968106249,-0.5751034187551325
21574,Brendon Little,TOR,RP,3.593814998728388,1.3098024722191433,61.71105144995739,3.134343817788105,7.788610702858348,54,0.2908004843672438,-0.098210650623324,0.24543308994806656,0.08336251191625152,0.4670240255902314,-0.22426583747697243,0.13893572441808977
21584,Tristan Beck,SFG,RP,4.185808764904811,1.3169245127743223,27.44370363273295,1.5686538291306948,2.4136474417054643,34,-0.1592175055098135,-0.11374278427641372,-0.7727187866242708,-0.7155160232728888,-0.936552185384685,-0.693197728014673,-0.5292752138418173
21623,Grant Wolfram,BAL,RP,4.7106999599135975,1.4328408655626772,44.44506529697039,2.185211010069566,3.6622410381118073,45,-0.5222401638784706,-0.5688608874240704,-0.2078133607363384,-0.35449710864271167,-0.24468736224046808,-0.5872565051482357,-0.4021426802186513
21662,Elvis Alvarado,ATH,RP,3.76950400375525,1.309749782307824,64.31678760506475,3.0189814880080896,5.65686604578439,58,0.1562690691973756,-0.08824840896300329,0.46324069452509264,0.05191795001716307,0.5764432975360776,-0.41426120192685945,0.12867074312230914
21863,George Soriano,STL,RP,5.124514938431915,1.472856495828454,47.69590929570044,2.0476479992582433,2.9032862408924993,50,-0.8475580743124924,-0.7552488758515701,0.03779817785826768,-0.3859153340781686,-0.10822386137616195,-0.6404186236033307,-0.43974291311469904
21924,Juan Morillo,ARI,RP,4.23386677201375,1.3802486745902631,31.193952624864835,1.5218473444800982,3.177631355296949,30,-0.15929523462952763,-0.3702081732342385,-0.9831999834542446,-0.7346830322548263,-0.7926631724382944,-0.6203171255686115,-0.5825267117717903
21951,Joel Peguero,SFG,RP,3.2253686038823073,1.1805626546573442,67.49518758367762,4.22328497696589,28.149937092469717,64,0.5579017800721024,0.43798460433175,0.7636067965385862,0.5559231783196088,0.6992830550082721,1.5159401559552474,0.7708867198900551
21992,Camilo Doval,NYY,RP,4.049649206274728,1.3572151380607462,68.78566464417564,3.616129789335797,22.692364414067846,64,-0.05201225074493382,-0.2905049581580096,0.7775633692470547,0.26093120028858124,0.7689751353206524,1.0937267709604903,0.44313030044177826
22051,John King,MIA,RP,4.6019753686531715,1.446950085882685,33.76464136233188,2.407488727639291,4.133682211426624,52,-0.4625358768317861,-0.6351358293613903,0.1403430678400912,-0.2924355479994573,-0.6865654862267159,-0.5358104735966643,-0.3882272328935347
22113,Cole Winn,TEX,RP,2.9598728837512196,1.167630322440551,64.11084689551205,3.48275169329586,20.01964434227136,63,0.7580405943738208,0.4770057483191464,0.7132665785076784,0.2014377085295878,0.5732333670635796,0.8305818418446782,0.6113370865041051
22200,Ryan Rolison,CHC,RP,6.067586891408735,1.6311667246866886,10.973837458418478,0.5415788101355206,0.6655049494845535,15,-1.4973034876807612,-1.3460906066317584,-1.7573622939021436,-1.198416997167,-1.6290027011328507,-0.8428103394161293,-1.3483207864352045
22207,DL Hall,MIL,RP,3.9723367754958216,1.3170227344133671,46.71324127248332,2.4826094093409155,3.524360598683412,52,-0.00360446253451314,-0.1221057884838168,0.1495248983002111,-0.26995972813985847,-0.15534948468328116,-0.6014836493747538,-0.1412957678063012
22210,Jeremiah Estrada,SDP,RP,3.0557892899034487,1.0831096519408652,96.81481390710758,4.95531630842114,8.9106098126162,70,0.6714693699188781,0.8073317881605626,1.0680784175678184,0.8860207781130438,1.915402569626884,-0.1194065971619985,0.8788620086469898
22288,Mason Englert,TBR,RP,4.228568193290273,1.302838370375701,52.26685062286427,2.9072739246174684,3.3088729850678105,60,-0.20087025468043448,-0.07376063614250453,0.5471134392199795,-0.00629960618213152,0.07924613725862173,-0.6142305593962805,-0.02844570760747244
22304,Brenan Hanifee,DET,RP,3.6123617842524913,1.235972873308933,46.15959319477094,3.123837272454561,4.655506611345815,58,0.2750352693424361,0.19565720550658905,0.4581705335174846,0.07614924694853871,-0.1692352568636614,-0.49806363627854144,0.06879306416523584
22361,Colin Holderman,CLE,RP,4.5375737475701134,1.4306936214176773,38.76260806192187,2.0607331448607367,4.609496987921589,42,-0.3938052182873701,-0.5870912984372789,-0.37399737274704914,-0.38618081870101656,-0.4815472903694196,-0.5110583810686338,-0.43975833406321296
22533,Michel Otañez,TEX,RP,3.426921594608699,1.3031148018495973,29.90729637242904,1.3570559206707202,3.4899010508121004,22,0.443395874367153,-0.06095247834202551,-1.3964727211223416,-0.7734129373273901,-0.842820389400885,-0.6026543133352775,-0.5162427508932458
22713,Carlos Hernández,CLE,RP,4.908557976072663,1.464279901374045,16.734492030439007,0.85151029136387,1.4445074775626483,18,-0.6391774890366246,-0.7127212720702336,-1.6086796618434267,-0.8847936654993243,-1.3947870790386612,-0.7785898790815495,-1.0003941518292736
22717,Angel Zerpa,MIL,RP,3.990673307420389,1.2935353773799825,55.644827952941114,3.29024054896545,4.994596032516497,60,-0.02049674149616208,-0.03886201682833164,0.5597525377930717,0.12720844288931588,0.2215647253292544,-0.45600533800191023,0.07924741340003921
22915,Carlos Vargas,SEA,RP,4.032809355398522,1.317143533871834,46.80479517534718,3.0134717795147914,4.086815441636398,56,-0.05268656601553075,-0.1195162690753832,0.36544847742196174,0.03980522350406196,-0.1416099151843706,-0.5369534673188943,-0.06934444498660712
23150,Osvaldo Bido,NYY,RP,5.673484046229404,1.5643048580875483,13.291917941646847,0.6669446374199456,0.8692081067633364,16,-1.1978999093808642,-1.110004828373356,-1.7053080444747937,-1.1522907711769572,-1.5332180815872212,-0.8120868190548156,-1.2257791319315825
23165,Steven Cruz,KCR,RP,3.582895707143208,1.2724986992221783,45.33519964148563,2.5732969064984643,5.88183330998581,45,0.28874400820615487,0.06226481801692922,-0.2237852300804553,-0.23665365871377125,-0.21414972858281295,-0.3852886880322871,-0.0928627149688102
23237,Juan Mejia,COL,RP,3.8814039977661654,1.288024720749013,69.5524312913441,3.3456562418746665,15.467349002951853,66,0.06283266266495599,-0.01066181932317594,0.8637292195183691,0.14057789535047588,0.781340435913882,0.44326096041576785,0.3988932887587471
23307,Collin Snider,CHC,RP,3.554102872710225,1.2352458258082204,9.246619137053996,0.609638657698985,1.3298176465340652,10,0.4036125064115007,0.26549619761713783,-2.0165408208444044,-1.1784794555768103,-1.7008481839954654,-0.7859419331473103,-0.8125303096632936
23313,José Buttó,SFG,RP,3.6519924160083193,1.2907079623190727,60.32022488727622,3.219548328923373,5.8125834476843155,61,0.23207487400810703,-0.0345428020451563,0.6144851687852926,0.12091085235724512,0.4112946473652036,-0.3892057589386579,0.17201255161446538
23363,Robert Garcia,TEX,RP,3.6052894969872855,1.1929510089491295,68.33715973943853,3.6282561740655175,20.542866795682652,64,0.2707298907905181,0.3595388495746936,0.7691155502215881,0.2896046697992344,0.7546016430602046,0.8867471565382878,0.5757134083175852
23394,PJ Poulin,WSN,RP,3.88067102920386,1.3123281165271452,64.5124529834758,3.221999333711101,21.25715835916679,61,0.08225440276116311,-0.1070226760947115,0.6015202175751713,0.1014205646854209,0.5635892260790323,0.923279908968689,0.3679282109879251
23426,Max Lazar,PHI,RP,4.50610303104683,1.3831592142351912,29.75819044906081,1.6879401154474585,2.155041602348569,38,-0.3903591385453736,-0.3792003898077933,-0.5732280731898955,-0.6295692679553174,-0.857315997008904,-0.7081193829738942,-0.5675170278772732
23455,Hunter Stratton,ATL,RP,3.6624946753676664,1.243151815970855,27.542883444072302,1.6573705880733485,3.005793328572554,30,0.2557846391338142,0.1836061881199179,-0.9834417044652616,-0.6758035382363998,-0.942664748325834,-0.6282246647343068,-0.44182783837773554
23488,Ron Marinaccio,SDP,RP,3.8506638138198626,1.3387171315278565,47.270339297166345,2.1721464256156477,4.679357471534504,44,0.09003557899513392,-0.20368196551638065,-0.2654482678467145,-0.35566422975866213,-0.11624961037222543,-0.503188443456116,-0.2101767349435299
23550,Aaron Ashby,MIL,RP,3.0068575208792367,1.1024150979707628,74.87196428122114,4.461063872200837,26.19737026011799,64,0.705956262161045,0.7403405306068194,0.7718547297705305,0.6787289978166176,1.0338636807404276,1.3873362112237269,0.8971151470253049
23899,Valente Bellozo,COL,RP,4.628151334175074,1.4018568572598964,6.077344859834793,0.3130107995713619,0.3632385837645809,8,-0.3655401560709949,-0.3968333439276117,-2.118606198856061,-1.2373004630025577,-1.83188304319587,-0.8686508460933615,-1.1302922922711482
24017,Jose A. Ferrer,SEA,RP,3.805735243736629,1.254757978248951,62.65311431715698,3.9818921091005377,27.380125352362025,70,0.12646916296257982,0.11041816884703227,1.081483142843226,0.46082740209669926,0.5244209690712891,1.4975525313100424,0.6453379248142893
24453,Justin Martinez,ARI,RP,3.1564439039515206,1.207218717887254,26.42700383901094,1.4520131837138108,1.8032762006043919,22,0.6176091178624333,0.33299304536793706,-1.3933396781528566,-0.7527225423395436,-0.9836917506460314,-0.7279765739333304,-0.4643251389368936
24581,Lyon Richardson,CIN,RP,4.702767416131891,1.4630561849860957,19.568623623357997,0.9345568137395626,1.4292824813869125,22,-0.4807399261389005,-0.6941069242331022,-1.398548423994702,-0.859066955324191,-1.272263436808324,-0.7818779731375876,-0.911500074388884
24607,Jonathan Bowlan,PHI,RP,3.9442058877565267,1.2684021554208786,56.25839026586717,2.9477995004797366,4.8776101524967865,56,0.02523701907281246,0.06387742605538554,0.3421105892030264,0.01884501208238072,0.2382345410361899,-0.4722050685609625,0.04130840145623907
24609,Braydon Fisher,TOR,RP,2.830442879510313,1.0939094589548226,61.64524606475267,3.9302992155406162,5.7177657490168565,52,0.8562878124239118,0.7796662367863194,0.154456522195359,0.42529029550605446,0.4675283765278302,-0.4141308761246112,0.3871497232670464
24614,Victor Vodnik,COL,RP,3.941333952593554,1.3301575839216881,61.944187465784694,3.554244648845448,17.86051779002334,64,0.00925544024307453,-0.1841171374783583,0.7414052379098403,0.2309963365034603,0.4695435453306658,0.6519855701220338,0.3385513673006389
24737,Gus Varland,WSN,RP,4.777511419764775,1.422961429405946,44.654366799046485,2.2502279694570655,3.243288353755905,48,-0.5828514576443323,-0.5485834959061631,-0.04836638161498538,-0.33536012281613103,-0.22832881251439208,-0.6167308284407402,-0.38451924475683874
24862,Ryan Fernandez,STL,RP,4.6441669741640945,1.4263093684869255,44.52138436372729,1.9454424936336396,3.5158952841701674,44,-0.4792989575827524,-0.5649538159177548,-0.26778220640168626,-0.4236285516005083,-0.24575864289574303,-0.6000947988684969,-0.42036743625985273
24930,Ethan Roberts,CHC,RP,4.274818956428465,1.35164116652942,39.25577326663765,2.1110101878757606,3.189973735588925,42,-0.2106390358150277,-0.23894563448142772,-0.3687542214327213,-0.3692982547625089,-0.4636775655742337,-0.6204187634934873,-0.3685498949143824
24978,Erik Sabrowski,CLE,RP,3.3041349479437105,1.2654426172471522,79.37954626530912,3.5253348718647035,8.121756314215043,61,0.494307175595482,0.08312959748516753,0.6014181277057893,0.21815630979428396,1.1865838231914594,-0.1914585733332228,0.4153981683507991
24993,Kody Funderburk,MIN,RP,4.558447361931838,1.4145641639611104,60.54445687842799,3.1441295551293096,16.91003951727843,65,-0.43435563065237937,-0.5190011387240323,0.8121436612794426,0.08060462194190128,0.42539558093676183,0.5646619674646984,0.17080257152816702
25007,Alex Vesia,LAD,RP,3.114039822711349,1.1229000362606307,79.0663186949215,4.1057167671795805,26.40225729888145,61,0.6313180055289687,0.6382077296300664,0.6106538351509696,0.5205022099400249,1.1921740124718987,1.403345270523762,0.8511827291695337
25139,Tim Herrin,CLE,RP,3.827745148030537,1.299146313094051,57.55490445324137,2.8920395091012945,5.3065933875871,54,0.09777281457950536,-0.05338439720606337,0.2544030463838305,-0.01106518995044582,0.3010497689201487,-0.4345726221234122,0.04034533743960874
25327,Abner Uribe,MIL,RP,2.517632135654665,1.0606054120738997,87.35288829607389,4.991337476536585,40.56123734550241,72,1.0673375410056103,0.91192863029447635,1.1748877839896918,0.923801098199016,1.5210341347255991,2.6380135782102094,1.3766395496767174
25376,Nick Mears,KCR,RP,3.8981629179975044,1.2580974989008096,61.04365017132559,3.2120518599142542,5.628766170870039,60,0.05103232801723596,0.10702018288635493,0.5562106082876261,0.1120526425479632,0.4421862022117264,-0.41440084726819815,0.1578257505575639
25386,Jhony Brito,SDP,RP,4.364513374845137,1.3622910857642818,12.547485223869442,0.7526148515670376,0.9189870042607305,16,-0.2413261507877701,-0.2982280916512543,-1.7058770429339818,-0.9223823249576776,-1.5630046176084584,-0.8087176096901509,-0.9233313964635048
25420,Ryan Zeferjahn,LAA,RP,4.093907697985915,1.3953212977199894,75.44147323493935,3.5310202577319907,7.162746092239937,63,-0.09734760906500532,-0.44475568338881,0.7074244872002715,0.21770743853708535,1.0392267461343183,-0.2687635306733433,0.21747048740711755
25501,Paxton Schultz,WSN,RP,4.505833611006036,1.3657257324756018,43.1035928634168,2.0941224017333893,3.116095611694177,46,-0.3905270569732099,-0.3186938639233619,-0.17339350440385162,-0.37183904963296616,-0.3084763482155853,-0.6254825363407914,-0.3525805895259668
25582,Brady Basso,ATH,RP,4.331519327003564,1.3408127400508345,42.45481038457007,2.3280047344991974,2.979537395525368,50,-0.25091220831559513,-0.21529520144170275,0.0398284615414419,-0.3196089670926445,-0.3357314616228527,-0.6338964297270475,-0.266183197678242
25620,Luis Mey,CIN,RP,3.867693134697379,1.3994413977333702,44.81868648644362,2.25169397109343,4.70483560973754,40,0.10449514563687871,-0.408794363427875,-0.4745738068732386,-0.33564282476490515,-0.22941808198251712,-0.5053786218531238,-0.29860513601935956
25636,Hunter Gaddis,CLE,RP,2.766465371679683,1.064476779088894,66.14142060109127,4.160303068141625,28.783086375354117,66,0.8839961212588032,0.8861621493480083,0.8713488005577571,0.5464838801239282,0.6594957628170788,1.6071979200192592,0.9222919357431064
25648,Justin Slaten,BOS,RP,3.314576119134482,1.1647879135764851,57.97870537154574,3.728506983980035,20.7572212938067,61,0.48105743600167217,0.4905673916992843,0.6117534073267156,0.34707959793301907,0.3199371242749252,0.9053560184984736,0.5444354583706605
25679,Kevin Kelly,TBR,RP,3.570114458085079,1.203404250888068,38.43239402706221,2.605396471129086,3.8273669385932654,44,0.2973913380356001,0.33298054508988195,-0.2539774157428202,-0.21463579784281897,-0.47901603122252767,-0.5564182991838993,-0.126765246203003
25756,Matt Brash,SEA,RP,3.424775010069422,1.2290740005163427,75.79993928731044,3.9502954807307016,28.067805064070853,63,0.4010851682849465,0.21258414711416,0.7091445309380414,0.4631402084325285,1.0523851531902682,1.5517069663755931,0.746117188031925
25890,Bryan King,HOU,RP,3.0876013281334007,1.1019879723053143,68.46734824553621,4.076452350306624,23.490654238372343,67,0.651042418042052,0.7452286753065289,0.9239448246337092,0.4961799447896784,0.7511377808887931,1.1450534246516173,0.7936526045812768
25911,Yennier Cano,BAL,RP,4.5049371898574915,1.3766816594054545,52.856599065757706,3.03004654836042,7.1403731429133686,60,-0.3935897061508711,-0.3543702445355835,0.5615039405535458,0.04938930145099015,0.1069981303638978,-0.27210198785557715,-0.04291593490163487
25921,Casey Legumina,SEA,RP,4.451727533600234,1.3711205568407887,55.79528672118594,2.7924975131540837,4.567881710966449,54,-0.338143001335402,-0.3490196120891975,0.2573343255161284,-0.07679303983410246,0.23200227967106615,-0.5092958514848611,-0.11873792780801984
25942,Andrew Nardi,MIA,RP,3.503623037941083,1.1951008902371623,66.63001475016864,3.7140392398305266,6.025606534033939,56,0.3397868063880342,0.3630807608552678,0.3487127133908936,0.30650326795298793,0.6781966678308365,-0.3728358415552944,0.2889311946440912
25957,Josh Simpson,SEA,RP,5.115388294397403,1.5353360862359078,16.572477809652014,0.7684721294776566,1.2559092953560937,16,-0.7907669183875884,-0.9749087002025963,-1.7081975156894624,-0.9171734668571224,-1.3995931107542945,-0.7899797208157565,-1.095205858390891
26079,Beau Brieske,DET,RP,4.068412169962426,1.3340403082830103,47.31863184408064,2.598548832775113,5.260186170820538,50,-0.06367166454146139,-0.19108767596618376,0.03933612010443203,-0.22775974899774376,-0.12977132517506573,-0.44071208479275453,-0.1495554547667602
26191,Kade Strowd,ARI,RP,3.522115677514704,1.240921734895349,63.396161936108776,3.3412552804796034,18.654442617391954,60,0.3366784677469554,0.1852174239062456,0.5644667766894509,0.1532924476161255,0.5347853678159462,0.7226024920283974,0.4317050325318526
26214,Chris Murphy,CHW,RP,4.050622610373528,1.3097167631683981,37.71589050527355,1.8687799709393826,2.84953213016844,38,-0.04646847256309678,-0.10084304431512855,-0.5716508685260211,-0.4624233481062421,-0.5248056713786748,-0.6403957503068172,-0.38540600731342073
26215,Jackson Rutledge,WSN,RP,5.141300936805286,1.478752670306392,47.58855715195612,2.397862033251861,3.1815812697458465,57,-0.8566815696102661,-0.7821555520779302,0.3983758955530596,-0.2969000911608126,-0.11192385451309785,-0.6184427681166957,-0.35602626705408313
26231,Tyler Holton,DET,RP,3.2079978225777,1.1153279193367804,62.2981807180752,4.144170776857295,5.995033150094116,72,0.558091649568804,0.6864558576383559,1.1710215662558436,0.5453006787694522,0.4910585744337133,-0.3696002432124942,0.5187694110086939
26247,Orlando Ribalta,WSN,RP,5.398201261625493,1.5512208580124012,37.97039466164459,1.6845877322975094,2.59792749287734,40,-1.038554927489457,-1.068038290672542,-0.4807645858878841,-0.6541100501807884,-0.5176512561806506,-0.682986561041842,-0.7100296343570218
26252,Erik Miller,SFG,RP,3.6899731828171136,1.292724931382306,69.3840841102676,3.5232255916109034,19.011484776564487,62,0.20925017974408833,-0.03299713440480234,0.6679654553094423,0.21404510863061543,0.8022585308975262,0.75569486277982445,0.4624034953969368
26304,Bryan Hoeing,SDP,RP,3.9367960994555595,1.2788954666185652,15.340976305465656,0.9303082647930322,1.3256486192936887,18,0.06292611826075978,0.05914777554470651,-1.6003222316149153,-0.8623962091136632,-1.4486123079115991,-0.7857506152773432,-0.7660239546004637
26413,Porter Hodge,CHC,RP,3.4779353384608966,1.2536335356954635,57.882524933837665,2.9682755975196233,5.748960311175564,50,0.3766418124759596,0.12501700419139328,0.04691394517381103,0.03309458742366197,0.3077789453305788,-0.3963080510729483,0.08754267181566189
26641,Wikelman González,CHW,RP,3.5178541388526074,1.3059354059451715,50.611347401037406,2.4836455561421333,3.5189512783609955,46,0.3678738979282655,-0.06657435565241586,-0.15377381173574572,-0.2829514528460793,0.01077158497538924,-0.6064834682061103,-0.09452975254978048
26790,Angel Chivilli,NYY,RP,5.410350939052856,1.5080468366604243,24.667004434795547,1.2100828285236,1.7208580535932432,30,-1.0266576177332551,-0.8822584715251182,-0.981748225676995,-0.8028870019277584,-1.0606924819750172,-0.7444722143068996,-0.9000742116775478
27494,Clayton Beeter,WSN,RP,3.7645579079365166,1.3478177983953952,76.12065762999815,3.3552322009167606,22.60719960017064,63,0.1631083738707486,-0.24021816628533835,0.7096855748108553,0.15583197660184994,1.0695472319884605,1.0539296962528937,0.5024185657326699
27517,Jared Koenig,MIL,RP,3.2322880012058794,1.1457354882252737,66.02493025608926,4.406398695564135,23.023706997487846,65,0.5368215154673688,0.5667658716453204,0.8207682913026995,0.6423262656870756,0.6519209371762866,1.0940395190488372,0.7357561731991784
27552,Graham Ashcraft,CIN,RP,3.7296030996060576,1.254673358309713,65.84666322277833,4.1584579686791026,22.922702030370587,65,0.17582012574664577,0.12715757173785472,0.8133670882322137,0.5304970433568001,0.6363743409815166,1.10287171832864,0.5730747967829899
27570,Cole Henry,WSN,RP,4.224869102872335,1.3980707759700606,66.20147667286828,3.132607517797992,15.553801982389299,64,-0.19098773130758465,-0.4531580763453824,0.7693975779721192,0.0899712289344135,0.6635760315655703,0.46273735998218407,0.2336030148307244
27626,Eric Orze,MIN,RP,3.915485979444834,1.2992710351541739,55.16444377480147,2.83256250602933,5.145960691075335,56,0.04794799752068559,-0.04457397134950409,0.3591937424596814,-0.03912538423020074,0.19451893375347845,-0.44736808862763394,0.01732740641904911
27649,Connor Phillips,CIN,RP,2.8976643225325915,1.1687372953655812,69.87081626250314,4.14275320968055,6.216054048746176,56,0.7999440090541672,0.4815448640266108,0.3436385343376806,0.506257257737105,0.792817573844169,-0.36974293416094106,0.438791144020679
27668,Brandon Eisert,CHW,RP,4.514111540367873,1.3476577009384532,48.25189247604311,2.264140020223053,2.9426495888654793,52,-0.37829003066205374,-0.23612526853346288,0.14037624475816723,-0.34102596352545766,-0.08837056242838656,-0.6349673099141571,-0.24310004849579808
27691,Louis Varland,TOR,RP,4.0610888352111365,1.2778801862025406,67.59955209444901,3.5015434178716687,18.77821553744164,67,-0.06922118326196261,0.02477127732876184,0.9280913301315614,0.21763114227978825,0.7342849648899881,0.7379416584375321,0.4463517847439591
27694,Justin Sterner,ATH,RP,3.540007627520636,1.206379369484303,68.90179022099825,3.6747294719362293,19.767971778557612,65,0.32706925072091764,0.31874533454688836,0.8102439337350484,0.2873151283923724,0.7711726166566004,0.8141417613322872,0.5713409159352542
27702,Brent Headrick,NYY,RP,3.9611710302338556,1.2726040816756392,54.17064525870535,2.648691967085935,4.420357096820601,50,0.02324517194585379,0.0559424285784658,0.0390784874748842,-0.18386162303519785,0.15251718625079935,-0.5196846503724266,-0.05139563283394859
27707,Mitch Spence,KCR,RP,4.674835125942286,1.4084588538051448,13.08964581472797,0.7392376401894912,1.0492910485755058,16,-0.4292835947357839,-0.4942218783654039,-1.7079719127896014,-0.9644961508710966,-1.5378172871775984,-0.7997031898718041,-0.984537949598146
27775,Kyle Nicolas,PIT,RP,4.306129063177373,1.4243172146610497,40.75454418072231,1.944836375383132,3.8900890721827435,42,-0.22934660290531583,-0.5505461372425644,-0.3740359039024117,-0.41171086755393904,-0.397296565892289,-0.5516250178328079,-0.4159786396609087
27867,Cade Smith,CLE,RP,2.618140031279212,1.0033522874592768,89.393422630113065,5.086851192651249,29.574467561034275,70,0.9947171342553904,1.1314768219556617,1.0737172138708342,0.9620966412051992,1.623307357112538,1.6910682650159488,1.2464819368345768
27914,Daniel Palencia,CHC,RP,3.294854728692697,1.1901593003066626,75.82170108446257,4.293095157613925,29.447415777922636,67,0.4995528126105232,0.3800480246602747,0.9094605729052984,0.5827713849832374,1.057525034366623,1.6685976489625165,0.8620093103684789
28036,Luke Little,CHC,RP,3.6125348943428355,1.3426152284585835,21.573450786554098,1.1461876515228362,1.722280094713399,20,0.31534311725947817,-0.23213019540758767,-1.499371507536465,-0.8190348940548657,-1.18484952355166,-0.7483966316736941,-0.679860849504305
29519,Gordon Graceffo,STL,RP,5.044608917872587,1.4380456569869156,50.07527150264534,2.6303075758860404,3.0254772059011836,58,-0.8091481534393636,-0.6191314138315667,0.4571337006468638,-0.20854338750631035,-0.0189030909229237,-0.6277691094900575,-0.27845568696466266
29542,Andre Granillo,WSN,RP,4.384594724039407,1.3708638020317387,37.85061771185243,2.003059589644049,2.8119089884930437,42,-0.27958752348678617,-0.32963031976726664,-0.3697956168729667,-0.41020497430059016,-0.5198526171437865,-0.6505302458756863,-0.41702150025817875
29574,Chase Lee,TOR,RP,3.581130430766585,1.2100994654294852,30.74259390030201,1.8286129035021008,2.845111797669354,32,0.31105696223447504,0.3123398210862822,-0.8757983288425852,-0.4636497478770038,-0.8105839847080221,-0.646687364884965,-0.35976567081587874
29615,Kyle Backhus,PHI,RP,3.9943418783105002,1.3012314066717638,15.060105813311143,0.8464833228595734,1.657203443288698,16,0.04576790273627321,-0.02205284574036628,-1.7065243784793909,-0.8889358919352672,-1.4577122697534226,-0.7593833106698027,-0.7970299976787136
29628,Alek Jacob,SDP,RP,4.692996840239702,1.4440709238195355,35.00068695322193,1.8661156938128332,3.0395044934293103,40,-0.5257553654299528,-0.6247943871149557,-0.4700260651192387,-0.4409197787289758,-0.6288373100453901,-0.6268900897984874,-0.5441363870471886
29629,Matt Svanson,STL,RP,2.7159283803495757,1.056284184318734,74.52739746234968,4.357470212500226,23.783176630239847,65,0.923784203441043,0.9216317550486328,0.8051664678462997,0.6182252078696209,0.9830242403937268,1.1544219042740225,0.9132262803850182
29754,Sam Bachman,LAA,RP,4.756334225376552,1.4398457709356,29.635413255011873,1.5343610564055234,2.311075308117985,32,-0.5462192057557895,-0.6042412190907616,-0.887891803909659,-0.7308878150246916,-0.8608947740265127,-0.7009115771659318,-0.6929480463373456
29770,Mason Montgomery,PIT,RP,4.762222473197694,1.4631003055264251,71.8652790489643,3.0068466308633277,5.495120063315481,60,-0.5797179512992701,-0.7094963176042528,0.559669541634634,0.03585216645569275,0.8855942324392069,-0.4279554138562429,-0.01956682120186367
29928,Dylan Dodd,ATL,RP,3.633827610643385,1.2074622491436844,42.028187330772845,2.47018070613085,3.7993405940467726,46,0.2599508376081866,0.33326985345310767,-0.1595295987644098,-0.27768948802700966,-0.34642884709122124,-0.5730188978096287,-0.1094199472950224
29950,Jordan Leasure,CHW,RP,4.091034864837014,1.3351356018138347,69.97483726675578,3.222544231497781,20.605522678322707,64,-0.08589767629571532,-0.2041780118056497,0.7584776478538372,0.10218149441317328,0.8036695143303999,0.8889027828199767,0.39698062895546
30002,Grant Holman,ARI,RP,4.524529569569184,1.4041894586594634,17.303008495494723,1.0029192583480167,1.440279811041225,20,-0.35867747094080055,-0.4510687996642706,-1.501568133292384,-0.8474604553742652,-1.3664521169806196,-0.7801454419828688,-0.8785355390814724
30084,Carson Seymour,SFG,RP,4.570413848668412,1.4012991614789652,17.108682971112263,0.9143610912901807,1.336129213139559,20,-0.40611994509165894,-0.4183218792919602,-1.4994403612801424,-0.8638175043322044,-1.373330656789769,-0.7847706591586093,-0.8924722835675529
30085,Ben Casparius,LAD,RP,4.0102496063119055,1.2783710327133848,51.62710004024959,3.160924469019489,4.258406611346994,55,-0.0279198226232109,0.03686655005457585,0.3071569066003426,0.0873618136639926,0.05909211576173526,-0.5283311405782789,-0.00158397565286506
30115,Robert Suarez,ATL,RP,2.749874771122227,1.0214308609572695,69.89528783171882,5.786533091408306,37.53633120889945,67,0.8953390712858023,1.0519098669925997,0.9071038995462722,1.2377720211050558,0.8166228580093784,2.360102600658722,1.2354522625071198
30133,Brant Hurter,DET,RP,3.240231438134341,1.181576858804972,54.20429140496249,3.2441377820394273,5.029361942993707,55,0.5385046830018915,0.4294444754061323,0.30550709122027064,0.12261792575206268,0.1579983154743006,-0.456035270686351,0.19159158113980052
30226,Spencer Bivens,SFG,RP,4.18267750924293,1.3176926720517734,54.62375729009495,3.5033934961205806,5.37167745778848,70,-0.14747288569530137,-0.1304306578553424,1.0947236273164211,0.20918906462741493,0.1842563269819753,-0.43767850524659335,0.14332526461427264
30249,Jack Dreyer,LAD,RP,3.4389487381320825,1.187390465159249,53.373369218601205,2.8227842661022167,4.135402116272605,54,0.377930316023913,0.3906101435945738,0.23930991609603935,-0.05759743246204004,0.11789418269360918,-0.5347452423298271,0.10063033759778069
30250,Jaden Hill,COL,RP,3.888280545255844,1.286792790835753,51.503425882213556,2.6097039002406093,4.248791138018421,52,0.07714147429938326,-0.00616258302586862,0.1485595235317983,-0.19668195317058096,0.04372024313983682,-0.5306501180531147,-0.05842323835562138
31261,Chris Roycroft,STL,RP,4.929391993698351,1.462128895508508,36.26324379021395,1.8508046762879475,2.9656872615686773,40,-0.698840861977128,-0.6839275546715315,-0.4706732370651074,-0.4545043107253749,-0.5842883488118024,-0.6343769277518363,-0.5823897868149854
31461,Ben Joyce,LAA,RP,2.9777304104343894,1.17005634036977,52.1221353918634,3.072916493569812,5.585906276767271,48,0.7534142346885383,0.4867774688062563,-0.06316179724808454,0.05193563773596147,0.06876681351641578,-0.4185522002928463,0.14677381206640086
31468,Jack Perkins,ATH,RP,3.785518037063923,1.2988373768053978,41.32119364894311,2.1870159515317416,3.744366615724182,40,0.1482942434255,-0.03800668041933859,-0.4638217828763965,-0.3490928306959069,-0.37013903758327454,-0.5773258957774376,-0.2584031894566783
31552,Zach Agnos,COL,RP,5.226019377544189,1.541763566549621,41.969806706064574,2.1066740753977395,4.229367828038968,50,-0.9152451238799902,-1.0188129320795554,0.04077338545569556,-0.3756266425141278,-0.3476771604362451,-0.5329291424417719,-0.5103870569279665
31553,Mason Fluharty,TOR,RP,3.655505312388188,1.2677033116573362,46.79679762455943,2.6663411371921937,4.623136965980885,42,0.2492508740302622,0.07576612038990135,-0.37454512215109087,-0.18249054138508553,-0.1491546622361613,-0.5119665493632631,-0.1252677152018109
31616,David Morgan,SDP,RP,3.5247218222182157,1.2709737772464758,62.78059310395357,3.104352582275689,4.9226615658441615,58,0.327964500985722,0.056294363960324,0.4640253817697807,0.07129921132297817,0.5184999393112233,-0.4687256327649477,0.17734266178713887
31757,Mason Miller,SDP,RP,2.6441165986452475,1.0599688892611459,99.51605390389774,4.300932221756538,32.30161433527314,66,0.976748049964569,0.9047054260902424,0.8634390495895816,0.5943924044581972,2.029953897917812,1.9265200247020384,1.2340127186713563
31776,Orion Kerkering,PHI,RP,3.0771989660834747,1.1371232312946995,70.88386367075786,4.780322491534715,6.795181264564393,63,0.6570488836723095,0.596377105398977,0.7047119084574619,0.8091488716407815,0.8415671052478347,-0.3054334711417236,0.5626718998152975
31815,Cade Gibson,MIA,RP,3.642673376023496,1.2571363976143757,55.379871750262176,3.1946743840058143,5.396622209100369,60,0.2418300747789872,0.125005804143842,0.5483821118148473,0.09892483009516594,0.19312387056339048,-0.4355719343935112,0.13575595556177228
33294,Seth Halvorsen,COL,RP,4.516025813686941,1.4385424595057619,58.951257442912734,2.924417550456112,6.00464520505077,60,-0.3822351272333032,-0.6123053649510155,0.573083884065538,0.01285140923012434,0.36760574029869586,-0.3689620048744051,-0.06026593344153522
33826,Yuki Matsui,SDP,RP,4.047771680181635,1.3262686250924067,53.135528613893385,2.663549770675349,5.039943750796649,52,-0.05494492284880541,-0.15876158002146473,0.13932450659880835,-0.1821527651524398,0.11678119088783244,-0.4567144905190445,-0.07707996538434432
33838,Yariel Rodríguez,TOR,RP,3.8008080229221584,1.2840125481319513,35.66133060973115,1.8580924066031248,3.130689393133693,36,0.1372909682784788,0.01101071341862486,-0.6822873568847372,-0.4583333928404914,-0.6062706932569627,-0.6208931383341425,-0.3645982624387544
33908,José Fermin,LAA,RP,3.852095063698205,1.3299146651990763,58.74477226270256,3.210547387622086,6.1132898645695075,52,0.10652438526341047,-0.16174341100648704,0.15140789172370406,0.09245193104785047,0.34513799940907,-0.3700570876670437,0.04164997098535498
35324,Shinnosuke Ogasawara,WSN,RP,5.520000256045929,1.538917412731132,6.521154731717541,0.3154867942972921,0.42093330777799853,8,-0.9901537374237112,-0.9736808959913776,-2.117512875352573,-1.237980096118099,-1.8111019210663533,-0.8663120535196678,-1.3265616892231888
