playerid,PlayerName,Team,role,ERA,K9,WHIP,Ks,WQS,IP_atc,z_ERA,z_Ks,z_WHIP,z_IP,z_WQS,composite
3137,Max Scherzer,NA,SP,4.298511747183318,8.61883976963717,1.2354160912257008,87.64565197164467,0.12971995073873213,91.5217,0.0723049630332688,-0.059269423883352344,0.4778364913851305,-0.10812727487529389,0.2367726442992745,0.12390347999180551
4676,Charlie Morton,NA,SP,5.328129896616198,8.545623582441662,1.539822545614122,70.5150675528756,0.1067780032032254,74.2644,-1.170219093961356,-0.36634595309501927,-1.5740981567102093,-0.43596016142916316,-0.7133868478983848,-0.8520020426188266
6175,Albert Suárez,BAL,SP,4.246116328411623,7.11764286072398,1.3086646300958804,18.758705929279397,0.12462173442826555,23.7197,0.135534781132336,-1.2941113756561171,-0.015915243058371657,-1.3961459900929374,0.02562585246001919,-0.5090023950430141
6902,Martín Pérez,ATL,SP,3.9123272020204274,6.833924512162515,1.3031876151067527,37.89259277004955,0.13762542821150725,49.903,0.5383452985389319,-0.9511243871354604,0.021004068810056564,-0.8987479719495475,0.5641844496609039,-0.14526770841502312
8700,Justin Verlander,DET,SP,4.324458541162057,7.11696360257455,1.28369816827824,101.05772006162415,0.12307756923975469,127.796,0.040992854036137956,0.18115035503026122,0.152377995489708,0.5809671070222812,-0.038327009829201224,0.18343226034983742
9132,Nathan Eovaldi,TEX,SP,3.059342028631669,8.658636324281346,1.0439575293762253,147.16603125029656,0.17536812430070342,152.968,1.5677119611012014,1.007670911568658,1.7684150946632182,1.059153695905478,2.127329029901054,1.5060561386279219
9323,Patrick Corbin,NA,SP,6.876001686414985,5.854451038068446,1.7022292492595803,82.39424292065574,0.08787059150397301,126.664,-3.0381620172943102,-0.15340424295476657,-2.668844793940986,0.5594627681292341,-1.4964527437265236,-1.3594802059574707
9803,Miles Mikolas,WSN,SP,5.274184273737479,5.478317287660887,1.4035135996650547,80.06195494763875,0.11135741572107383,131.529,-1.1051185183418528,-0.19521197574241617,-0.6552705661448862,0.6518820337782391,-0.523726738799615,-0.3654891530501062
10310,Zack Wheeler,PHI,SP,2.712404172651756,10.519899632444927,0.9764718679998182,147.23885301117306,0.1970941343557179,125.966,1.9863901211303534,1.0089762875578472,2.223320583136154,0.5462030255962421,3.027129478376705,1.7584038991594604
10603,Chris Sale,ATL,SP,3.3389067978683187,10.767428304587797,1.0837840634752132,183.4482651680305,0.15443248970631604,153.336,1.2303383906605294,1.6580528361512485,1.4999534899464289,1.0661445057222994,1.2602626265692458,1.3429503698099503
10954,Jacob deGrom,TEX,SP,2.6738530576198456,10.578199970359726,0.9346248120189125,178.7304420547502,0.1714285737407117,152.065,2.0329128906420406,1.5734828815224153,2.505402066134013,1.0419996163821377,1.9641693263154942,1.8235933561992201
11156,Merrill Kelly,ARI,SP,3.48644570919636,8.020084826569962,1.1662139016637885,155.13428304141533,0.1576864487944001,174.089,1.0522911730887894,1.1505068501499771,0.9443127057986411,1.4603843865062252,1.3950279994732175,1.2005046230033702
11423,Jose Quintana,COL,SP,3.99342308805835,6.394724954483208,1.3149692821162233,81.13911232246272,0.13044372186934627,114.196,0.4404802896704358,-0.17590325048297387,-0.05841346784377226,0.3226110920528118,0.26674821672473337,0.15910457602424694
11486,Robbie Ray,SFG,SP,3.6664994036100764,9.125617652913265,1.2074804819617038,170.64195240685913,0.15309081227653693,168.293,0.8350057192697904,1.4284916035297313,0.6661440773054543,1.3502791318912957,1.2046959601648792,1.0969232984322301
11674,Jameson Taillon,CHC,SP,4.070430282781133,6.764590787597546,1.2303637418551343,115.48208744107083,0.14065695323359648,153.644,0.3475494375312907,0.43971623712015856,0.5118932289420806,1.0719955095907254,0.6897375340760268,0.6121783894520565
11836,Taijuan Walker,PHI,SP,5.6514225102793745,6.029365991393928,1.5564801163166047,73.82489705773645,0.09447606987464227,110.198,-1.5603626147864544,-0.3070151718566714,-1.6863830507548945,0.24666202235811038,-1.2228814627930238,-0.9059960555665867
12304,Chris Bassitt,BAL,SP,4.1840277567382635,7.921942857422666,1.3192823630883392,130.1892089188841,0.13605085067187794,147.906,0.2104621160973198,0.7033506647438357,-0.08748696533089391,0.9629920673925773,0.4989720350145648,0.45765798358348075
12317,Colin Rea,CHC,SP,4.459303216727967,7.021267659004776,1.2984367673963413,63.03421054956638,0.11467637454703511,80.7985,-0.12173519562048953,-0.5004450327264226,0.053028452275916765,-0.3118333939723976,-0.38626934867091506,-0.2534509037428616
12447,Seth Lugo,KCR,SP,3.755011867743324,7.4642759616564245,1.2190195729533086,129.09299402885637,0.15312678171208455,155.653,0.7281905217229998,0.6837003215056301,0.5883616903952656,1.1101600120961417,1.2061856637116977,0.863319641886347
12718,Adrian Houser,SFG,SP,4.147220834948219,6.314689827891903,1.3229329247527557,96.96136067507706,0.1288743192914921,138.194,0.25488002560410195,0.10772052963292654,-0.11209457090638746,0.7784954778790854,0.20175012734632491,0.24615031791121025
12730,Nick Martinez,TBR,SP,4.4127133772231995,6.322539153399789,1.3019398688547703,97.29334000556707,0.1279603670466245,138.495,-0.06551144273882334,0.11367146849670477,0.029414842397685305,0.7842135043868659,0.16389804876701944,0.20513728426189043
12768,Sonny Gray,BOS,SP,3.749986092625392,9.4669893866416,1.163026857274764,176.77183337821046,0.1497154365604485,168.052,0.7342555337786973,1.5383735857871974,0.9657958468837928,1.3457009113319098,1.064902018460006,1.1298055792483206
12880,Tyler Anderson,NA,SP,4.50541243203203,6.507932507580599,1.3838546848847348,83.41434026049639,0.11259078207817393,115.356,-0.17737894014461206,-0.1351183548076517,-0.5227542945607763,0.3446473403884429,-0.4726458639200001,-0.19265002260891945
12970,Joe Musgrove,SDP,SP,3.311835978366912,9.189591989507374,1.1039211123363692,139.34790973156,0.16589868828614043,136.473,1.2630069527790044,0.8675261528003417,1.3642142253122074,0.745802043925964,1.7351446043604497,1.1951387958355935
12972,Joe Ross,NA,SP,4.174144522032876,8.312003181814077,1.2706390926518059,35.91625810420954,0.12533287125533327,38.8891,0.22238902015309292,-0.9865514324078867,0.2404062529844902,-1.1079764508666239,0.055078164886589134,-0.3153308890500676
13125,Gerrit Cole,NYY,SP,3.436544944187501,9.115719466827354,1.111688574971833,111.48727479473563,0.1629510576158723,110.072,1.112510489366474,0.3681067010821793,1.3118555270003875,0.24426842986648165,1.6130660730363937,0.9299614440703831
13164,Eduardo Rodriguez,ARI,SP,5.0980910916018605,7.55008933974149,1.448836085511063,114.37210891366621,0.11098627568267608,136.336,-0.892612537171301,0.4198191720018525,-0.960779131106419,0.7431994870104628,-0.5390978065728477,-0.24589416316765042
13361,Steven Matz,TBR,SP,5.237045483562023,7.438610911510665,1.4303078621028273,103.81986597963085,0.10304688113312402,125.612,-1.0603001162321994,0.23066356257432805,-0.8358845927977864,0.5394781705007132,-0.867914315366796,-0.3987914582643481
13431,Marcus Stroman,NA,SP,4.4572099807185594,6.595989488841212,1.3906765237686414,69.92533048033137,0.12385374899178234,95.4107,-0.1192091172873819,-0.3769173620415768,-0.5687387583190595,-0.034248852653509444,-0.006180891549604696,-0.22105899637022647
13543,Blake Snell,LAD,SP,3.3983101619869163,11.218645364074735,1.2718881080819155,169.61345274329435,0.14228893058388142,136.07,1.1586515142933793,1.4100550984308855,0.23198692415587893,0.7381463473059124,0.7573272087549066,0.8592334185881926
13619,Jakob Junis,TEX,SP,5.189880412391018,7.291075879180228,1.401606203946076,52.127303962336406,0.10407538996520851,64.3452,-1.003382184460973,-0.6959582118082085,-0.6424132455888402,-0.6243928808177777,-0.8253177821778961,-0.7582928609707391
13649,Clay Holmes,NYM,SP,4.044058374281337,7.229674721779111,1.3107653708302067,114.9180895942529,0.1274424702346504,143.058,0.37937456683568926,0.42960622002734145,-0.030075858371505344,0.8708957467622839,0.1424489293705733,0.3584499209248765
13743,Max Fried,NYY,SP,3.038739461482294,8.467483190134676,1.0868906292988965,167.92524496381972,0.17949329828798766,178.486,1.5925747564327,1.3797929093054984,1.4790128365591297,1.5439131657577512,2.298176479313043,1.6586940294736245
13774,Zach Eflin,BAL,SP,4.000763382401933,7.333188038443476,1.2016542286500607,114.4229921585173,0.14830502771804427,140.431,0.4316221588067291,0.4207312862556301,0.7054175252445248,0.8209912429884022,1.0064887844738402,0.6770501995538253
13942,Brent Suter,LAA,SP,4.47930519365762,7.389233564018569,1.2910110826622772,50.71567615626082,0.1178986184784443,61.7711,-0.14587320983113042,-0.7212625304836083,0.10308330351838241,-0.6732924556804918,-0.25281748488008815,-0.33803247547138726
14078,Michael Wacha,KCR,SP,3.6549395661154414,7.1510731019187475,1.186303053162731,130.1757510562949,0.14994482554843913,163.833,0.8489559164277795,0.7031094240696428,0.8088963063851188,1.2655535563939548,1.0744023507228877,0.9401835107998767
14107,Kevin Gausman,TOR,SP,3.4630383867152728,9.55048586375122,1.1355260966307164,190.34436675984972,0.1594074152523357,179.373,1.0805386950546774,1.7816698062522056,1.1511722171971959,1.5607632970281864,1.4663032307163604,1.4080894492497253
14120,Lance McCullers Jr.,HOU,SP,5.461181548215132,8.604719863740804,1.626155991126574,86.96742562283589,0.09492147954393249,90.9625,-1.3307833556010735,-0.07142705891324154,-2.1560522696489848,-0.11875026631433247,-1.2044344576057908,-0.9762894816166845
14168,José Berríos,TOR,SP,4.275077259509298,7.174061993804197,1.3051156803059376,92.26800265631371,0.13507854130604463,115.752,0.10058526744937926,0.02358912725236753,0.008007419990823236,0.3521700596478481,0.4587030486144613,0.1886109845909759
14374,Tyler Glasnow,LAD,SP,3.463421737041072,10.731580656314947,1.1536085233400881,155.8821710222281,0.14448239877799174,130.73,1.0800760750024525,1.1639132138660617,1.029282693004453,0.6367036178987826,0.8481714852594182,0.9516294170062336
14527,Jorge López,NA,SP,5.986393898688714,7.019593797326425,1.5736666913102657,21.427856034745368,0.08764973291090963,27.4732,-1.964599864035359,-1.2462651767002066,-1.8022338423632196,-1.3248416296379446,-1.505599782717342,-1.5687080590908145
14739,Paul Blackburn,NYY,SP,4.541901318566697,7.61285929633347,1.330158074595536,55.07379259479074,0.11618825096209578,65.1088,-0.22141305061288896,-0.6431405448508355,-0.16079766207397495,-0.6098869504478742,-0.3236537523020194,-0.3917783920575186
14843,Michael Lorenzen,COL,SP,4.222343592602062,6.91337919759663,1.3199904987862117,109.18222951439938,0.12600982641000197,142.136,0.16422327711526608,0.32678731074159867,-0.09226034694968022,0.8533807286886185,0.08311481543707581,0.2670491570065757
14916,Jon Gray,NA,SP,4.410101837713025,7.771383346809724,1.3191162858211047,58.93791225609339,0.12396145165410176,68.2557,-0.06235988536877236,-0.5738737629918752,-0.08636747625966475,-0.550106028131152,-0.0017202978367397536,-0.25488549011764083
14932,Ben Lively,CLE,SP,4.121964549394033,6.9640288244071185,1.2739317683364146,3.9705332964259132,0.12457164094987641,5.13134,0.285358841861068,-1.5591986963492843,0.2182110753698634,-1.7492647117413114,0.023551190144844317,-0.556268460142964
15038,Germán Márquez,NA,SP,7.153505970344155,5.697052834639702,1.7563998211018244,66.54410913207377,0.08001826072626866,105.124,-3.3730490323405995,-0.4375278870965033,-3.0339962934174256,0.15027243265553047,-1.8216634353107688,-1.7031928431019534
15440,Matthew Boyd,CHC,SP,3.7654416057798223,8.02333701637828,1.1791716598519422,139.46877587381292,0.14629057528427714,156.446,0.7156041075988518,0.8696927546251786,0.8569674061027717,1.1252244473807584,0.9230585918730514,0.8981094615161224
15454,Nick Pivetta,SDP,SP,3.4896674127698404,9.380860844047172,1.1380527495442687,179.59241158779685,0.1514732135052373,172.301,1.0484032810612842,1.5889342290085033,1.134140624790769,1.4264181692440623,1.1377017860766125,1.2671196180362463
15467,Marco Gonzales,SDP,SP,5.174308949270214,5.208402121127179,1.491789183594399,12.621115762184738,0.11288943622017394,21.809,-0.9845908320155446,-1.4041315501091327,-1.2503161922614123,-1.4324431105195674,-0.4602768587400221,-1.106351708729136
15474,Lucas Giolito,NA,SP,4.126817463017398,8.776881665343053,1.2902330226205905,135.42338325994763,0.1314838781953065,138.866,0.27950243584601353,0.7971765407706644,0.10832802922908707,0.7912613045011067,0.3098271403841547,0.4572190901462053
15488,Antonio Senzatela,COL,SP,7.135050060066296,4.864271284964524,1.7613329367838193,32.261144300894046,0.08081612811502566,59.6904,-3.3507767826462773,-1.0520716524516363,-3.067249303808696,-0.71281902629424,-1.788619105845316,-1.9943071742092329
15689,Luis Castillo,SEA,SP,3.587287074892752,8.470706481044187,1.174865068740866,163.16745418591816,0.15950167427015233,173.363,0.9305976861519341,1.294506509082483,0.8859971569132488,1.446592734530649,1.4702070449136981,1.2055802263184026
15734,Brad Keller,PHI,SP,5.8039948966177395,6.547326966280538,1.6571329346612491,47.69022038584562,0.09088108090388475,65.5553,-1.7444841365010004,-0.7754957331900264,-2.3648607978997926,-0.6014048945152368,-1.3717708667821393,-1.371603285777639
15823,Zack Littell,NA,SP,3.8498558907296196,7.0823015371606,1.188040031349039,119.56970992948938,0.14247727781099853,151.946,0.6137345165646468,0.5129894481085622,0.7971877316420776,1.0397390012511547,0.7651277629753996,0.7457556921083682
15873,Sean Manaea,NYM,SP,4.597518045869175,9.666513235235758,1.311925768988327,141.83889681466653,0.11193338524766369,132.059,-0.2885302840092725,0.9121786672208865,-0.037897838332530874,0.6619503196557257,-0.49987249050360755,0.14956567480624022
15890,Luis Severino,ATH,SP,5.02593427475713,7.052249984807289,1.4189939643239247,134.6736836265382,0.10776490402735636,171.869,-0.8055350309568703,0.7837377020392554,-0.7596201820967025,1.4182115664156207,-0.672513544337105,-0.007143897787160314
16137,Carlos Rodón,NYY,SP,3.3989770270303317,10.180703133680554,1.1459629965387785,162.3969204422868,0.15678909236363753,143.563,1.157846753946382,1.28069420578619,1.080819449602034,0.880489113494606,1.3578632500876617,1.1515425545833748
16149,Aaron Nola,PHI,SP,4.920057488101201,8.60062907197857,1.3172347871896917,155.20217410566306,0.11727508984456123,162.409,-0.6777648915418449,1.1517238402925223,-0.07368472207859146,1.2385021618853866,-0.2786414324426965,0.2720269912229552
16162,Brandon Woodruff,MIL,SP,2.729718669127399,10.750103795367924,0.9787243826886707,171.7042411875483,0.19126234988859514,143.751,1.9654953084101376,1.4475337998623394,2.208136894128357,0.884060505466243,2.7856013622779434,1.858165574029004
16207,Spencer Turnbull,NA,SP,5.176385767892977,7.199203601306957,1.468316240283898,38.135461334540956,0.1024109949259556,47.6746,-0.9870970981514116,-0.9467708149504434,-1.092090422152949,-0.9410803648729273,-0.8942500619185457,-0.9722577524092554
16256,Kyle Freeland,COL,SP,5.690382000524238,5.834493654582633,1.5296070862720241,104.8186233357952,0.1094999744440622,161.688,-1.6073782039193323,0.24856691805585726,-1.5052380695863241,1.2248054937388435,-0.6006541861238185,-0.4479796095669548
16350,Ryan Borucki,CHW,SP,4.204408273714491,7.042507883577266,1.3010108253875057,12.372043099605754,0.1255588024862943,15.8109,0.1858672867900682,-1.4085963346650212,0.03567731302728127,-1.5463876115040065,0.06443529131839243,-0.5338008110066572
16358,Tyler Mahle,SFG,SP,3.2424731722443543,8.663628573117284,1.1196793163901004,124.69753130367108,0.16136910600182597,129.539,1.3467126987542506,0.6049088801319015,1.2579917572158232,0.6140784698231474,1.5475482550762045,1.0742480122002656
16400,Reynaldo López,ATL,SP,3.020349448860017,9.742563371336349,1.081477543748731,137.49030181742233,0.17305385307585786,127.011,1.6147674820603508,0.834227359427914,1.51550121462524,0.5660546458641168,2.031481597227621,1.3124064598410485
16502,Ryan Yarbrough,NYY,SP,4.825572608108779,6.4426857727847455,1.3381886736962143,46.55491897954004,0.11072925953798768,65.0341,-0.5637422934772133,-0.7958467268826568,-0.21493010342694002,-0.6113060088536258,-0.5497423400914505,-0.5471134945463773
16511,Jordan Montgomery,TEX,SP,4.775243150926816,6.930971990006407,1.369808720802628,61.483805404548065,0.11689040708327089,79.8379,-0.503005639448227,-0.5282370227231273,-0.4280736465308832,-0.330081687206197,-0.2945733831438794,-0.4167942758104628
16561,Austin Gomber,TEX,SP,6.454717315823844,5.427957336566218,1.6168421513903135,24.548841714176813,0.09031352685650738,40.704,-2.529763864460996,-1.1903195401281657,-2.0932697951445056,-1.0734992206042642,-1.3952765811342531,-1.6564258002944368
16918,Luke Weaver,NYM,SP,5.957296462793621,7.271442030682202,1.5166455786910717,55.45637979120088,0.08880231126779681,68.6394,-1.9294856188985319,-0.6362824280742866,-1.4178674960866897,-0.542816969091168,-1.4578648088402106,-1.1968634641981775
16943,Sean Newcomb,CHW,SP,3.943798417236405,8.865279365057074,1.3081603598290503,73.39269277018583,0.12812780940497878,74.508,0.5003664206119584,-0.3147627062832279,-0.012516071925184622,-0.4313325492786806,0.170832810776219,-0.017482419219783146
16944,Grant Holmes,ATL,SP,4.138831351376398,9.230532095316267,1.3123979942078305,95.79907735123989,0.12328328814321274,93.4065,0.26500429853916085,0.08688586805223512,-0.041081001092829285,-0.07232217068305453,-0.029806993446867335,0.041736000273728965
16977,Trevor Williams,WSN,SP,6.0641825316048115,6.825928143114956,1.5642498220631036,20.5311025125072,0.08566114673454522,27.0703,-2.0584737412705385,-1.2623400491292829,-1.7387568693678321,-1.332495426581415,-1.5879587031447118,-1.596004957898756
17085,Pablo López,MIN,SP,3.5579985073239047,9.749064637940092,1.13120476426431,167.7034099018455,0.15142225915815605,154.818,0.9659425854422681,1.3758163759180055,1.180301335455808,1.0942977126476487,1.1355914701815453,1.150389895929055
17277,Ranger Suárez,BOS,SP,3.4025276190805953,8.608701560962697,1.1411027915140295,156.90123812771046,0.16203290825851863,164.033,1.1535619654143843,1.1821806344125807,1.1135809858420125,1.2693529095552702,1.5750401676160013,1.25874333256805
17282,Michael Kopech,NA,SP,4.67477434897212,8.579704895440218,1.4940579255375237,37.26041907018975,0.10353745591062168,39.0857,-0.3817617555142676,-0.9624564993895616,-1.2656092654981068,-1.1042416867090503,-0.8475967603401033,-0.9123331934902179
17295,Framber Valdez,DET,SP,3.415640216020133,8.414361943439555,1.178221982900431,171.73899712381098,0.16486810612097827,183.692,1.1377379270016739,1.4481568219388865,0.8633689623549817,1.6428103285467999,1.6924622023889984,1.356907248446268
17312,Justin Steele,CHC,SP,3.316518229809112,9.034351282700527,1.1161362808891513,74.93251564561287,0.1609591986447201,74.6476,1.2573564987140327,-0.28716041014271826,1.2818745533885771,-0.4286806007720822,1.5305716071402349,0.6707923296656088
17425,Erick Fedde,CHW,SP,4.832027809598307,6.593523362581955,1.4308757642309904,61.62460783547556,0.1059158751135747,84.1161,-0.5715323107257476,-0.5257130503508591,-0.8397126918302001,-0.24880972373249238,-0.7490925867683765,-0.5869720726815352
17432,Jeff Hoffman,TOR,SP,5.509911478628952,7.741100329908575,1.51364242083601,54.618537548832386,0.09119786527067504,63.5009,-1.3895897304383822,-0.6513012786589489,-1.3976238922876787,-0.640431850188272,-1.3586509835368403,-1.0875195470220245
17479,Jack Flaherty,DET,SP,4.6065267358557715,9.270192218645077,1.3385530587175618,160.91096650988362,0.11467579686434455,156.221,-0.29940180374357217,1.2540575444221531,-0.21738633994811393,1.1209501750742785,-0.38629327387129586,0.29438526038668994
17578,JT Brubaker,SFG,SP,5.143624976935174,8.336208844131274,1.4077101779844277,44.990519131776495,0.10057304972168801,48.573,-0.9475619841738031,-0.8238895807519125,-0.683558745757462,-0.924013670472297,-0.9703700634690348,-0.8698788089249018
17594,Mitch Keller,PIT,SP,3.7512160590047356,8.106575695138813,1.1947873887852145,157.2234326846861,0.15089278885538882,174.551,0.7327712331994285,1.1879561750402878,0.751705330376347,1.4691608923088644,1.1136630252126758,1.0510513312275207
17606,Cristian Javier,HOU,SP,4.552663503416589,8.372062806360912,1.3737001111880218,130.88045785184013,0.11115312445614023,140.697,-0.23440065537605284,0.7157417378073346,-0.45430462371925157,0.8260443826929519,-0.5321876283666103,0.06417864260767439
17611,Taylor Clarke,ARI,SP,4.819983049468994,7.31883692060679,1.3874267861495655,49.35449545370166,0.1066398832680214,60.6914,-0.5569969179399424,-0.7456625530137095,-0.5468330164345856,-0.6938032637218546,-0.7191071978073321,-0.6524805897834848
17677,Jeffrey Springs,ATH,SP,4.134906537392701,7.6607695422166255,1.2667243659307055,139.26853429441925,0.12775937137955976,163.615,0.26974069114904103,0.866103298031001,0.26679453510219053,1.261412261448121,0.15557364907703686,0.563924886961478
17732,Nabil Crismatt,TEX,SP,4.632611028497569,7.1363614408115685,1.3462069228512366,4.348010581495713,0.11830630330250688,5.48348,-0.3308798435731658,-1.552432177956107,-0.26897929660619335,-1.7425751906301827,-0.23593288496508602,-0.8261598787461469
17735,Tyler Alexander,TEX,SP,5.144085827469809,6.331004912110718,1.4110238690796706,48.37591197842823,0.10375883173522586,68.77,-0.9481181300384407,-0.7632042789574908,-0.705895583473583,-0.5403359914768288,-0.8384282997826372,-0.7591964567457962
17874,Nestor Cortes,NA,SP,4.774879598282216,7.71835828442884,1.3534648334259782,11.389638282185665,0.10985618209779591,13.2809,-0.5025669108699208,-1.4262065605767338,-0.3179032204139551,-1.5944494289946503,-0.5859015552556361,-0.8854055352221792
17948,Trent Thornton,CHC,SP,4.539120303966483,8.21319814670346,1.3489085717890785,25.515668909092085,0.1110735014164766,27.96,-0.2180569738522738,-1.1729885529239727,-0.2871904973958924,-1.3155940040433023,-0.5354852815766067,-0.7058630619584096
17964,Tyler Gilbert,CHW,SP,4.755033528022685,6.704654215685926,1.3838817488445885,24.468263079356024,0.10941298170305688,32.845,-0.47861704193272775,-1.191763962974725,-0.5229367265563458,-1.2227948030781657,-0.6042570615331782,-0.8040739192150284
17968,Brock Burke,CIN,SP,5.748860586606026,6.309803814985251,1.5454816278930374,43.9142013932903,0.0917506748887046,62.6371,-1.6779490753299366,-0.8431832550004786,-1.6122447427537239,-0.6568412564919948,-1.3357559217668655,-1.2251948502685999
17995,Logan Webb,SFG,SP,3.296581504662885,8.484920164458627,1.1029177299967512,183.30067308170686,0.17263837663318443,194.428,1.2814157682845246,1.6554071549240676,1.370977797366176,1.8467596062462277,2.014274301065005,1.6337669255772003
18000,Triston McKenzie,SDP,SP,4.381384094546233,8.587514462867963,1.3386372262653983,21.804271722185952,0.11359748203202236,22.8516,-0.027703846363451076,-1.239517688114036,-0.21795369423762087,-1.4126370824896284,-0.43095256323296643,-0.6657529748875406
18383,Michael Soroka,ARI,SP,4.409962743521257,8.359660646368171,1.3017255105285357,122.75139922890438,0.1166949024822814,132.154,-0.062192029081900156,0.5700232353519085,0.030859783102350182,0.6637550124073507,-0.30267036584820234,0.17995512718630136
18525,Dylan Cease,TOR,SP,3.7522564734877326,10.999851552795862,1.217845064490673,211.10792879553009,0.1346421690475407,172.727,0.7315156803276367,2.153869750406009,0.5962787847085418,1.4345107914776651,0.44063033517513633,1.0713610684189978
18679,Freddy Peralta,NYM,SP,3.377638854303345,10.146035763645907,1.1520384442266178,184.76156593060608,0.14809145773338106,163.892,1.1835972644246509,1.6815945805613743,1.0398662390716782,1.266674365576543,0.9976436091519896,1.2338752117572471
18684,Sandy Alcantara,MIA,SP,4.275186243406407,7.4795381212250485,1.278935785463482,144.09995038373054,0.1274778819098768,173.393,0.10045374770678621,0.9527094783932774,0.18448013446941144,1.4471626375048465,0.14391553281820557,0.5657443061785055
18694,Kolby Allard,CLE,SP,4.99719389141034,7.33960173178328,1.3871603677852915,22.20482332368537,0.10124882858772463,27.2281,-0.7708516702028823,-1.2323375480469025,-0.5450371508586043,-1.329497736937137,-0.9423821298728349,-0.9640212471836721
19244,Cole Irvin,LAD,SP,5.101894595404401,6.308886748749794,1.4131778370761583,5.695740065387133,0.10571589618000285,8.12531,-0.897202534907967,-1.5282732770037166,-0.7204149916502637,-1.692388964819389,-0.7573748776104587,-1.1191309291983589
19291,Zac Gallen,NA,SP,4.173745613977909,8.266720633521837,1.2707101436056418,148.97549106121184,0.13108353089057262,162.19,0.22287041498388363,1.0401066198259359,0.23992731467075057,1.234341870173746,0.293246429824168,0.6060985298956968
19312,Cal Quantrill,TEX,SP,5.74284361390298,5.957671555956601,1.5665588809041924,22.42249125705013,0.09414812217725463,33.8727,-1.6706879044405807,-1.228435713067759,-1.7543217096404868,-1.2032718268587448,-1.2364636844912895,-1.4186361676997723
19316,Eric Lauer,TOR,SP,3.784472745214379,8.704401887615468,1.2144466685431814,57.65728109452916,0.13699817008097398,59.6153,0.6926376820434353,-0.5968298842005939,0.6191865985609613,-0.714245683406314,0.5382060419489197,0.10779095098928168
19320,Joey Lucchesi,NA,SP,4.160189718044864,7.571987099430936,1.27762525297267,35.17255314237665,0.12637408389633703,41.8058,0.23922941838742776,-0.9998828128707109,0.1933141358073745,-1.052568584038576,0.09820083669615434,-0.30434140120366604
19350,Dean Kremer,BAL,SP,3.782471538456905,8.044583533433693,1.2052497497323946,136.00619842930413,0.13900418455553787,152.159,0.6950527011848049,0.8076238702372422,0.6811809357095858,1.043785312367956,0.6212867695786405,0.7697859178156458
19361,Corbin Burnes,ARI,SP,3.6035177189317573,8.0346205078646,1.1874809549830592,33.79629206291447,0.14966181686345806,37.857,0.9110108464190789,-1.0245531606673284,0.8009563382197201,-1.1275830128555935,1.0626813149218526,0.12450246520754596
19362,Keegan Akin,BAL,SP,5.689333541926197,7.566503410612202,1.5125366326411613,55.71863817636672,0.089251265329721,66.2747,-1.6061129435589292,-0.6315812811253741,-1.3901700256637817,-0.5877386211939843,-1.439271009737595,-1.130974776255933
19374,Walker Buehler,NA,SP,5.780623786973117,6.587972857321947,1.5743597277888437,76.82088749526294,0.09245737346370805,104.947,-1.7162803155134845,-0.25331015382477146,-1.8069054435802345,0.14691000510776622,-1.3064874231739338,-0.9872146661969318
19388,Tony Gonsolin,NA,SP,4.62916010467709,7.62669283587332,1.4027646040917325,14.637318372671094,0.10835272058070605,17.273,-0.3267153328094789,-1.367989846785964,-0.6502217574024514,-1.518612440218208,-0.6481686417532371,-0.9023416037938679
19407,Ronel Blanco,HOU,SP,3.27785467148769,9.02164882337545,1.1781468994092943,18.48555892018126,0.154655194926808,18.4412,1.304014962698805,-1.2990077080559916,0.8638750830851513,-1.4964204184029628,1.2694861451430244,0.12838961289360523
19409,Dane Dunning,SEA,SP,4.708157016298908,7.634155691278232,1.379443649179528,15.117239923821279,0.10927786889385643,17.8219,-0.4220473383422601,-1.3593869503162084,-0.4930205065053163,-1.508185115466977,-0.609852868862988,-0.8784985558987499
19427,Shane Bieber,TOR,SP,3.6474736813965727,7.990074825595382,1.169482258477315,91.11881331108972,0.1539066876436627,102.636,0.857965607423468,0.0029891834961131496,0.92228145616076,0.10300847932876288,1.2384861047602769,0.6249461662338762
19447,Patrick Sandoval,BOS,SP,4.567551315173776,8.247589623834159,1.3876864087624576,66.58599842917799,0.10917812591993215,72.6605,-0.2523669900550801,-0.4367769950281751,-0.5485830733967243,-0.4664290741063345,-0.6139838055808716,-0.46362798763343716
19479,Aaron Civale,ATH,SP,4.930615418023471,7.936203978733155,1.3743807956232945,103.41579224642967,0.10291160978292806,117.278,-0.6905060052525054,0.22342028607518724,-0.45889296262277907,0.38115912426868725,-0.8735166888014038,-0.2836672492665627
19618,Jordan Hicks,CHW,SP,4.665099161348704,7.85821017768151,1.3853848490305558,50.69584594616957,0.10827283446530042,58.0619,-0.37008591881242564,-0.7216179995055343,-0.5330687829128429,-0.7437552594102531,-0.651477190459923,-0.6040010302201958
19666,Jason Alexander,HOU,SP,5.127774288919929,6.802820027196566,1.4410869142239506,40.15485460075479,0.10436962627489119,53.1241,-0.9284336683125244,-0.9105719171111533,-0.9085437306120461,-0.8375574896099771,-0.8131317451310625,-0.8796477101553528
19716,Dustin May,STL,SP,4.560440810747376,7.9050576650546684,1.3698271760963063,118.70322423820147,0.11178089402997306,135.145,-0.24378616539495218,0.4974571456378575,-0.4281980494664765,0.7205743389348276,-0.5061880388127165,0.007971846179707986
19755,Shohei Ohtani,LAD,SP,3.138482388938278,10.923290601288073,1.0863986876824367,131.03700775200744,0.16171350464152978,107.965,1.4722068443602554,0.7185479934969619,1.482328903065281,0.2042422443120205,1.561811805984779,1.0878275582438597
19795,Keegan Thompson,COL,SP,4.25327986490809,8.376982733569001,1.3075949422329123,28.479042044142677,0.11903578969242398,30.5971,0.12688995835515207,-1.1198682206092496,-0.008704720557851216,-1.2654976329347738,-0.2057206104083599,-0.4945802452310165
19853,Michael King,SDP,SP,3.583380860626228,9.704341123960532,1.1898420586097003,171.5414815280006,0.14176267069149567,159.091,0.93531163296863,1.4446162303195969,0.7850406758892937,1.1754708929391593,0.735531725553694,1.0151942315340747
19867,Griffin Canning,NA,SP,4.9809912596725985,7.579276932943682,1.4191904124292896,96.25176419709614,0.10341128968490619,114.294,-0.7512986351948476,0.09500056525386757,-0.760944394077558,0.32447277510185646,-0.8528220376088613,-0.3891183453051086
19879,Tanner Houck,BOS,SP,4.79845641809982,7.253436766996811,1.3728593321640954,17.32289946816735,0.11225943956261,21.4941,-0.5310189790730082,-1.3198491119714586,-0.4486371236195821,-1.4384251920720588,-0.4863686847853368,-0.844859818304289
19899,Clarke Schmidt,NYY,SP,3.636793408158054,8.956768670659876,1.1741578512403763,27.762201132273557,0.13805574347693103,27.8962,0.8708543627755807,-1.1327180460344997,0.8907643491723931,-1.3168059977017617,0.5820063077855101,-0.02117980480055548
19911,José Suarez,ATL,SP,4.714325817110734,7.969391275892405,1.3507538645878092,17.22397971821039,0.10384597638412524,19.4514,-0.42949173257299905,-1.3216223108737675,-0.299629196296688,-1.477229885585157,-0.8348191329837931,-0.872558451662481
19959,Jesús Luzardo,PHI,SP,3.5705164525666118,10.079469584499945,1.1495505778239712,194.04546867653318,0.15004308542266154,173.264,0.9508361616513004,1.848014392230754,1.0566363804330996,1.4447120547157981,1.0784718636554786,1.2757341705372862
19962,Joey Wentz,ATL,SP,5.513565632543492,7.673512540156136,1.4931320413568894,41.37728484153081,0.09052830921856395,48.53,-1.3939994955044677,-0.8886590841123212,-1.25936809090086,-0.9248305314019799,-1.3863811942125965,-1.170647679226445
19990,Bryse Wilson,PHI,SP,5.318153652941469,6.2822977614759274,1.445644052445307,16.130078715823288,0.0986977258692078,23.1079,-1.1581799484090758,-1.3412311762167475,-0.9392623624864831,-1.4077682114134022,-1.0480381322596646,-1.1788959661570746
20000,Tyler Wells,BAL,SP,3.657922621978289,8.301925170933124,1.1736877044288847,88.98935058697526,0.13884199158566535,96.4721,0.8453560200244491,-0.03518277879200577,0.8939335018571788,-0.014085685426407049,0.6145694152802056,0.4609180945886841
20070,Bailey Falter,KCR,SP,4.735492009149967,6.534379968525695,1.3765925337667477,49.9755188330595,0.11046361877314469,68.8328,-0.45503469995192536,-0.7345303172866222,-0.4738017862158386,-0.5391429945841754,-0.5607440692968538,-0.552650773467083
20099,Chris Paddack,MIA,SP,5.747136911406119,6.496567718132887,1.4717112751827464,79.97274861021585,0.09367506833128363,110.79,-1.6758689761169334,-0.1968110555992305,-1.1149755799411956,0.2579081077156052,-1.2560555958307393,-0.7971606199544987
20203,Eli Morgan,KCR,SP,4.656702774287048,7.618424277087873,1.3266360093541965,20.34847264746717,0.11254506828415227,24.0386,-0.3599533148740702,-1.2656138046367391,-0.13705622164993236,-1.3900879214772195,-0.47453913803052716,-0.7254500801336976
20253,Griffin Jax,TBR,SP,5.38951320999627,7.003148675836602,1.4706734349546198,51.663161534803386,0.09565762923249604,66.3942,-1.2442953363185734,-0.704278257535928,-1.107979735100919,-0.5854685076800982,-1.173946217094192,-0.963193610745942
20302,David Peterson,NYM,SP,4.23431968957894,8.230380076940405,1.3249040080654493,146.13862864615385,0.12643838146931158,159.804,0.14977074574636232,0.98925407195182,-0.1253811950409654,1.1890155869592496,0.10086377318803176,0.4607045965608997
20418,Josh Fleming,TOR,SP,3.6850362407606325,8.006670733720645,1.1818735135888352,8.089673220326882,0.14132711934404202,9.0933,0.8126358085287607,-1.4853605154531997,0.8387548248092669,-1.674000285486279,0.7174930108158942,-0.1580954313571114
20492,Casey Mize,DET,SP,4.244951388496158,7.613772099027532,1.267098415819933,121.50649697902503,0.12589271917571643,143.629,0.1369406089828993,0.5477075774177926,0.2642731499056638,0.8817429000378402,0.07826472369620635,0.38178579200808044
20531,Kutter Crawford,BOS,SP,3.9225059948002077,8.87284891488425,1.1969188646134676,75.441792247644,0.1303540546231546,76.5229,0.5260617204891408,-0.27803130587298375,0.7373375367881416,-0.39305596585500513,0.2630345744990079,0.1710693120096603
20548,Bowden Francis,TOR,SP,5.563268557934437,7.21281222910997,1.5100195431297865,7.279250243975883,0.09519424500720727,9.0829,-1.453980062606237,-1.499887858402375,-1.3732028979754933,-1.6741978518506675,-1.1931376531966134,-1.4388812648062772
20629,Tyler Phillips,MIA,SP,5.120740489170638,6.96047290059541,1.4087855738648363,54.21001907594387,0.10533404023459671,70.0944,-0.9199454094318983,-0.658624229920087,-0.690807744704816,-0.515176674842596,-0.7731897534233435,-0.7115487624645481
20633,Yusei Kikuchi,LAA,SP,4.187306101866052,9.985995619704356,1.2917197095194988,185.14701611973192,0.12049405812714649,166.866,0.20650587009422444,1.6885040182879154,0.09830661110617561,1.323170747085308,-0.1453252323228957,0.6342324028501455
20778,Cristopher Sánchez,PHI,SP,3.118550076750665,8.842597639769243,1.0618113448101447,184.06259991519224,0.1731197367925326,187.339,1.4962607884542651,1.669065173927995,1.6480665870628746,1.712091533443392,2.0342102251561296,1.7119388616089313
21052,Luis Gil,NYY,SP,3.7577057614840035,9.182897231551745,1.309582093698249,96.99690281305185,0.13012730734163608,95.065,0.7249395807973515,0.10835764487098588,-0.022099656453444548,-0.040816034592843824,0.25364365066695727,0.20480503705780126
21212,J.P. France,HOU,SP,4.825602284697301,6.887668098723292,1.411578349424305,12.448388673404773,0.11220297592137353,16.2661,-0.5637781066329829,-1.4072277921068823,-0.7096332093170598,-1.5377402837088519,-0.4887071725968814,-0.9414173128725316
21224,Bailey Ober,MIN,SP,4.206132875598413,8.192860313290817,1.2213793084057303,129.74395655689858,0.12659724154725252,142.526,0.1837860692720095,0.6953692353541875,0.5724552506159551,0.8607894673531844,0.10744309304539068,0.4839686231281455
21390,Joe Ryan,MIN,SP,3.364254798067541,9.994891204299275,1.0728190205812176,187.10991606181818,0.15873243694679384,168.485,1.1997488948735855,1.723690237664367,1.5738663492425455,1.353926510926159,1.43834845298681,1.4579160891386933
21446,Ryan Feltner,COL,SP,4.584073266816681,7.751970495473259,1.344497028309993,90.61708977186218,0.11448522391745714,105.206,-0.2723053743931172,-0.006004527359482845,-0.2574532865522487,0.15183016745167008,-0.3941860080936592,-0.15562380578936758
21448,Davis Martin,CHW,SP,4.403335968160023,7.330820386940747,1.3271911164865398,119.72777309511484,0.11700951843286433,146.989,-0.05419495967207235,0.5158228300358767,-0.1407980725267428,0.9455720331479447,-0.2896402893309184,0.19535230833081757
21453,Konnor Pilkington,DET,SP,4.806596882205542,8.056653656005023,1.4508480403703508,25.434318481764123,0.1004328391496506,28.4124,-0.5408427399420566,-1.1744468106379586,-0.974341261037175,-1.306999867192406,-0.9761769988097085,-0.9945615355238608
21455,Kris Bubic,KCR,SP,3.6253821498380856,8.860936231773476,1.2005177881890148,131.1201961639031,0.14420571043110497,133.178,0.8846252573455243,0.7200391982434597,0.7130780118206144,0.6832077005932872,0.8367122114219179,0.7675324758849607
21487,Stephen Kolek,KCR,SP,3.9229791705072694,7.239965721070757,1.2364767301461432,57.09300212728334,0.13555448323352082,70.9723,0.5254907008353658,-0.6069449405543713,0.47068696574728985,-0.49849941414100046,0.47841457220793376,0.07382957681904352
21504,Jake Irvin,WSN,SP,5.0931410733950395,6.764896974493619,1.432208588434656,107.47842816509646,0.1049439116018516,142.989,-0.8866389471487046,0.2962455970428613,-0.8486969565325246,0.8695849699216301,-0.7893472493380718,-0.27177051721096196
21537,Daniel Lynch IV,KCR,SP,4.937241477284169,7.501095071136511,1.4038631850952965,48.587009795274106,0.10447043164363906,58.2959,-0.698502210485507,-0.7594202174604312,-0.6576270419897351,-0.7393100162115137,-0.8089568084639795,-0.7327632589222333
21649,Luis Medina,ATH,SP,4.943620469422692,8.175830554520909,1.4387825011279634,83.46487390962275,0.09944843498678155,91.8786,-0.7062002597048805,-0.1342125072777144,-0.8930102062500842,-0.10134732915892579,-1.0169469011059853,-0.570343440699518
21690,Edward Cabrera,CHC,SP,3.893659119838561,9.748553609916712,1.268223913117199,144.1865237537848,0.12418288791404924,133.115,0.560873593345796,0.954261360649512,0.2566864287067398,0.6820109043474729,0.007450665699822298,0.49225659054986853
21741,Javier Assad,CHC,SP,4.227625980649128,7.585605245823541,1.3297615152984257,52.45302743832335,0.11938701170114976,62.2333,0.15784858934342041,-0.6901194130816898,-0.15812454608042723,-0.6645121505246911,-0.19117446409959318,-0.3092163968885962
21844,Braxton Garrett,MIA,SP,3.8390635679372496,8.585776313661734,1.1735589931535888,109.93895774614658,0.13610179332603575,115.243,0.6267584912369634,0.3403521415308398,0.8948011152785526,0.3425007058522995,0.5010818666376592,0.5410988641072628
21846,Cole Ragans,KCR,SP,3.301820072926219,11.280570914462956,1.1076580249676335,188.53218169341937,0.15392565750841744,150.417,1.2750939614137093,1.7491852460711215,1.3390245475164397,1.0106929463328962,1.2392717572003993,1.3226536917069134
22100,José Soriano,LAA,SP,4.072965969120643,8.166631889307487,1.316216728602689,152.6906090308388,0.12636613685250958,168.272,0.344489418358581,1.1067024523928037,-0.06682222078025689,1.3498801998093573,0.09787170338626965,0.566424310633351
22182,Hunter Greene,CIN,SP,3.143699202966281,11.151527254098246,1.0736028779920423,205.3789164973112,0.1596738622179973,165.754,1.46591129009654,2.051173591924661,1.5685825447855437,1.3020463435083922,1.477338349387031,1.5730104239404337
22191,Tobias Myers,NYM,SP,3.662993473367726,8.40595605219291,1.171703336370299,51.06693021316545,0.1385757070186838,54.6758,0.8392366107616165,-0.714966079993127,0.9073096754411656,-0.808080208107909,0.6035410224834876,0.16540820411704674
22201,MacKenzie Gore,TEX,SP,4.022219896719578,9.736132146127277,1.2602524843159766,170.4396475576434,0.12881976461514966,157.553,0.4057288358951155,1.4248651615227796,0.31042001653396195,1.146253867128641,0.1994907008747791,0.6973517163910554
22207,DL Hall,MIL,SP,4.918250500330619,8.244970516540052,1.4211091534208151,50.6550834163847,0.10265763609375113,55.2938,-0.6755842522661291,-0.7223486935590606,-0.7738781905344766,-0.7963402068394435,-0.8840352165404476,-0.7704373119479115
22250,Logan Gilbert,SEA,SP,2.9980815990693688,10.42094701262102,1.0042452422824317,190.4671221986786,0.17309935508796406,164.496,1.6416399095497682,1.7838702749096629,2.036106586312365,1.2781484121237168,2.0333661002171732,1.7546262566225372
22264,Shane Baz,BAL,SP,4.137878660907204,8.922054169592645,1.271958944570205,154.85216350680213,0.12467212425712669,156.205,0.2661539877006181,1.1454496795716684,0.23150943150559092,1.1206462268213733,0.02771278837200014,0.5582944227942502
22267,Tarik Skubal,DET,SP,2.2891381663995443,11.376783579739836,0.8682042798613807,240.04381309718846,0.22843907522315166,189.895,2.4971796750694417,2.6725637251012455,2.953127760889039,1.760647266845007,4.325305801527672,2.8417648458864813
22286,Trevor Rogers,BAL,SP,3.850377264593983,8.255678096174954,1.2332084467174036,144.8330300314622,0.133113062729072,157.891,0.6131053322699481,0.965850393399919,0.49271772071501957,1.1526747739712646,0.3773011482861925,0.7203298737284687
22294,Matthew Liberatore,STL,SP,4.325993916086451,7.608226551512373,1.2920985939816743,122.57275653739295,0.12021387406892284,144.995,0.03913999209783989,0.5668209524444873,0.0957526371534064,0.9076924821296268,-0.1569292839001056,0.290495355985051
22487,Johan Oviedo,BOS,SP,3.884980933649472,8.829776645994661,1.2781890612056064,100.41908762230929,0.1272697714877181,102.355,0.5713462672365589,0.16970246579818565,0.18951363279120814,0.09767038813711444,0.13529646973590517,0.23270584473979444
22543,Taj Bradley,MIN,SP,4.355734877604195,9.22031915656018,1.2813894545616624,115.97317435121396,0.11660915861097101,113.202,0.00324915219345138,0.44851927969136285,0.16794050935655827,0.30372830684107266,-0.3062215182992855,0.12344314595663194
22630,Keider Montero,DET,SP,4.563247711888935,7.426790771330241,1.331311728414812,51.5238560954883,0.11060236341395172,62.4381,-0.2471734815528055,-0.7067753953894571,-0.16857417998137583,-0.6606216128875039,-0.5549978466952058,-0.4676285033012696
23150,Osvaldo Bido,NYY,SP,4.136520898815648,8.716709813875525,1.288074917536268,17.898117113161884,0.12270095156320832,18.4798,0.2677925097715078,-1.309537972920493,0.12287532457355928,-1.495687143242829,-0.05392493845954658,-0.49369644405556024
23301,Janson Junk,MIA,SP,4.195709017615725,6.779805516340193,1.2500274384771846,64.57832552369197,0.13202489225929667,85.7259,0.19636538745644427,-0.4727657980099037,0.37934472405086833,-0.21822873013706226,0.3322336796510203,0.04338985260227339
23313,José Buttó,SFG,SP,4.087752944153617,8.65383318818235,1.309958621391917,59.96817938304096,0.12203547808449088,62.367,0.3266447715652349,-0.5554055749972319,-0.024637743965935353,-0.6619722829363516,-0.08148606602426478,-0.19937137927170973
23335,Joey Cantillo,CLE,SP,4.351931750443341,9.05755181102723,1.3085579492054185,126.28843850650699,0.11468969716843522,125.486,0.007838695405926212,0.6334268950578509,-0.015196131448638099,0.5370845780090845,-0.38571758142601675,0.15548729111964135
23429,JP Sears,SDP,SP,4.631759105727612,7.3248509380013065,1.3253224908152048,106.05651673132093,0.11363807363826026,130.311,-0.329851758999331,0.27075693785550875,-0.12820209204059962,0.6287439730258264,-0.4292714287124207,0.0024351262257967686
23499,Keaton Winn,SFG,SP,4.863823927548169,7.563939106204153,1.3651563637044901,25.292131495789754,0.10743556048997954,30.094,-0.6099032752367204,-1.17699560203262,-0.3967131658730052,-1.2750549058120633,-0.6861535758884032,-0.8289641049685624
23550,Aaron Ashby,MIL,SP,4.711037275220329,9.515017959676118,1.3777086185939718,70.6521800232484,0.10279001735610326,66.828,-0.42552318130618877,-0.36388812559278966,-0.48132506009580794,-0.5772277106732042,-0.8785525384540162,-0.5453033232244013
23590,Ben Brown,CHC,SP,4.668528519314301,9.293237832450721,1.306925037505959,54.88710173683162,0.10729336046271373,53.1552,-0.3742244043030396,-0.6464870962174558,-0.004189045215420678,-0.8369666901933924,-0.6920429061420037,-0.5107820284142625
23796,Ryan Weathers,NYY,SP,4.238322674093977,8.111894536853745,1.265044462389439,113.91263101619153,0.11814267394692178,126.384,0.14494001839132253,0.41158274091714236,0.27811838264907696,0.5541436737033921,-0.2427097283507989,0.22921501746202705
23899,Valente Bellozo,COL,SP,4.395903796379518,6.973459427486507,1.3196755691384356,11.447553513279322,0.1160577521609916,14.7743,-0.04522595282416413,-1.425168393534794,-0.09013747784927834,-1.566079658939106,-0.3290584667185988,-0.6911339899731882
23920,Brayan Bello,BOS,SP,3.82362838950906,7.990628800922894,1.2409414241054462,138.26717722823614,0.14174639335950834,155.733,0.6453853778469107,0.8481533411078626,0.44059147960971295,1.1116797533606682,0.734857586556929,0.7561335076964167
24282,Kai-Wei Teng,HOU,SP,4.734202781708651,9.068667933338583,1.4008914069471228,31.213448159758066,0.10637800338642919,30.9771,-0.4534788842238767,-1.0708522665173186,-0.6375949616551,-1.2582788619282739,-0.7299531669616652,-0.8300316282572469
24492,Grayson Rodriguez,LAA,SP,3.862073898541385,9.423494902542535,1.2054789526020797,120.17783049212494,0.13536293725094303,114.777,0.5989900516938318,0.5238903927086643,0.6796359313150679,0.33364821298643405,0.47048153891784655,0.5213292255243689
24494,Simeon Woods Richardson,MIN,SP,4.151629487565564,8.4265493543979,1.2800494547483376,114.12450303965718,0.11723127447268653,121.891,0.24955974551871252,0.4153806805561195,0.17697314321094407,0.46879120493443444,-0.28045608184970455,0.20604973847410119
24586,Kyle Bradish,BAL,SP,2.852246964796396,10.732549420187416,1.0188550580173141,167.80579519561252,0.18056959225631344,140.717,1.817630437229364,1.3776516968786754,1.93762514258305,0.8264243180090837,2.34275207294201,1.6604167335284366
24719,Randy Vásquez,SDP,SP,4.520268317520175,6.359192446970107,1.3673387635769791,97.6128974840526,0.11618639201370684,138.149,-0.19530674679520826,0.1193997378293874,-0.41142422685676805,0.7776406234177896,-0.3237307421676151,-0.006684270914482882
24728,Mike Burrows,HOU,SP,4.166022361185438,8.801032643631965,1.2576264617250867,123.50000162550756,0.1191338231535135,126.292,0.2321906929900374,0.5834424054215868,0.3281214373259546,0.5523959712491868,-0.2016604745605629,0.2988980064852405
24968,Reese Olson,DET,SP,3.753715127916314,8.57269960108892,1.1957417869013791,9.04589356862547,0.13252696304573244,9.49678,0.7297554032585577,-1.468219662663882,0.7452719498274044,-1.6663354704186406,0.3530273512758366,-0.26130008574414476
24975,Cooper Criswell,SEA,SP,4.642926490411207,7.132456849112629,1.3543078219312465,34.920270984693794,0.11086676410300647,44.0637,-0.34332835139499,-1.0044051296504235,-0.32358561412463177,-1.009675786523902,-0.5440474762412517,-0.6450084715870398
25098,Jacob Lopez,ATH,SP,3.8366002248955944,10.00173689505675,1.2239106154104882,141.152290191737,0.13337373430593827,127.015,0.6297312078616389,0.8998708104923129,0.555392286039647,0.5661306329273432,0.38809707451356645,0.6078444023669017
25311,Roddery Muñoz,HOU,SP,5.7153049268155565,7.573240052226849,1.5492342682008302,41.34955409671183,0.08721753189030801,49.1396,-1.6374547284102068,-0.889156175201761,-1.6375404372384859,-0.9132501029662896,-1.5234997409325972,-1.320180236949868
25377,Brady Singer,CIN,SP,4.086135749238727,8.311198591297291,1.2565637609910922,153.81812272866938,0.13302029503861376,166.566,0.32859637234821154,1.126913846499655,0.3352848611798301,1.3174717173433343,0.37345909862926024,0.6963451792000582
25385,Drew Rasmussen,TBR,SP,3.258895756627947,8.162139540953552,1.0984598480519812,140.45228341194186,0.15560504701725908,154.87,1.3268942289789485,0.8873227475010346,1.4010273652637095,1.0952855444695908,1.308825045143955,1.2038709862714476
25386,Jhony Brito,SDP,SP,4.260361670116748,7.683135154659445,1.2858982829131527,16.681110838786275,0.11809509376827115,19.5402,0.11834376737789074,-1.3313535779009413,0.1375475233230488,-1.4755429727815328,-0.24468030030487495,-0.559137112057282
25436,George Kirby,SEA,SP,3.616660089547536,8.593335143273976,1.124658597993656,157.59985689761285,0.15645400096638074,165.058,0.8951508776869438,1.194703816451175,1.2244275528513437,1.2888245945070136,1.3439851662255766,1.1894184015444105
25550,Matt Waldron,SDP,SP,4.4885517468374925,7.796006967703695,1.3008040264771599,35.37204281386521,0.11655905756024922,40.8348,-0.15703177844863214,-0.9963068346999274,0.037071297429417074,-1.0710144436367637,-0.3082964942288014,-0.49911565071694153
25636,Hunter Gaddis,CLE,SP,4.602807956851724,6.984095271331316,1.3563308976318922,51.89718233903303,0.11291236133894514,66.8769,-0.2949140503199168,-0.7000832870334958,-0.33722270711667984,-0.5762987688252625,-0.45932739622484126,-0.47356924190403926
25880,Hunter Brown,HOU,SP,3.106911704656253,10.267668486429463,1.0821135637613808,203.18917338206074,0.17281177872093184,178.103,1.5103057597084402,2.0119210656092417,1.5112139484322145,1.536637404453832,2.021455890133897,1.718306813667525
25977,Quinn Priester,MIL,SP,4.1080379521577814,7.746391749820953,1.2662866337522034,139.3214377511131,0.12493880761059271,161.868,0.30216520071133524,0.8670516258561187,0.2697451881212246,1.2282249115840278,0.03875769723663239,0.5411889247018677
26056,Brandon Walter,HOU,SP,3.4500139896407505,8.650546026159569,1.107811842711879,7.033355281722458,0.158288646226572,7.31748,1.0962562955086497,-1.5042956806758918,1.3379876971002969,-1.7077351221409174,1.4199684978973208,0.12843633753789163
26079,Beau Brieske,DET,SP,4.4254613492723855,7.033579686575767,1.3265962792856802,35.431735822010836,0.1167792489148924,45.3376,-0.08089545860697152,-0.9952367998831654,-0.1367884102977605,-0.9854758065629015,-0.2991770894620403,-0.49951471296256783
26108,Andre Pallante,STL,SP,4.827015739635545,6.825087392128367,1.4152481591477235,103.47970001031959,0.10661832925200307,136.455,-0.5654838377967286,0.22456587304672643,-0.7343705616788169,0.7454601021414456,-0.7199998749823235,-0.20996565985393936
26221,Ryan Pepiot,TBR,SP,3.61862708380023,9.373159718341073,1.2037338654192427,172.08600511778747,0.13938119704141524,165.235,0.8927771455608265,1.4543771590735761,0.6913991669586899,1.2921870220547784,0.6369010495598414,0.9935283086415426
26253,Ryne Nelson,ARI,SP,3.6643254097246323,7.891697547975035,1.168395314625155,140.05395638391295,0.14383165895220923,159.723,0.8376292547075752,0.8801824843163004,0.929608297358206,1.187476848928917,0.8212205639628996,0.9312234898547797
26257,Joey Estes,ATH,SP,4.524749587494718,6.910759528716295,1.2946028984462874,21.508356881223726,0.11767069776964406,28.0107,-0.2007146601583552,-1.2448221482587434,0.07887169055638507,-1.3146308680169085,-0.262257007161263,-0.588710598607777
26378,Nick Lodolo,CIN,SP,3.7415768435968126,9.30754375762667,1.1617797081245973,152.81849261341506,0.1427275796739478,147.769,0.7444036592998178,1.1089948462610273,0.9742025955439387,0.960389510477076,0.7754942190327128,0.9126969661229145
26389,DJ Herz,WSN,SP,4.117636714138618,9.98873289611074,1.2701106271616127,31.281159881144664,0.11578086964145229,28.1848,0.2905815930553089,-1.069638491208663,0.24396851861328117,-1.3113235310899833,-0.3405257823750708,-0.4373875386010254
26410,Alek Manoah,LAA,SP,4.228680061696767,8.080786335094329,1.3413885718177476,85.12605599538803,0.12260057053114815,94.8094,0.1565765439152832,-0.10443477075598204,-0.23649988859835183,-0.04567160793300534,-0.05808230087618337,-0.05762240484964788
26419,Bradley Blalock,MIA,SP,6.996495015072186,5.69260318255484,1.7286437212117947,10.148709702712297,0.07395542793017539,16.0451,-3.183571128085914,-1.4484509879628034,-2.846898739343639,-1.5419385689521057,-2.0727606066341564,-2.218724006195724
26440,Ryan Gusto,MIA,SP,4.989268986426669,7.9671607604861014,1.3925059544271754,45.82887917448505,0.10425106461402187,51.77,-0.7612880420781918,-0.8088614482696007,-0.5810705341418676,-0.8632810101886651,-0.8180420731366231,-0.7665086215629897
27463,Garrett Crochet,BOS,SP,3.069105436762377,11.225675626658898,1.0234378870353547,220.5221611992548,0.17019411330341838,176.8,1.5559296615299056,2.3226258033845872,1.9067333348935354,1.51188461860786,1.9130431392112222,1.842043311525422
27468,Reid Detmers,LAA,SP,4.562280796065648,9.3893994202306,1.325276342075356,142.63645312592755,0.10964159501892684,136.721,-0.24600662549827298,0.9264753670838846,-0.12789101388540056,0.7505132418459953,-0.594788854364609,0.14166042303631945
27470,Emerson Hancock,SEA,SP,4.723430596392247,6.843736302375651,1.3741755521089345,46.86697077987105,0.11118747411849289,61.6334,-0.44047921108349075,-0.7902530015643945,-0.45750946279108756,-0.6759083103320576,-0.5307650090494118,-0.5789829989640884
27473,Cade Cavalli,WSN,SP,4.586232541318386,7.547315443025436,1.338275067081586,114.87936553949973,0.11441903857644212,136.991,-0.27491114675202727,0.4289120669243347,-0.21551246158083162,0.7556423686137718,-0.39692712804053515,0.05944073983294248
27474,Max Meyer,MIA,SP,4.650968664202253,8.072640464638345,1.3328737897146894,111.75673763240162,0.11340400845768939,124.595,-0.353033497338086,0.372936992385688,-0.17910367979144728,0.5201584596754228,-0.4389654293097182,-0.01560143087562812
27483,Bobby Miller,LAD,SP,4.7163503447045185,8.04905529091577,1.3528438856487148,19.572440581181493,0.10978652012591857,21.8848,-0.4319348948664298,-1.2795246688341608,-0.31371755273031665,-1.4310031556714287,-0.588786662708786,-0.8089933869622244
27487,Landon Knack,LAD,SP,4.200523666818847,8.633667454362033,1.2718553787896185,24.005048990108197,0.12096256421722046,25.0236,0.19055515823295574,-1.2000673676532203,0.23220754486842868,-1.3713761071577395,-0.1259216700077419,-0.45492048834346355
27498,Spencer Strider,ATL,SP,4.165934154652229,9.867406378229509,1.270679147240176,166.40065202700305,0.1255062984197169,151.773,0.2322971389958277,1.352463619419431,0.24013625411782064,1.0364525607666166,0.06226079252484828,0.5847220731649089
27500,Slade Cecconi,CLE,SP,4.458800940607968,7.630647196789149,1.2818788820254947,124.26085035126864,0.12022101164552787,146.56,-0.12112905812893757,0.5970810986646408,0.16464139018122875,0.9374224206169224,-0.15663367533627018,0.2842764351995168
27517,Jared Koenig,MIL,SP,5.65807742652189,6.457330826038121,1.5312671363917079,46.48912279333972,0.09289928285791889,64.7949,-1.5683936440890796,-0.7970261650150549,-1.5164280897355271,-0.6158500352345594,-1.2881853847375326,-1.1571766637623508
27552,Graham Ashcraft,CIN,SP,4.742380774629798,6.881760174389807,1.3823298360462486,48.29535179984635,0.11483192229183327,63.1609,-0.463347934170261,-0.764648370964328,-0.5124756354860728,-0.6468907505625088,-0.3798272117956053,-0.5534379805957552
27581,Hayden Wesneski,HOU,SP,4.122811678751585,8.152207366228746,1.2448880869087977,21.310051215485633,0.1284162398824809,23.5262,0.2843365418882819,-1.2483769023797495,0.41398792362790476,-1.3998218642765103,0.18277839454209596,-0.35341918131959543
27589,Logan Allen,CLE,SP,4.724280651855743,7.451322002838179,1.3937807913492952,96.40768784672129,0.10913395764336326,116.445,-0.4415050422265752,0.09779559500757799,-0.5896639197730114,0.36533481835180703,-0.6158130708239811,-0.23677032389283653
27597,Cody Bradford,TEX,SP,3.517754648853119,8.518414211172194,1.1313245043975824,40.28907044934717,0.1515248463554076,42.5668,1.014508126292321,-0.9081660133811095,1.1794941944616302,-1.0381120452597696,1.1398402027311978,0.27751289296885395
27636,Mitchell Parker,WSN,SP,4.870879713049636,6.884999680488147,1.3880973905688179,66.88448239609501,0.109455483658272,87.4307,-0.6184180661146738,-0.43142648168049363,-0.5513534082436041,-0.1858430437900069,-0.6024968083496984,-0.47790756163569537
27649,Connor Phillips,CIN,SP,4.95119474076543,9.193186278884212,1.4501404651089567,53.32834569912259,0.09918280431864904,52.2077,-0.7153407496649121,-0.6744287812321818,-0.9695716571931743,-0.8549661257951257,-1.0279482121478787,-0.8484511052066545
27669,Tanner Gordon,COL,SP,5.620992929788532,6.696083924252732,1.4643316667119164,63.90154729940123,0.09922084244614168,85.8881,-1.5236407622968182,-0.48489747449453874,-1.0652313183055597,-0.21514745472323524,-1.0263728320348073,-0.8630579683709918
27688,Jack Kochanowicz,LAA,SP,5.503556355336999,5.784611582212088,1.5197991099665247,19.370157523809322,0.09671316102879515,30.1371,-1.3819204856996712,-1.2831507202085735,-1.4391247328984211,-1.2742361452057998,-1.1302305057746607,-1.301732517957425
27691,Louis Varland,TOR,SP,4.13846807179439,8.426248953547393,1.2367298075046955,62.352837881425124,0.12490269531651559,66.5985,0.2654426975906043,-0.5126590675145914,0.4689810288554286,-0.5815874684258141,0.03726207708715239,-0.06451214648144406
27707,Mitch Spence,ATH,SP,4.742770858195518,7.449669812036947,1.3493187630256638,17.684936715012554,0.10863157413440322,21.3653,-0.46381867977134844,-1.3133593660008094,-0.28995550319179575,-1.4408719755079462,-0.6366196941075175,-0.8289250437158835
27756,Mick Abel,MIN,SP,5.029597455392336,8.23929130210533,1.4137500939783414,83.55309678407087,0.1018171526551871,91.2673,-0.8099556893017792,-0.1326310566149499,-0.7242724452235145,-0.1129600520964873,-0.9188445245100776,-0.5397327535493617
27758,Kyle Harrison,MIL,SP,4.205332388415847,8.727899007330818,1.2631547861454835,64.89415958258428,0.11962106634968142,66.9173,0.18475208233442597,-0.4671042733216262,0.2908562602556646,-0.5755312994866769,-0.1814808996953004,-0.1497016259827026
27768,Eury Pérez,MIA,SP,3.494351298020011,10.005772593600218,1.1374185294677934,160.10125551768672,0.13595708416715202,144.008,1.042750855347203,1.2395429642379574,1.1384157580235776,0.8889426742785339,0.4950886186490777,0.9609481741072698
27779,Bryce Elder,ATL,SP,4.755798003369394,7.209852847987159,1.387540699940218,73.04758544309497,0.11367572529757758,91.1847,-0.479539596580573,-0.3209489727653256,-0.5476008833788176,-0.11452918495211067,-0.4277120544944308,-0.3780661384342515
27782,Brandon Pfaadt,ARI,SP,4.609631474075242,8.05219873977597,1.2860047487551007,151.1388756568461,0.11822970449198414,168.929,-0.30314854415455667,1.0788866530540777,0.1368298613064178,1.3623610749442796,-0.23910528725554514,0.40716475157893467
27792,Gavin Stone,LAD,SP,3.8474948119058485,7.803882345988191,1.2109146380860158,21.838817906032574,0.1359029597732794,25.1861,0.6165838226307958,-1.2388984259818285,0.64299521223752365,-1.3682891327141706,0.4928470126773999,-0.17095230223005595
27819,Brandon Young,BAL,SP,5.413077677787781,7.19595763586255,1.4741584602397055,26.44562404230393,0.09631642943863711,33.0756,-1.272732498326017,-1.1563185206793993,-1.1314714976074758,-1.2184141488831688,-1.1466614685627992,-1.185119626811772
27863,Jared Jones,PIT,SP,3.8418169039332177,9.424625064191499,1.200000983702507,89.19433745333954,0.13203597664095928,85.1757,0.6234358165018064,-0.031508259936236224,0.7165616732767652,-0.2286807506838416,0.3326927483693832,0.2825002455055754
27889,J.T. Ginn,ATH,SP,4.602852019611621,8.602008603586068,1.3175236087420483,63.33773628268468,0.11041493318150611,66.2682,-0.2949672244400695,-0.4950041425399632,-0.07563160244808945,-0.5878621001717271,-0.562760422832536,-0.4032450984864771
29608,Joe Boyle,TBR,SP,4.754966842701494,9.703728819715328,1.4661921167607148,78.54413745095802,0.10054797826408216,72.848,-0.47853656732583183,-0.22241981159107496,-1.0777721887803657,-0.462867180517601,-0.9714084183598115,-0.642600833314937
29812,Robert Gasser,MIL,SP,3.8329564215405623,7.413502751028199,1.1960383149657012,62.77284607729781,0.1404728436261706,76.2063,0.6341284820647781,-0.5051301557229,0.743273121614193,-0.3990703419093681,0.6821124843356009,0.23106271807646078
29837,Bryce Miller,SEA,SP,4.175494492032957,7.945842641129613,1.2489846180723423,127.53254013293943,0.1232270766012104,144.452,0.22075990143345292,0.655728201311763,0.38637413912925656,0.8973772382966546,-0.032135040362758945,0.4256208879616736
29839,Emmet Sheehan,LAD,SP,3.4329707272009595,10.239414270405483,1.1383496275222247,152.67421762253258,0.14271918797519684,134.194,1.116823788032725,1.1064086260615755,1.1321394378893672,0.7025084146527709,0.7751466699760532,0.9666053873224982
29863,Ryan Bergert,KCR,SP,4.120241275746044,8.82580554724315,1.2998903327582134,61.768674960960226,0.1179903382570695,62.9878,0.2874384564886758,-0.5231305562697546,0.043230298898094946,-0.6501790907236276,-0.249018835347474,-0.2183319453908171
29869,Michael McGreevy,STL,SP,4.30340865929974,6.548320967467309,1.2872362456589541,104.12994484222794,0.12587775332101392,143.116,0.06639546045409016,0.236221921739465,0.12852862087734823,0.8719975591790659,0.07764490060218036,0.27615769257042994
29878,Sean Burke,CHW,SP,4.466745214159893,8.727510127755869,1.357483277369271,137.28858292633743,0.11015385774074224,141.575,-0.13071605988201493,0.8306114210899953,-0.34499063672790153,0.8427235430711277,-0.5735730754130355,0.12481103842763419
29911,Andrew Abbott,CIN,SP,3.6339934865325056,8.365878520662633,1.1928451008558327,151.2718154106217,0.14136743899273596,162.738,0.8742332561831605,1.0812696819797543,0.7647978513837709,1.2447520978357514,0.7191628819926692,0.9368431538750212
29914,Andrew Alvarez,WSN,SP,3.818970422159146,8.771795914241128,1.228039122031593,107.97398519637498,0.13399514022870812,110.783,0.6510065263204019,0.3051287693545261,0.5275629622568918,0.257775130354959,0.4138331082619576,0.43106129930974724
29921,Spencer Arrighetti,HOU,SP,4.376174514012725,9.483375396541138,1.335570934312138,101.66083591338136,0.1148224458438411,96.4791,-0.02141702134652593,0.19196158703161814,-0.1972845178474176,-0.013952708065760903,-0.3802196866279245,-0.08418246937120215
29928,Dylan Dodd,ATL,SP,6.38841493405068,5.714658134408678,1.6304133272739976,24.705673542877093,0.0840029747400314,38.9089,-2.4497513817414807,-1.187508230691785,-2.184750003956354,-1.1076003149036535,-1.656633250405585,-1.7172486363397717
29960,AJ Smith-Shawver,ATL,SP,4.0582002653692,8.447289088226677,1.2884521540287603,6.3720905073058525,0.11868922130194315,6.78902,0.3623083953645029,-1.5161492687878833,0.12033245920946532,-1.7177741529990622,-0.2200740233172416,-0.5942713181060439
30004,McCade Brown,COL,SP,5.9466169398943824,7.521583419628405,1.605414606801499,45.84731029545029,0.08468750539830323,54.8589,-1.916597769041925,-0.8085310588026025,-2.0162393171556166,-0.8046019002887245,-1.6282828541870138,-1.4348505798951765
30031,Julian Aguiar,CIN,SP,5.124263069701618,6.941657382351115,1.4421921020997481,25.132501941381623,0.1015427856741748,32.5848,-0.924196394182754,-1.1798570624667162,-0.9159935506218088,-1.2277377615410374,-0.9302076570841967,-1.0355984851793028
30055,Cade Povich,BAL,SP,4.930240870587608,8.462575202641696,1.3871762721989125,39.42159018091927,0.10140621231088093,41.9251,-0.6900540083643362,-0.9237161442742846,-0.5451443588921268,-1.050302269877851,-0.9358639544545133,-0.8290161471726224
30056,David Festa,MIN,SP,4.552447488100656,9.17142339741788,1.3118155664137396,53.58893262522592,0.10878301665096327,52.5873,-0.2341399721053914,-0.6697575962410804,-0.037154987851388904,-0.8477549534949484,-0.6303475786121295,-0.4838310176609877
30076,Landen Roupp,SFG,SP,4.234063967661223,8.4113275087956,1.3096759306828634,111.82859922943749,0.12234053106017548,119.655,0.15007934620648336,0.37422515683250057,-0.022732190216205685,0.42631443659092455,-0.06885204792177917,0.17180694029838475
30094,Jordan Wicks,CHC,SP,4.726116021700235,7.535104185960334,1.3754138470124224,32.02034151485859,0.10902112392214813,38.2454,-0.44371993246187225,-1.0563881942550348,-0.4658565269889596,-1.1202046690163185,-0.6204861715311728,-0.7413310988506716
30107,Christian Scott,NYM,SP,4.3849028876343485,7.779221977915083,1.2955574772016445,30.284511160023417,0.11844065884514111,35.037,-0.031950260498612215,-1.0875040480772213,0.07243709235974627,-1.1811538924301452,-0.2303684404485206,-0.4917079098189506
30113,Chad Patrick,MIL,SP,3.9941960093352935,9.099215785888024,1.2329709597350487,129.36355082797002,0.1259638789940433,127.953,0.43954754263087126,0.6885502227580013,0.49431856642817873,0.583949599253914,0.08121186568324512,0.45751555935084215
30122,Gavin Williams,CLE,SP,3.66988924798439,9.358987320460944,1.2465923526528526,167.76088760674244,0.1326313736905626,161.326,0.8309149180471503,1.3768467000269407,0.4024998560151003,1.217928664516862,0.3573516033960333,0.8371083484004174
30134,Tanner Bibee,CLE,SP,3.9570812617839417,8.403894952450216,1.2227367131937976,164.60242160311324,0.13016376661484988,176.278,0.4843369305483608,1.3202292050064646,0.5633052937869456,1.5019683068568257,0.2551536412407351,0.8249986754878664
30146,Jack Leiter,TEX,SP,4.334266995426407,8.812511203986475,1.3250469441179589,153.5815077593416,0.11548181974128785,156.849,0.029156193627521112,1.1226723739518132,-0.1263446944490041,1.1328801440008096,-0.35291117820261503,0.3610905677857049
30160,Richard Fitts,STL,SP,4.5257472111402,8.043927439008899,1.333671944005014,89.65135884718508,0.11333332659753124,100.307,-0.20191857384229883,-0.02331586322828725,-0.18448385626021954,0.0587650117652414,-0.44189277626888573,-0.15856921156689
30171,Mason Black,KCR,SP,5.685701540773792,7.281021917207259,1.5204581644030142,29.582953850100143,0.08993685973736446,36.5672,-1.6017299120346877,-1.1000799052988977,-1.4435672689015775,-1.1520850413929187,-1.410876557470111,-1.3416677370196386
30182,Will Warren,NYY,SP,4.686454909868592,9.180404346061241,1.3456833506604693,125.53590916282344,0.1074476219846662,123.069,-0.3958576394310885,0.6199373319852045,-0.2654500155954705,0.49116939505458396,-0.6856540392362125,-0.0471709934445966
30184,Noah Cameron,KCR,SP,3.4854908460288434,8.179301732737532,1.1643363691215882,130.67343329351846,0.1452665312753459,143.785,1.0534434842222238,0.7120306920381462,0.9569687254747264,0.8847063955036666,0.8806469729811387,0.8975592540439804
30203,Jackson Jobe,DET,SP,4.50034718788713,7.888806318462298,1.3944993259472624,5.944013958133203,0.10976308415984509,6.78127,-0.17126629760032905,-1.523822810900832,-0.5945073980112976,-1.717921377934063,-0.5897572823821624,-0.9194550333657368
30240,Hunter Dobbins,STL,SP,4.30995290342689,7.465097811139941,1.2917011790897472,75.70587937764472,0.12098370937119468,91.2718,0.05849798820449175,-0.2732973775195973,0.09843152051694237,-0.11287456665035783,-0.12504592618819504,-0.07085767232734322
30279,Bryan Woo,SEA,SP,3.0237309349806996,9.27047370534915,1.0240389827164065,188.03919848140038,0.17112472217064031,182.553,1.6106867674229335,1.740348211092878,1.902681485673555,1.6211730122931065,1.9515850654075808,1.7652949083780107
31204,Justin Wrobleski,LAD,SP,5.186112254215944,7.329877676279428,1.4625502895649964,42.79768977626032,0.0964091107048837,52.5492,-0.9988348411709685,-0.8631974298704512,-1.0532234602710315,-0.8484787302721791,-1.1428229982351685,-0.9813114919639598
31312,Colton Gordon,HOU,SP,4.971050421725788,7.247326985993633,1.36929783251637,34.3668245675818,0.10619127097728874,42.678,-0.7393022166173381,-1.0143260057114396,-0.42462986483451687,-1.035999604902078,-0.7376868421769511,-0.7903889068484646
31318,Gunnar Hoglund,ATH,SP,5.328939491960578,6.981913678262504,1.4612382363701082,29.860248419193077,0.09812396519681027,38.4912,-1.1711960985842613,-1.095109225270433,-1.044379208212893,-1.1155352639810614,-1.0718008990554864,-1.099604139020827
31475,Logan Henderson,MIL,SP,3.0546474878575816,10.608177706920117,1.0708070323820917,128.4662107172145,0.16226003161722355,108.991,1.5733772457036133,0.6724648353598159,1.5874287039095638,0.2237329260295701,1.5844466669918413,1.128290075598881
31508,Caden Dana,LAA,SP,5.320830033556781,8.544462220001082,1.4964770735815711,80.78798522857934,0.09128486928482585,85.0951,-1.1614097548203477,-0.1821974250812293,-1.2819161920395492,-0.23021189000785194,-1.3550476412409544,-0.8421565806379865
31612,Carson Palmquist,COL,SP,6.996694977140775,6.861498390917879,1.7726475360296723,17.567646808009066,0.07231294578747345,23.0429,-3.1838124385958793,-1.3154618615534264,-3.1435184429388885,-1.4090030011908299,-2.1407853458694834,-2.2385162180297016
31623,Jacob Misiorowski,MIL,SP,3.8755807677869805,10.769790631147941,1.2485500278696788,167.49537382582318,0.12435506571499572,139.971,0.5826902127860025,1.3720871980561133,0.3893036128040494,0.8122527307173759,0.014581549931067904,0.6341830608589218
31635,Hayden Birdsong,SFG,SP,4.399370405320322,10.291966734846852,1.390152854380537,62.86584863053532,0.10542659284832831,54.9742,-0.04940939209970061,-0.5034630263035027,-0.5652088221232026,-0.8024115731912259,-0.7693566113446825,-0.5379698850124629
31676,Carson Whisenhunt,SFG,SP,4.877645617263153,7.566764036994439,1.4227945778488529,22.98320501081094,0.1041293673829207,27.3365,-0.6265830336390388,-1.2183845654141232,-0.785239253122933,-1.327438487523704,-0.8230822633439274,-0.9561455206087451
31687,Shane Smith,CHW,SP,3.8907686694905226,9.045080368394032,1.2444532044215775,157.32912291891597,0.12579119744106546,156.545,0.5643617351340544,1.189850739143035,0.416919367526392,1.1271051271956096,0.07406011815024294,0.6744594174298667
31730,Jonathan Cannon,CHW,SP,4.888784268129465,7.23037268432778,1.3816988890608157,76.65930334831685,0.10419830588019897,95.4216,-0.6400249505977479,-0.25620665156278594,-0.508222565415262,-0.03404178790621788,-0.8202271191821068,-0.4517446149328241
31741,Mason Barnett,ATH,SP,5.53306366437434,7.343753611905445,1.5132139858171048,33.784122518947456,0.09256947218990022,41.4035,-1.4175293581309372,-1.0247713074177325,-1.3947359093061247,-1.0602109829225626,-1.3018447628858345,-1.2398184641326382
31757,Mason Miller,SDP,SP,3.878799798601329,9.498055368759902,1.2516901273108638,69.30213886236245,0.12694254456319248,65.6681,0.5788055461945695,-0.38808846481318016,0.36813691693100237,-0.599262059332255,0.12174409943432316,0.016267207682891978
31827,Zebby Matthews,MIN,SP,5.090217274687519,8.77903434949345,1.3673956716350917,118.88568316084032,0.1026277720131688,121.878,-0.8831105611796877,0.5007278368949665,-0.41180783112833824,0.4685442469789488,-0.8852720618255802,-0.24218367405193816
31838,Kodai Senga,NYM,SP,3.543575610578034,9.303787325322233,1.2740804663750105,115.83318595440906,0.14092690345955886,112.051,0.9833478693216992,0.4460098993941177,0.21720873572462934,0.2818630293977007,0.700917743132912,0.5258694553942117
31843,Kumar Rocker,TEX,SP,4.959394307428286,7.661387799051456,1.3967794828451376,84.44296505583415,0.10465347189943888,99.197,-0.7252358344020459,-0.11667960664286034,-0.6098774168607458,0.037678601719939135,-0.8013760467944081,-0.4430980605960242
31846,Spencer Schwellenbach,ATL,SP,3.238015254965318,8.986610002125449,1.0655976007596974,72.2873921960969,0.16545223655819113,72.3951,1.3520924305182502,-0.33457591613817106,1.6225442971855024,-0.4714708157514005,1.7166544414628775,0.7770488874554118
31872,Cade Horton,CHC,SP,3.3274157883058493,8.10876650290069,1.1273177007736261,114.63633497367469,0.14885042131945916,127.236,1.244205527548499,0.4245555907632451,1.2065031460314246,0.5703289181705972,1.029076705859599,0.894933977674673
31900,Adam Mazur,MIA,SP,5.659300319485251,6.773683022613936,1.5500542911082489,23.914864227061976,0.08968113768420755,31.775,-1.5698694086013327,-1.2016839864063822,-1.6430680250793706,-1.2431213424912049,-1.4214674951311472,-1.4158420515418875
31967,Drew Thorpe,CHW,SP,4.629697274317835,7.014758977147476,1.3977218647112497,41.75168954844895,0.11175952134622197,53.5678,-0.32736357915369985,-0.881947643620252,-0.6162297986021155,-0.8291286246215982,-0.50707320596377925,-0.632348570392289
31986,Parker Messick,CLE,SP,3.659901235274058,8.373997142897753,1.159233343623728,107.05597080718583,0.14615144367835065,115.059,0.8429682662529789,0.2886727824770609,0.9913670592755338,0.33900530094388914,0.9172963427949746,0.6758619503488875
32095,Cam Schlittler,NYY,SP,3.502094518177279,9.992553272077197,1.1829981552815547,147.66995225475682,0.14025400309529312,133.002,1.0334064810961172,1.016704013374395,0.8311738710459173,0.6798642698113295,0.6730490250382157,0.8468395320731951
32227,Luis Morales,ATH,SP,3.584155932480195,8.605448941286095,1.1891044857784154,108.78148006679754,0.13887410916850232,113.769,0.934376290652662,0.31960362415830645,0.7900124865266464,0.31449947305340287,0.6158995912014853,0.5948782931185006
33482,Chase Dollander,COL,SP,5.624281912791476,7.647372969203986,1.5285529569208292,104.49540366741864,0.08872570533293297,122.978,-1.5276098458900471,0.242773001659796,-1.4981324234736721,0.4894406893661852,-1.4610375061910739,-0.7509132169057624
33527,Hurston Waldrep,ATL,SP,3.4423967134602522,9.143629715802716,1.1683592490187047,126.91764429077095,0.1452365766573423,124.924,1.1054486829080505,0.6447058055531628,0.929851407405358,0.5264083956257875,0.879406378014769,0.8171641339014256
33628,Mitch Farris,LAA,SP,4.98361197399174,8.108697913557412,1.4190979992165411,29.409436462681374,0.10243281063714542,32.6421,-0.7544612645539335,-1.1031903138981545,-0.7603214576369977,-1.2266492468603205,-0.8933465464243197,-0.9475937658747451
33677,Paul Skenes,PIT,SP,2.576209903345833,10.532333822805345,0.9590908038349204,216.05210422583332,0.1891534553035561,184.619,2.150746835442959,2.242497213067917,2.340482381996089,1.660420330449498,2.6982597708582143,2.2184813063629356
33699,Logan Evans,SEA,SP,4.568571934844732,7.308686045678671,1.3587672018629842,47.387571337234995,0.11100956899077849,58.3536,-0.25359865491540057,-0.7809209082537993,-0.35364527961147996,-0.7382139028244742,-0.5381330951958411,-0.532902368160199
33703,Nolan McLean,NYM,SP,2.95495026541858,10.407638145901835,1.0578897686383353,174.59969393988763,0.1680927368941873,150.985,1.6936900018105596,1.499436616482569,1.674501039769364,1.021483109311033,1.8260129191821255,1.54302473731113
33825,Yoshinobu Yamamoto,LAD,SP,2.9634966986207942,10.432748260428093,1.05550725527211,185.12564029854303,0.16979645079636424,159.702,1.6833763249769707,1.6881208432123156,1.6905610202830155,1.1870779168469785,1.8965736217396199,1.6291419454117801
33829,Shota Imanaga,CHC,SP,3.273873570296483,8.020343440520373,1.0764866960527977,135.11961709171788,0.17102599852005196,151.624,1.3088192816651412,0.7917313406332006,1.5491433833868293,1.0336220426614364,1.9474963447980618,1.3261624786289339
33838,Yariel Rodríguez,TOR,SP,4.52950820817085,8.574108317861116,1.3672224448722061,33.91879143397778,0.10958641361188823,35.6036,-0.2064572751962345,-1.0223572821860596,-0.4106401489336345,-1.1703903249241379,-0.5970742373997421,-0.6813838537279617
33876,Rhett Lowder,CIN,SP,3.5477480498741927,8.173344683996733,1.2109460701923351,70.52697394373942,0.13852198559937037,77.6601,0.9783126470845208,-0.366132523529949,0.6427833355605039,-0.371452843779764,0.6013161060322586,0.2969653442735141
35321,Tomoyuki Sugano,COL,SP,4.875847891840054,5.927482558697126,1.3760817878112732,80.59927339647076,0.1204775776187376,122.378,-0.6244135719922118,-0.18558020368401804,-0.47035896393889887,0.4780426298822381,-0.14600778603707837,-0.18966357915399384
35323,Roki Sasaki,LAD,SP,4.678845393402797,7.950137047017097,1.4261908180601544,99.08697475977797,0.10477972177133983,112.172,-0.38667461631125044,0.14582350263239022,-0.8081325356481842,0.28416163806029665,-0.7961473052505714,-0.3121938633034638
35333,Chase Burns,CIN,SP,4.107004244495009,11.273892504197724,1.2428435611484354,164.83182433970688,0.11750616175314482,131.586,0.303412659917063,1.3243413937341098,0.42776960659201746,0.6529648494292143,-0.2690714006491387,0.4878834218046532
