playerid,PlayerName,Team,role,IP_atc,z_ERA_p50,z_Ks_p50,z_WHIP_p50,z_IP_p50,z_WQS_p50,composite_mean,composite_p05,composite_p50,composite_p95,expected_rank_overall,p_top20_overall,p_top50_overall,expected_rank_role,p_top20_role,p_top50_role
3137,Max Scherzer,NA,SP,111,-0.13675157493969523,0.09653082552807785,0.12964768731918197,0.14605380406069107,-0.09839385835718634,0.033631285514712964,-0.3278103819307675,0.033955805924084315,0.39339792061324863,137.6695,0,0,137.6695,0,0
4676,Charlie Morton,NA,SP,52,-0.9880145835299887,-0.7997934802947666,-1.2375349809852894,-0.9003244484117519,-0.8836955550385239,-0.9620404016765808,-1.3651570968658082,-0.9572843823827895,-0.5747492758572975,254.53616666666667,0,0,254.53616666666667,0,0
6175,Albert Suárez,BAL,SP,25,0.09934618469091946,-1.2674353314150957,-0.009393400766225038,-1.3833294438616588,-1.0663371334353973,-0.7427470008859579,-1.260216302840829,-0.7345294225028912,-0.2557836943498694,231.15933333333334,0,0,231.15933333333334,0,0
6902,Martín Pérez,ATL,SP,45,0.27898027216734733,-1.056164918041743,-0.11869379765015743,-1.024850599553429,-0.8061842777873935,-0.5505160601337928,-0.9647817773774212,-0.5441487186397749,-0.17403574711394076,210.18933333333334,0,0,210.18933333333334,0,0
8700,Justin Verlander,DET,SP,141,-0.2162370907567887,0.22068700090334653,-0.14823578549402572,0.680555693586,0.12592297104664346,0.1381624876986324,-0.21579428171898196,0.13866543809789061,0.4957720235135632,125.41483333333333,0,0.0016666666666666668,125.41483333333333,0,0.0016666666666666668
9132,Nathan Eovaldi,TEX,SP,173,0.8869528357173602,1.0408884498479112,0.9173718735054035,1.2619242213136732,1.3760709406277727,1.1098757643837909,0.7095939772965292,1.1032263074895727,1.517175604715337,28.798833333333334,0.3431666666666667,0.9031666666666667,28.798833333333334,0.3431666666666667,0.9031666666666667
9323,Patrick Corbin,NA,SP,113,-2.060464356984622,-0.3430986529335106,-1.7289806498057718,0.19293737299655556,-0.4142874621920932,-0.8680623355760678,-1.2345472025752577,-0.8614731530565816,-0.5097764895583209,246.5975,0,0,246.5975,0,0
9803,Miles Mikolas,WSN,SP,141,-0.8385022601821945,-0.1918494988090918,-0.5006580435682794,0.6874709435278947,0.12509355716489118,-0.139320046865094,-0.4992770358703654,-0.13697771164720535,0.221945085344083,158.54333333333332,0,1.6666666666666666e-4,158.54333333333332,0,1.6666666666666666e-4
10310,Zack Wheeler,PHI,SP,147,1.2228690481112185,1.158960220723106,1.3764117780183223,0.7914795591939676,1.3790864192469754,1.1946167577771158,0.8154195750005832,1.1876908676723683,1.5973902010827643,23.632166666666667,0.4835,0.9573333333333334,23.632166666666667,0.4835,0.9573333333333334
10603,Chris Sale,ATL,SP,165,0.750020299284994,1.6472873394473297,0.9281529171662342,1.1212237743010876,1.0782487597227237,1.113043478815844,0.7030547186575544,1.110671822633368,1.536419172554477,28.691666666666666,0.3596666666666667,0.8958333333333334,28.691666666666666,0.3596666666666667,0.8958333333333334
10954,Jacob deGrom,TEX,SP,169,1.2262042288433146,1.6430948271213452,1.5536383911075125,1.1873340823338876,1.3073510692742332,1.3917475232145073,0.9679902058020352,1.3895321139661811,1.8289323112957456,15.108,0.7663333333333333,0.9921666666666666,15.108,0.7663333333333333,0.9921666666666666
11156,Merrill Kelly,ARI,SP,169,0.6146155422146681,0.8188153254776495,0.48537738081634946,1.1836833868706456,1.1047531606353305,0.8522163004186295,0.4665000243367158,0.8404098882685745,1.26401729813263,47.98266666666667,0.0835,0.5815,47.98266666666667,0.0835,0.5815
11423,Jose Quintana,COL,SP,144,0.2246365419228598,0.05877778738446698,-0.150870450552082,0.7377724808231811,0.36978221518825594,0.25653430843463276,-0.10231447333254533,0.25920028154212355,0.618800752492872,111.49816666666666,0,0.007833333333333333,111.49816666666666,0,0.007833333333333333
11486,Robbie Ray,SFG,SP,174,0.4123376829107155,1.3010644219444496,0.22185919459182635,1.2829934227471531,1.086064422903898,0.8675713829784432,0.44228858534290066,0.8629396212763545,1.3040367338242282,47.1575,0.10216666666666667,0.6045,47.1575,0.10216666666666667,0.6045
11674,Jameson Taillon,CHC,SP,153,0.1472389892308776,0.2987100653164797,0.253609180459347,0.9068431840248337,0.7067087907224515,0.46910961158680803,0.09335603180857124,0.4666907067793286,0.8544152284818114,86.89766666666667,8.333333333333334e-4,0.0805,86.89766666666667,8.333333333333334e-4,0.0805
11836,Taijuan Walker,PHI,SP,120,-1.0997747169418783,-0.2940989512333345,-1.1684072135396668,0.31044772863790154,-0.2934399666631731,-0.5054572889757334,-0.8795225214448148,-0.5040986728487878,-0.13222297257037469,204.78633333333335,0,0,204.78633333333335,0,0
12304,Chris Bassitt,BAL,SP,176,0.002103677127444029,0.888671317167048,-0.22459762290362262,1.3136607361059458,0.8506076467209649,0.5777043564424963,0.18481052611588247,0.5728325588920038,0.9866539030530089,75.09266666666667,0.006666666666666667,0.18966666666666668,75.09266666666667,0.006666666666666667,0.18966666666666668
12317,Colin Rea,CHC,SP,82,-0.2000253521179169,-0.55474783061922,-0.08244934286570862,-0.36793343276216517,-0.4860238498966267,-0.3335985899888209,-0.6930502180200889,-0.33047933507473565,0.006052195812293942,182.81333333333333,0,0,182.81333333333333,0,0
12447,Seth Lugo,KCR,SP,160,0.32804760626849,0.5482925117719215,0.17611908542049098,1.0218217577870208,0.8822185243821514,0.5990446343584136,0.2053430924790448,0.5965582908021115,1.0069001292920825,72.71133333333333,0.008333333333333333,0.206,72.71133333333333,0.008333333333333333,0.206
12718,Adrian Houser,SFG,SP,147,0.16557408631220671,0.13834261918843643,-0.04342153293986518,0.7896781125396992,0.4951122129162082,0.3121635904811634,-0.08239356147979514,0.31170100628231734,0.7095512314576582,105.04183333333333,3.333333333333333e-4,0.024666666666666667,105.04183333333333,3.333333333333333e-4,0.024666666666666667
12730,Nick Martinez,TBR,SP,147,-0.05799180069317218,0.11047308054862197,0.022577189507353775,0.7958570304063313,0.4564486932517282,0.2676264483898019,-0.13613178037585635,0.26572747273347197,0.6807321018233874,110.14766666666667,1.6666666666666666e-4,0.019166666666666665,110.14766666666667,1.6666666666666666e-4,0.019166666666666665
12768,Sonny Gray,BOS,SP,178,0.3862395542401245,1.4077131043250983,0.4701938037040115,1.3472157294296778,1.156645744169836,0.9602571468322946,0.5503663752063729,0.9600110875637227,1.383337445646788,39.29216666666667,0.16666666666666666,0.7456666666666667,39.29216666666667,0.16666666666666666,0.7456666666666667
12880,Tyler Anderson,LAA,SP,107,-0.26790985585474947,-0.33305746184630525,-0.48579496022392954,0.07948210619693555,-0.2754800664963819,-0.2558277937348128,-0.6016543353487792,-0.2530758565955247,0.08956508818362303,172.94766666666666,0,0,172.94766666666666,0,0
12970,Joe Musgrove,SDP,SP,158,0.7869745964053896,1.017233236325098,0.8610960614138965,0.9889814738595984,1.2172641496250582,0.9807396449083524,0.5736862819839551,0.9775751326237576,1.401515999692345,37.78766666666667,0.18166666666666667,0.7736666666666666,37.78766666666667,0.18166666666666667,0.7736666666666666
12972,Joe Ross,ARI,SP,12,0.35855102229005986,-1.4028857870686744,0.4023169545636006,-1.613981654450932,-1.2162323341367358,-0.7268848184795769,-1.417372713623157,-0.7085216051616432,-0.0785475714492908,226.49333333333334,0,0,226.49333333333334,0,0
13125,Gerrit Cole,NYY,SP,136,0.668823716911633,0.68862815356087,0.8141867201800739,0.5929776716282978,0.7427689353047144,0.7104911297345261,0.3442236680572682,0.7058686321992182,1.0897073448035473,60.98866666666667,0.019333333333333334,0.3556666666666667,60.98866666666667,0.019333333333333334,0.3556666666666667
13164,Eduardo Rodriguez,ARI,SP,132,-0.6923182270623051,0.19508473018075523,-0.7740473662878,0.5228827842474251,0.024643696216371427,-0.14236798987378022,-0.5126808545460905,-0.1391747679726152,0.2160643615461117,158.965,0,1.6666666666666666e-4,158.965,0,1.6666666666666666e-4
13361,Steven Matz,TBR,SP,138,-0.6219321317744864,0.31474927203610525,-0.4044405727104905,0.634932309054133,0.08919723459859558,0.005648584525344279,-0.40069625017930355,0.007965241291519553,0.414315285773685,141.206,0,6.666666666666666e-4,141.206,0,6.666666666666666e-4
13431,Marcus Stroman,NA,SP,68,-0.1923633161184763,-0.8068518728457861,-0.5066420144592463,-0.6160568400127449,-0.5993475358880502,-0.5467061367104993,-0.9257894309660756,-0.5392070938623748,-0.18280483243652332,209.9185,0,0,209.9185,0,0
13543,Blake Snell,LAD,SP,132,0.7604769777844431,1.0476837042564071,0.2290417159466519,0.5273434200217707,0.5010660018417483,0.6201953437890029,0.23346321230463923,0.6221212311086732,1.0091096312471461,70.33316666666667,0.0075,0.2345,70.33316666666667,0.0075,0.2345
13619,Jakob Junis,TEX,SP,65,-0.3850120697005647,-0.690622773426967,-0.17306470372702076,-0.6704185973382801,-0.6324814558557788,-0.5161238521809568,-0.9206250161870208,-0.5109415381465078,-0.12381778226055927,205.89316666666667,0,0,205.89316666666667,0,0
13649,Clay Holmes,NYM,SP,153,0.2609505826148113,0.5049316914018063,0.10850702595964361,0.9013088184298613,0.5491001757930534,0.4723238705041257,0.07229222497085028,0.4690648817691345,0.893086248711105,86.82883333333334,0.0031666666666666666,0.10016666666666667,86.82883333333334,0.0031666666666666666,0.10016666666666667
13743,Max Fried,NYY,SP,189,0.9901121816831868,1.3835328556920046,0.9143199836610918,1.544034142734474,1.92803448855562,1.3597361308162397,0.9229593935666042,1.3524285027493965,1.8202898009438404,16.6635,0.7138333333333333,0.9835,16.6635,0.7138333333333333,0.9835
13774,Zach Eflin,BAL,SP,149,0.1676595505644119,0.4270594936409633,0.35501412376530594,0.8310163130483823,0.7749910447142799,0.5176598903407749,0.13327707016442575,0.5185429765668763,0.9053368127213633,81.52766666666666,0.0035,0.121,81.52766666666666,0.0035,0.121
13942,Brent Suter,LAA,SP,60,0.11906228192874241,-0.7479225645832245,0.2456932559562817,-0.7586389730392781,-0.6200456643857422,-0.357761754555759,-0.7760295202860844,-0.35567936825286506,0.03455955345621459,185.87933333333334,0,0,185.87933333333334,0,0
14078,Michael Wacha,KCR,SP,164,0.4573761849803912,0.593431385756737,0.4302451933296537,1.0908064505986632,0.9627472263748938,0.7140894058874578,0.3305996382572005,0.7133009258700074,1.1032094200860756,60.697833333333335,0.0215,0.3641666666666667,60.697833333333335,0.0215,0.3641666666666667
14107,Kevin Gausman,TOR,SP,182,0.6168938567573896,1.510995689943945,0.6192204331549818,1.4232426473503954,1.3956570471606493,1.1203108449712778,0.7001989076782084,1.1150033619931699,1.5497984930778497,28.393166666666666,0.37066666666666664,0.8991666666666667,28.393166666666666,0.37066666666666664,0.8991666666666667
14120,Lance McCullers Jr.,HOU,SP,109,-0.8727560130727694,0.11363702290602193,-1.4784844561279125,0.11462405143967772,-0.36085799006696073,-0.49768773004879413,-0.9595290408750063,-0.4936029727676572,-0.051933561462370985,203.416,0,0,203.416,0,0
14168,José Berríos,TOR,SP,138,-0.014548266569220213,0.1435214545235568,-0.1425908208846317,0.6339969203545992,0.4158472770393736,0.2152904329787558,-0.1461268587183147,0.2147370949812355,0.5698528833316877,116.3275,0,0.003833333333333333,116.3275,0,0.003833333333333333
14374,Tyler Glasnow,LAD,SP,133,0.6256685086960062,0.923045791086006,0.5054860142341404,0.5405743582816318,0.4442251405159343,0.6132972059490376,0.22542323870999362,0.6088454877981144,0.9986976617919964,71.20383333333334,0.009166666666666667,0.22216666666666668,71.20383333333334,0.009166666666666667,0.22216666666666668
14527,Jorge López,NA,SP,32,-1.0786847996184745,-1.1585527871527077,-0.9888550120601449,-1.2578332001783008,-1.0850925879477131,-1.1223396337693585,-1.6461943026337624,-1.1179051263760162,-0.6233625504321842,264.06766666666664,0,0,264.06766666666664,0,0
14739,Paul Blackburn,NYY,SP,66,-0.12569546457461334,-0.6893753113817771,-0.10143152927480584,-0.6497901335897727,-0.6048625927465077,-0.43627350918999114,-0.8210767549734315,-0.42655362127558455,-0.07344297423091245,195.9245,0,0,195.9245,0,0
14843,Michael Lorenzen,COL,SP,143,0.03999209936586635,0.18996512542437727,-0.14918527971619783,0.7175865382212285,0.33967770155557775,0.2314604530993415,-0.14949907733758544,0.23050337436768492,0.6192490030563237,114.45516666666667,0,0.008,114.45516666666667,0,0.008
14916,Jon Gray,NA,SP,61,-0.04540828970320583,-0.7227824257868785,-0.05552334195177713,-0.7373094210628721,-0.6265320738980363,-0.4378878097771461,-0.8077986914074582,-0.4326618275639631,-0.08622483414319956,196.2365,0,0,196.2365,0,0
15038,Germán Márquez,SDP,SP,127,-2.409879631334543,-0.2994810981923363,-2.176029677608965,0.4313373675101443,-0.4205964120469493,-0.9719549263956496,-1.3815932610286519,-0.9681641081376263,-0.5638340228680436,255.123,0,0,255.123,0,0
15047,Austin Voth,CHW,SP,8,-0.13718798043903474,-1.4719502455970734,-0.08908484055603766,-1.6853958630148826,-1.2743652016382088,-0.9692616949056877,-1.8909160070418563,-0.9421877387450974,-0.14786457423744231,244.2575,0,0,244.2575,0,0
15440,Matthew Boyd,CHC,SP,167,0.4045997521109656,0.8405920187123141,0.46443284323901585,1.1459703988236267,0.9478406257218506,0.7693886759175227,0.36729264666793426,0.7650487695986445,1.1872559950949813,55.665166666666664,0.0455,0.455,55.665166666666664,0.0455,0.455
15454,Nick Pivetta,SDP,SP,173,0.6856846446364866,1.3461870984678914,0.7458094778094406,1.26301285855229,1.2310826602165772,1.0620749999170436,0.6495072792510276,1.0621676879385094,1.4895159135310763,32.0655,0.2951666666666667,0.854,32.0655,0.2951666666666667,0.854
15467,Marco Gonzales,SDP,SP,9,-0.617727331265649,-1.5047200540896812,-0.8422606204142977,-1.6681386491429664,-1.2761863285888695,-1.2239723186033151,-2.10734345096099,-1.2089557113081946,-0.4172860817687479,262.3623333333333,0,0,262.3623333333333,0,0
15474,Lucas Giolito,NA,SP,142,0.07207230492986932,0.5602449084886332,-0.15143813509833381,0.7045956372595676,0.39092370166324747,0.3208583197134502,-0.0538424255322228,0.31789490272073917,0.7051903624690599,103.991,0,0.021,103.991,0,0.021
15488,Antonio Senzatela,COL,SP,85,-2.1916452908582515,-0.8404826548424218,-1.9904046744183117,-0.31076639653398885,-0.7029520246577915,-1.2095433017652473,-1.6431798430382372,-1.2078564866293042,-0.7899360928598212,271.159,0,0,271.159,0,0
15689,Luis Castillo,SEA,SP,179,0.534520372758223,1.1136433766894025,0.46848724530029784,1.3585476153773985,1.3436056222377837,0.9734755961576531,0.563224591729125,0.9717721761512694,1.3970788392670428,38.30116666666667,0.1795,0.7646666666666667,38.30116666666667,0.1795,0.7646666666666667
15734,Brad Keller,PHI,SP,68,-1.3363496394247996,-0.7861793944098059,-1.8989982444108409,-0.6188849501935468,-0.8031057374719932,-1.0860715812884145,-1.5374876443917473,-1.0812945451409672,-0.6508984425349487,263.253,0,0,263.253,0,0
15823,Zack Littell,NA,SP,171,0.2166795403064919,0.517506201768378,0.2648336630609036,1.2258206920156667,0.9391295706998566,0.638968198035735,0.229071643556333,0.6341523998527059,1.0732256508956244,68.69183333333334,0.017666666666666667,0.27266666666666667,68.69183333333334,0.017666666666666667,0.27266666666666667
15873,Sean Manaea,NYM,SP,136,-0.26858785276278513,0.6733422436877223,-0.11078517537022584,0.5960492477675561,0.11905879465591067,0.20520997537612384,-0.1915624380148739,0.20677433442578608,0.5952120067187066,117.58616666666667,0,0.006666666666666667,117.58616666666667,0,0.006666666666666667
15890,Luis Severino,ATH,SP,181,-0.5948670821637054,0.8080393741891345,-0.46034263551924254,1.3953486813389144,0.5401746712966501,0.34313252873969796,-0.0532313191491104,0.34025050706069127,0.7371402447184454,101.3785,1.6666666666666666e-4,0.03216666666666667,101.3785,1.6666666666666666e-4,0.03216666666666667
16137,Carlos Rodón,NYY,SP,155,0.6518209337390096,1.2481105686767444,0.5630784901405494,0.9358434118787065,0.9315100355445587,0.872228552878717,0.4821486028312,0.8686600231676047,1.2626650976876894,46.090666666666664,0.08516666666666667,0.626,46.090666666666664,0.08516666666666667,0.626
16149,Aaron Nola,PHI,SP,180,-0.553210049474405,1.2466017972905326,-0.07047645501393873,1.3741209992913577,0.6995075991884323,0.5458302100828043,0.1381992354970257,0.5410782834243981,0.9685882395428942,78.61833333333334,0.0065,0.16266666666666665,78.61833333333334,0.0065,0.16266666666666665
16162,Brandon Woodruff,MIL,SP,149,1.2162122550743126,1.207715851231343,1.3198853297832276,0.8320345841306303,1.3456508180046431,1.191294574441872,0.7427536058026525,1.1885837238006318,1.6542132953655964,24.767333333333333,0.4771666666666667,0.928,24.767333333333333,0.4771666666666667,0.928
16207,Spencer Turnbull,NA,SP,33,-0.5775478398146172,-1.153657592078095,-0.6294321540302253,-1.2402061489645186,-1.0367443340926505,-0.9420092351551418,-1.5171864831224195,-0.9308220729321558,-0.41197939438878767,249.50016666666667,0,0,249.50016666666667,0,0
16256,Kyle Freeland,COL,SP,160,-1.1765496078065416,0.12881357181345307,-1.0564337027685928,1.0204933702747545,0.32687104270024536,-0.14394847706391933,-0.5272148539020572,-0.14135951417278575,0.24144123317874205,159.20766666666665,0,1.6666666666666666e-4,159.20766666666665,0,1.6666666666666666e-4
16350,Ryan Borucki,CHW,SP,18,0.4072988248983396,-1.3439596747974898,0.23806962757474381,-1.5073519686667955,-1.134286286383374,-0.6867985831433294,-1.271028015136691,-0.6776775788761383,-0.15439883696397252,224.32433333333333,0,0,224.32433333333333,0,0
16358,Tyler Mahle,SFG,SP,137,0.8471646415333123,0.5157318479110387,0.7395250575662005,0.6145223974157229,0.801639544730949,0.7118771173996007,0.3154561179366535,0.7064256023474489,1.1234769632938855,61.16733333333333,0.0275,0.36466666666666664,61.16733333333333,0.0275,0.36466666666666664
16400,Reynaldo López,ATL,SP,144,1.0424852488215208,0.9230871562599988,0.9508264114795784,0.7364242474903135,1.0993802511384794,0.956952726180307,0.5404931032598363,0.9522864639051276,1.3821592677963987,39.70933333333333,0.1725,0.7323333333333333,39.70933333333333,0.1725,0.7323333333333333
16502,Ryan Yarbrough,NYY,SP,62,0.06845569834954271,-0.7958907876294248,0.29037664620317405,-0.7230058046883248,-0.5903153927415901,-0.3544759328442246,-0.7478029484403218,-0.34740889951202747,0.014665018670295538,185.4425,0,0,185.4425,0,0
16511,Jordan Montgomery,TEX,SP,49,-0.4755019809901288,-0.9889997080111709,-0.41189963475463615,-0.9556344635211547,-0.8321389403810926,-0.7380682733874189,-1.155910005778813,-0.7309164431857873,-0.35113287435025864,232.36466666666666,0,0,232.36466666666666,0,0
16561,Austin Gomber,TEX,SP,25,-1.7600746704546517,-1.3419130348690382,-1.4403384488789452,-1.381433506094134,-1.1499869607213837,-1.4193223319702262,-2.0262714796207795,-1.4072451240767818,-0.8532833129523577,277.5928333333333,0,0,277.5928333333333,0,0
16918,Luke Weaver,NYM,SP,67,-1.1016770719953217,-0.7228862570899873,-0.8303302948653021,-0.6340685952340397,-0.7450959438770974,-0.8135320491587309,-1.2367018329343704,-0.8092253342685058,-0.4059511899780425,240.19433333333333,0,0,240.19433333333333,0,0
16943,Sean Newcomb,CHW,SP,69,0.5212952652046562,-0.4228585296952878,0.2373465395464644,-0.5974274080677413,-0.4351110653067669,-0.13958790496046855,-0.5117417793620898,-0.1351270215536327,0.2259356713163963,158.56533333333334,0,0,158.56533333333334,0,0
16944,Grant Holmes,ATL,SP,129,0.06183166432085903,0.48374163986454916,-0.2127001304415399,0.4759746635239639,0.14578145479119656,0.19517453489171874,-0.2174368343850053,0.19184713862527697,0.6113837424726298,118.65833333333333,3.333333333333333e-4,0.009833333333333333,118.65833333333333,3.333333333333333e-4,0.009833333333333333
16977,Trevor Williams,WSN,SP,29,-1.3981283374683064,-1.2294917933200185,-1.1186953846360304,-1.3107203279759312,-1.1319779995194823,-1.2435727761695767,-1.7794227356122123,-1.2324463991727352,-0.732872853179981,271.0606666666667,0,0,271.0606666666667,0,0
17277,Ranger Suárez,BOS,SP,169,0.8561760878352156,1.0963896411357652,0.8393999042001303,1.1943501770863363,1.5189735887406455,1.1099370944101399,0.685376735671317,1.1020388074164367,1.5536082552388832,29.247833333333332,0.358,0.8863333333333333,29.247833333333332,0.358,0.8863333333333333
17282,Michael Kopech,NA,SP,42,-0.4948232434105847,-0.9467625648506415,-1.2047264245191027,-1.080951397153052,-0.9693787740150337,-0.9475696681745359,-1.4265408286721042,-0.9400866843866391,-0.5022020115485798,251.7765,0,0,251.7765,0,0
17295,Framber Valdez,DET,SP,195,0.6793505969604201,1.4703878899373,0.5439536773467779,1.6570614132433295,1.7577620225421677,1.2292220828241838,0.7869999780138306,1.2220260139527515,1.6900688079351276,22.715166666666665,0.535,0.9448333333333333,22.715166666666665,0.535,0.9448333333333333
17312,Justin Steele,CHC,SP,81,0.9294308245596373,-0.2210189550161436,0.9572613298916053,-0.3870227029061958,-0.001411991012410827,0.2580185800795395,-0.11264801082360744,0.2587503588922847,0.6125140805282419,111.35833333333333,0,0.0075,111.35833333333333,0,0.0075
17425,Erick Fedde,CHW,SP,110,-0.401371775820619,-0.2755168343445688,-0.5258169299332549,0.13172089189310948,-0.22039549968637612,-0.2587094876670123,-0.6204570022139496,-0.2547805002776243,0.08449804478933666,173.29966666666667,0,0,173.29966666666667,0,0
17432,Jeff Hoffman,TOR,SP,63,-0.7734470668996062,-0.6690945934821206,-0.7735423548276821,-0.7042155005618812,-0.7783829431978968,-0.7444566248871177,-1.208112021777094,-0.741712439144423,-0.3088710051231162,232.31566666666666,0,0,232.31566666666666,0,0
17479,Jack Flaherty,DET,SP,160,-0.24330665931887857,1.075707046558673,-0.16522105976365944,1.026467981524628,0.4596811549053257,0.43765663816415135,0.05065265314939997,0.432473317618158,0.8360813989256162,90.57933333333334,8.333333333333334e-4,0.072,90.57933333333334,8.333333333333334e-4,0.072
17578,JT Brubaker,SFG,SP,54,-0.4844374012255479,-0.7544518418243007,-0.3510853686967234,-0.8621494672941372,-0.8180851296799109,-0.6572700423178606,-1.0803151860082678,-0.652647477718232,-0.24962987286061936,222.98916666666668,0,0,222.98916666666668,0,0
17594,Mitch Keller,PIT,SP,175,0.39707283713551544,1.0615721496981076,0.4144449262224388,1.2881601011763986,1.1785132168572883,0.8749146358668594,0.4653910233205193,0.8740087643318588,1.2911664532623646,46.17033333333333,0.097,0.628,46.17033333333333,0.097,0.628
17606,Cristian Javier,HOU,SP,148,-0.38102320344947127,0.6066259966475351,-0.626582794705939,0.8169981892893081,0.13335281446468686,0.11327742102149745,-0.33919542312242174,0.11628007386864807,0.5635801933936504,128.46433333333334,0,0.006333333333333333,128.46433333333334,0,0.006333333333333333
17611,Taylor Clarke,ARI,SP,56,-0.15727572551933622,-0.8132624216557398,-0.16905291636288006,-0.8321965775150865,-0.7442837038589656,-0.5469553792820686,-0.9883383898121627,-0.5393017203864994,-0.13308310730850476,209.62116666666665,0,0,209.62116666666665,0,0
17677,Jeffrey Springs,ATH,SP,171,0.047152411958400045,0.7316954141414453,-0.012292287717399097,1.221199678450466,0.6734723224650193,0.539445808606214,0.11431930271221652,0.5363108176226757,0.9676746877068311,79.3695,0.0055,0.16216666666666665,79.3695,0.0055,0.16216666666666665
17735,Tyler Alexander,TEX,SP,69,-0.4988141133729459,-0.7676182122353002,-0.3342192842438911,-0.601431248428304,-0.6321503595703715,-0.5702664078438814,-0.9853846948393546,-0.5667640264095959,-0.17491234608824818,212.584,0,0,212.584,0,0
17948,Trent Thornton,CHC,SP,30,0.062436363125965046,-1.1160242136089504,0.03872720934896422,-1.2939011794882354,-1.0254467192981633,-0.6784000728983337,-1.1729178145614603,-0.6657274269490427,-0.2099993612504174,224.5055,0,0,224.5055,0,0
17964,Tyler Gilbert,CHW,SP,26,-0.33497111631835585,-1.2697121734978312,-0.4469502245228094,-1.363958742423058,-1.1050593615482942,-0.9171198103309055,-1.4877369754881922,-0.9076994502334741,-0.3750820987346355,247.07366666666667,0,0,247.07366666666667,0,0
17968,Brock Burke,CIN,SP,62,-0.7335078146230831,-0.8302394621201503,-0.7455334194810883,-0.72162207348012,-0.775739775053641,-0.7684670890635646,-1.283882531091668,-0.7575250441187806,-0.29322564757942754,233.96283333333332,0,0,233.96283333333332,0,0
17995,Logan Webb,SFG,SP,202,0.8755645780795975,1.5305310691594853,0.9492415642059251,1.7712727658505598,2.2847544834065525,1.4915552317244865,1.0381011495392785,1.4880367890671495,1.9712081021710035,12.1935,0.846,0.9945,12.1935,0.846,0.9945
18383,Michael Soroka,ARI,SP,96,-0.20300741200810174,-0.18314412217662385,-0.2645062540736063,-0.11422348698135112,-0.3117116055343259,-0.2165556103719167,-0.6242920664716648,-0.2149447408252111,0.17759872247766292,168.23083333333332,0,0,168.23083333333332,0,0
18525,Dylan Cease,TOR,SP,183,0.45447323386960603,2.0824330713173618,0.4178960442355872,1.4246296942034755,1.0863827877413912,1.1080420854938915,0.6803558232501499,1.1017569847178774,1.5642292942260951,29.424166666666668,0.354,0.8851666666666667,29.424166666666668,0.354,0.8851666666666667
18679,Freddy Peralta,NYM,SP,162,0.7453967512485995,1.3901466317426554,0.6430994894961937,1.059775469367478,1.006914514652573,0.9764458015936188,0.5823229302898887,0.9715198873769688,1.3844376452614477,38.025,0.1825,0.7696666666666667,38.025,0.1825,0.7696666666666667
18684,Sandy Alcantara,MIA,SP,188,0.06335972242115998,1.039731238754898,0.16811504630285912,1.531750781054039,1.048821816340793,0.7778498290089971,0.3678688577167437,0.7742216086261169,1.2029588900014558,54.966166666666666,0.051666666666666666,0.4683333333333333,54.966166666666666,0.051666666666666666,0.4683333333333333
18694,Kolby Allard,CLE,SP,14,-0.15690604028089059,-1.3926345377051983,-0.04767788002748226,-1.579624415234598,-1.2272766362241854,-0.9063653351229675,-1.5838693454860684,-0.8889952891353392,-0.2686710849609567,244.04583333333332,0,0,244.04583333333332,0,0
19291,Zac Gallen,ARI,SP,182,0.06854132980376368,1.0500812831914772,0.0378834410735422,1.4189058752786115,0.9747077202134973,0.7146955228688909,0.3092979448204708,0.7125232471858194,1.1266964834382724,60.846833333333336,0.0265,0.37216666666666665,60.846833333333336,0.0265,0.37216666666666665
19312,Cal Quantrill,TEX,SP,8,-1.096243806904396,-1.5025499247040461,-1.1882739971685323,-1.6854286110210173,-1.3002934490352729,-1.3847409154722836,-2.31563152679979,-1.3579190669684928,-0.5029296262339077,269.19416666666666,0,0,269.19416666666666,0,0
19316,Eric Lauer,TOR,SP,66,0.36583297497122425,-0.5811031517719264,0.25743721843947687,-0.6493806141167808,-0.5071190544128847,-0.22507559938132954,-0.5877259998178396,-0.220168090934019,0.13148854581646988,169.08966666666666,0,0,169.08966666666666,0,0
19320,Joey Lucchesi,NA,SP,40,-0.007729637707705258,-1.0370868229689678,-0.08463621334513863,-1.1143522100888297,-0.9139573420095488,-0.6393783125716355,-1.1201997908418864,-0.6333793836397795,-0.18801211971132073,220.175,0,0,220.175,0,0
19350,Dean Kremer,BAL,SP,139,0.38631482173163556,0.4131277349878182,0.3580550129600547,0.6486681363369902,0.5036462026359236,0.46878112874656813,0.09382290372656876,0.4676805678684043,0.8492550376306047,86.97583333333333,0.0015,0.08266666666666667,86.97583333333333,0.0015,0.08266666666666667
19361,Corbin Burnes,ARI,SP,39,0.6007018183494952,-1.0240631344901034,0.5701793988103789,-1.1308513529292403,-0.8005305927419841,-0.36431261366360057,-0.7635397119291273,-0.3568534302988532,0.02771820110597592,186.69966666666667,0,0,186.69966666666667,0,0
19362,Keegan Akin,BAL,SP,66,-0.8398503213615789,-0.614937318026765,-0.6692079378332145,-0.6564734423241045,-0.7543478411108897,-0.712874193728349,-1.1410130598699058,-0.7019892375488574,-0.30754435925826873,229.20716666666667,0,0,229.20716666666667,0,0
19374,Walker Buehler,SDP,SP,39,-1.1918429424623849,-1.139455071664108,-1.3107611270087243,-1.1332061916526501,-1.0324849626429753,-1.1668040737594518,-1.6486928737624325,-1.1627927650241192,-0.7068784933387264,267.76933333333335,0,0,267.76933333333335,0,0
19407,Ronel Blanco,HOU,SP,17,0.8363897570999433,-1.3218195815953693,0.4369130772573654,-1.5244656911644734,-1.1295029568557164,-0.5594583214469567,-1.123298761688996,-0.5481713971654898,-0.03779493573726726,209.9155,0,0,209.9155,0,0
19409,Dane Dunning,SEA,SP,21,-0.29557114936880313,-1.2992653366403264,-0.4170989496952098,-1.4543120255391488,-1.147368196941588,-0.9336503644973858,-1.4972895954407788,-0.9245187109353128,-0.3856638672848635,248.86033333333333,0,0,248.86033333333333,0,0
19427,Shane Bieber,TOR,SP,118,0.292369852340328,0.011315816252617922,0.2152448698973045,0.2728039276324182,0.24512602667126587,0.21171587849814166,-0.17282779695539807,0.21194198893140123,0.5873356784494307,116.741,0,0.006666666666666667,116.741,0,0.006666666666666667
19447,Patrick Sandoval,BOS,SP,82,-0.11356529551075861,-0.347981309389164,-0.2799010942950647,-0.3668438874069757,-0.47983687160042093,-0.31306610140487545,-0.6919101531211899,-0.308232269484769,0.04839920399585549,180.2165,0,0,180.2165,0,0
19479,Aaron Civale,ATH,SP,130,-0.5619842296172057,0.32274715577868957,-0.42216504141601496,0.49440169980030546,-0.08410898665833355,-0.048814735538283985,-0.41678568574263924,-0.05069331069650229,0.3332875020987468,147.60566666666668,0,0,147.60566666666668,0,0
19618,Jordan Hicks,CHW,SP,55,-0.17408290184858355,-0.7697980240634035,-0.26996191542939174,-0.8474324252848316,-0.7641167618349827,-0.5731535453527078,-1.0128047280157193,-0.5642336084485486,-0.1628896731830092,212.82033333333334,0,0,212.82033333333334,0,0
19666,Jason Alexander,HOU,SP,50,-0.7080633578223146,-0.9860877053567607,-0.6623461615465299,-0.93773738405727,-0.8716983016090258,-0.8455860117660714,-1.3435652168711403,-0.8309166184873193,-0.3908308650716243,242.16716666666667,0,0,242.16716666666667,0,0
19716,Dustin May,STL,SP,156,-0.34523165812081125,0.5675614696144006,-0.4637771233049023,0.9571409216185789,0.25990248510406655,0.19940214609907816,-0.20913072448354303,0.19691447605723889,0.6254639813431186,118.154,0,0.008,118.154,0,0.008
19755,Shohei Ohtani,LAD,SP,116,0.951000806663377,0.8367646171866402,1.0195392455049284,0.24417280576110145,0.49047022853633704,0.7136762386087131,0.30903264085820265,0.7130253989316051,1.1350572709748106,61.07416666666666,0.029333333333333333,0.37766666666666665,61.07416666666666,0.029333333333333333,0.37766666666666665
19795,Keegan Thompson,COL,SP,40,0.10998086076420313,-0.9658352668520309,-0.022408759923974675,-1.1138775295315293,-0.9083017207637805,-0.5852005219331763,-1.0318379039546373,-0.5775452452756513,-0.17023294982899628,214.09416666666667,0,0,214.09416666666667,0,0
19853,Michael King,SDP,SP,161,0.6148353448526331,1.2089138330743214,0.4927421446449606,1.0524526314156162,0.9067921444752927,0.8591036089167658,0.41254197306305784,0.8561069000741408,1.3182624100901956,48.065666666666665,0.10316666666666667,0.5976666666666667,48.065666666666665,0.10316666666666667,0.5976666666666667
19867,Griffin Canning,SDP,SP,106,-0.5613465246450444,-0.16509283251446855,-0.6048836750331268,0.06538032387859632,-0.30866403897383987,-0.31137648032486703,-0.6715700866730209,-0.3106988149251222,0.03998075300925146,179.95016666666666,0,0,179.95016666666666,0,0
19899,Clarke Schmidt,NYY,SP,32,0.5991022177688095,-1.0557121186582408,0.6087512079997168,-1.2574551882075093,-0.9307016407054646,-0.4132905696006173,-0.8690858266839883,-0.40452561598519543,0.002519676041863718,192.78033333333335,0,0,192.78033333333335,0,0
19911,José Suarez,ATL,SP,22,-0.08608155670209187,-1.2539414563763376,-0.0788266670534576,-1.4365185780945522,-1.137220239920821,-0.8134588794215846,-1.3702599236749642,-0.8028425907688226,-0.29195664212837724,237.78,0,0,237.78,0,0
19959,Jesús Luzardo,PHI,SP,179,0.7379877469199321,1.6741914272030578,0.8505649969507386,1.3654632389028811,1.4973887484798112,1.2327535112170105,0.8104889212441124,1.2308847665306502,1.6723484552959025,22.2615,0.5413333333333333,0.9568333333333333,22.2615,0.5413333333333333,0.9568333333333333
19962,Joey Wentz,ATL,SP,51,-0.8754674473913064,-0.8677405651368271,-0.7839989175450727,-0.9191075877130859,-0.915531936172246,-0.8757921956425146,-1.3116346795751506,-0.8697187597603364,-0.4532904119530182,246.06983333333332,0,0,246.06983333333332,0,0
19990,Bryse Wilson,PHI,SP,30,-0.5401867900740625,-1.2305605543413418,-0.43818117520030764,-1.2937452760900168,-1.0573932876790288,-0.9219145574105838,-1.4118919645193957,-0.9159896327943244,-0.46414152093288846,249.21283333333332,0,0,249.21283333333332,0,0
20000,Tyler Wells,BAL,SP,71,0.5855219218574256,-0.5126964389798023,0.5886061782280649,-0.556547999424464,-0.36893736061913707,-0.05689939037082304,-0.42359933389634585,-0.05687227180036805,0.3105469197704546,148.50116666666668,0,1.6666666666666666e-4,148.50116666666668,0,1.6666666666666666e-4
20070,Bailey Falter,KCR,SP,73,-0.43750292238698407,-0.7337047201456194,-0.48929056980071883,-0.5256909619629454,-0.6136706086585335,-0.5612165924991303,-0.945733762235875,-0.5590207700854488,-0.1906258979258027,211.766,0,0,211.766,0,0
20099,Chris Paddack,MIA,SP,133,-0.967033154924112,-0.02182609186530434,-0.6302290976371372,0.5430472083090726,-0.0585603601797672,-0.22332805193311722,-0.5987161506174561,-0.2233135517959878,0.15574665109112032,168.96883333333332,0,0,168.96883333333332,0,0
20203,Eli Morgan,KCR,SP,28,-0.07433547750947807,-1.1957800403960621,0.05460554923597539,-1.3273989026744437,-1.0381581646206757,-0.7256353137185804,-1.2412612495667497,-0.7162215974429682,-0.25161704203961804,229.54783333333333,0,0,229.54783333333333,0,0
20253,Griffin Jax,TBR,SP,67,-0.6864170841580652,-0.7241068092857514,-0.6495210444512578,-0.6312100103658181,-0.7212210675686852,-0.6854649646342528,-1.125965289479778,-0.6770824000541398,-0.27138509671959643,226.033,0,0,226.033,0,0
20302,David Peterson,NYM,SP,163,0.05894029900074098,0.85583760522709,-0.1117294141017654,1.078544693324334,0.6793304296292978,0.5143227220501165,0.11429247870793079,0.5118201135925324,0.9092547570605615,81.98783333333333,0.0028333333333333335,0.12583333333333332,81.98783333333333,0.0028333333333333335,0.12583333333333332
20418,Josh Fleming,TOR,SP,8,0.8572176064478447,-1.4627972912285112,0.854327325680124,-1.6854341571391012,-1.2481106868572653,-0.5852041347026422,-1.3837836126922036,-0.5570354343662989,0.12967648628905332,209.717,0,1.6666666666666666e-4,209.717,0,1.6666666666666666e-4
20492,Casey Mize,DET,SP,145,0.16535042871449396,0.41364275727186683,0.2294694846699637,0.7596980282622958,0.5326665546606022,0.42376348386693,0.03967613168829684,0.4224301694927599,0.8131266859968687,92.18783333333333,5e-4,0.06,92.18783333333333,5e-4,0.06
20531,Kutter Crawford,BOS,SP,86,0.4221332574982435,-0.17030634000000117,0.5821057606328158,-0.2981436132172178,-0.20513076461902124,0.06859264778611972,-0.2875776500791612,0.06878580917449865,0.4279816312740494,133.6325,0,3.333333333333333e-4,133.6325,0,3.333333333333333e-4
20629,Tyler Phillips,MIA,SP,68,-0.5046650233681429,-0.7151697593889783,-0.3793413076547238,-0.6175313666928178,-0.6450335146902757,-0.5761110425712912,-1.0605262340190598,-0.567157230326068,-0.1153088835139626,212.72533333333334,0,0,212.72533333333334,0,0
20633,Yusei Kikuchi,LAA,SP,169,0.0983515824527124,1.345804638776754,0.07975529354622306,1.1898862014708027,0.6380526434470501,0.6779854039793891,0.2821266159235831,0.6731254377171532,1.076048922607551,64.486,0.018333333333333333,0.30766666666666664,64.486,0.018333333333333333,0.30766666666666664
20778,Cristopher Sánchez,PHI,SP,200,1.1041539209459583,1.8042917968202843,1.2448524578703148,1.7428451177985083,2.3694071242189647,1.663382164355725,1.1662559229593732,1.6539459888526256,2.1867533151762273,8.199333333333334,0.9333333333333333,0.9986666666666667,8.199333333333334,0.9333333333333333,0.9986666666666667
21052,Luis Gil,NYY,SP,99,0.3580897757862309,0.05051411345968397,-0.11727194770964923,-0.06250987731026746,-0.12949601785645098,0.01879168374963426,-0.37260990615841894,0.0212935518639883,0.4066282243294459,139.54833333333335,0,8.333333333333334e-4,139.54833333333335,0,8.333333333333334e-4
21212,J.P. France,HOU,SP,12,-0.469242157276299,-1.4391321797753958,-0.5975861624358437,-1.6132882801962718,-1.2429709967976577,-1.1012113729189492,-1.894665829547118,-1.0843587363625042,-0.3737789982643858,256.7518333333333,0,0,256.7518333333333,0,0
21224,Bailey Ober,MIN,SP,155,0.010433410859242865,0.6942614351853572,0.23232027036673475,0.9412851041842909,0.5253690750520275,0.4849899348099538,0.09471395216006881,0.48487905739863946,0.8941577888442246,85.27433333333333,0.002,0.10283333333333333,85.27433333333333,0.002,0.10283333333333333
21390,Joe Ryan,MIN,SP,167,0.8545597679559178,1.4805368700283097,1.1135150474846607,1.1454801423585055,1.4435942086008515,1.2195156915616168,0.7897678423888264,1.2176555380753147,1.6675428855492969,22.990333333333332,0.5201666666666667,0.9476666666666667,22.990333333333332,0.5201666666666667,0.9476666666666667
21446,Ryan Feltner,COL,SP,97,-0.33591528611468546,-0.25229298449327875,-0.32640492942324695,-0.09709196481577799,-0.30811555030801535,-0.26640497337712776,-0.6782507533110728,-0.2619491137179427,0.12919065948956315,174.43583333333333,0,0,174.43583333333333,0,0
21448,Davis Martin,CHW,SP,150,-0.0998596168989512,0.41377468720751587,-0.16733050907415686,0.8486016647548846,0.348708218076931,0.27417024139143353,-0.1279528131054674,0.2704423777098893,0.6842244713178577,109.51333333333334,1.6666666666666666e-4,0.0225,109.51333333333334,1.6666666666666666e-4,0.0225
21453,Konnor Pilkington,DET,SP,11,-0.15248212665884453,-1.425160740986855,-0.5304913808871468,-1.6316411012960885,-1.2568537407620624,-1.0377163138783132,-1.841271090326018,-1.016754150225088,-0.3205587699480299,252.07433333333333,0,0,252.07433333333333,0,0
21455,Kris Bubic,KCR,SP,145,0.596152205061874,0.7481227306429276,0.46491766906980114,0.753178404796153,0.7440058996257779,0.6674647791282231,0.2556951571924135,0.6646794612331919,1.0891851568806576,65.72066666666667,0.020166666666666666,0.305,65.72066666666667,0.020166666666666666,0.305
21487,Stephen Kolek,KCR,SP,77,0.3308473342837712,-0.576922902236235,0.2723205438134312,-0.4557111623374613,-0.3335959757419542,-0.15317738411261428,-0.5372781280787647,-0.15082546868988972,0.2195866485424324,160.33766666666668,0,0,160.33766666666668,0,0
21504,Jake Irvin,WSN,SP,100,-0.565430829180178,-0.34876010166459037,-0.5325367071049122,-0.0427926658193583,-0.3226588140126048,-0.3604778242401687,-0.7527973176386507,-0.3543730213831904,0.006200063507140345,186.27066666666667,0,0,186.27066666666667,0,0
21537,Daniel Lynch IV,KCR,SP,59,-0.28430263088198177,-0.7719522072007117,-0.27362555960665236,-0.7749490698382382,-0.7275115734384796,-0.5702835437120944,-0.9974609115403779,-0.570396170325497,-0.1632700725624036,212.5545,0,0,212.5545,0,0
21649,Luis Medina,ATH,SP,92,-0.4438704468622202,-0.1911927571487888,-0.5566127237300836,-0.19012746626908844,-0.469315058589467,-0.3678602615192308,-0.7947841257638242,-0.3667320166749505,0.05421527864658303,187.279,0,0,187.279,0,0
21690,Edward Cabrera,CHC,SP,137,0.48755786917392685,0.9208043943706633,0.4217710325827694,0.6125425175907908,0.4328537630977084,0.5831147901646125,0.18412174871841727,0.5829422913750557,0.9805964538147901,74.43066666666667,0.007833333333333333,0.19416666666666665,74.43066666666667,0.007833333333333333,0.19416666666666665
21741,Javier Assad,CHC,SP,61,0.045623881271221446,-0.7638123144322665,-0.2051229503320408,-0.7402517122397947,-0.6548225624773856,-0.46968027631442205,-0.9010443818663582,-0.4624573112686381,-0.07430213404216862,200.0695,0,0,200.0695,0,0
21844,Braxton Garrett,MIA,SP,129,0.6146717610517589,0.5250832184525689,0.7701588702749973,0.4780935224590294,0.5413774483779197,0.5903520707189576,0.17863043013380808,0.5850832995006437,1.0057436315660122,73.8105,0.009333333333333334,0.20633333333333334,73.8105,0.009333333333333334,0.20633333333333334
21846,Cole Ragans,KCR,SP,163,1.045274186719284,1.9503600552594045,1.1530110099679578,1.0765822600686665,1.3892269288698542,1.337474547084093,0.8737918626864799,1.330584612028689,1.8307077676269197,18.085,0.6608333333333334,0.9733333333333334,18.085,0.6608333333333334,0.9733333333333334
22100,José Soriano,LAA,SP,176,0.30073126332349176,1.0289299802003427,0.09204652304921873,1.3132925739152708,0.9051919038812625,0.7379956541443184,0.2928677486233203,0.7320052032983664,1.1977526207690818,59.165333333333336,0.048666666666666664,0.412,59.165333333333336,0.048666666666666664,0.412
22182,Hunter Greene,CIN,SP,180,1.0930281050797865,2.2363395156607777,1.2004632795982075,1.376462005183808,1.7023651451982613,1.5325713056004515,1.0737194070275555,1.5274048220221712,2.0258154261892014,11.066666666666666,0.875,0.9958333333333333,11.066666666666666,0.875,0.9958333333333333
22191,Tobias Myers,NYM,SP,75,0.5733807565762252,-0.4505795042048838,0.5224123423911213,-0.4886409986868719,-0.3279813448874328,-0.0356217789509841,-0.40815326494122783,-0.032284883160808714,0.3194781463264761,145.91933333333333,0,0,145.91933333333333,0,0
22201,MacKenzie Gore,TEX,SP,160,0.2629867976290964,1.2570279458001832,0.1906304515235569,1.02470022389562,0.7112633641368119,0.6957316267511383,0.2871305302722942,0.695034456146493,1.1089559065061314,62.8105,0.024666666666666667,0.35033333333333333,62.8105,0.024666666666666667,0.35033333333333333
22207,DL Hall,MIL,SP,52,-0.44478963490797896,-0.8188154327302828,-0.510250418983974,-0.9010171452977576,-0.8412958585979938,-0.7158903776211135,-1.2039287042758555,-0.7067411357822673,-0.26867110784704684,228.78066666666666,0,0,228.78066666666666,0,0
22250,Logan Gilbert,SEA,SP,163,1.076695405457492,1.3233209822223224,1.2742158250126652,1.0829015923126326,1.5731901044273011,1.27472617699429,0.8625245757838391,1.266414355695988,1.7159248211547282,20.020166666666668,0.5935,0.9761666666666666,20.020166666666668,0.5935,0.9761666666666666
22264,Shane Baz,BAL,SP,152,0.2537584631151052,0.9458615297937862,0.26207795563903,0.8816537742170665,0.5619515038102487,0.5889710037115397,0.1706130433692204,0.5857280212728262,1.0034840981445898,73.97033333333333,0.009833333333333333,0.20683333333333334,73.97033333333333,0.009833333333333333,0.20683333333333334
22267,Tarik Skubal,DET,SP,200,1.6164820766448473,2.6765425666168365,1.9030934381092068,1.7451434052581356,3.2558147431605207,2.2482579581567075,1.7384739479133644,2.2407615399110323,2.7927465181828284,1.8175,0.9996666666666667,1,1.8175,0.9996666666666667,1
22286,Trevor Rogers,BAL,SP,142,0.2584757551931496,0.4735990520668642,0.07230379650055965,0.7065087574947979,0.4210574212593376,0.391937060362025,-7.821696437326972e-4,0.3912353520533216,0.7943196958936365,95.84616666666666,0.0011666666666666668,0.051666666666666666,95.84616666666666,0.0011666666666666668,0.051666666666666666
22294,Matthew Liberatore,STL,SP,150,0.13536921455739176,0.5200495470545292,0.17905482979531462,0.846748540208554,0.5013168231542233,0.4423876062907354,0.03934301595639619,0.4440224771020258,0.8435669438863302,90.07783333333333,0.002,0.0715,90.07783333333333,0.002,0.0715
22487,Johan Oviedo,BOS,SP,115,0.38900657027672564,0.26482952315979824,0.1591724071300271,0.21940973553485132,0.10688050054463663,0.2289624046553415,-0.20328340209870652,0.22899819259764037,0.6578608843388357,114.76983333333334,0,0.013833333333333333,114.76983333333334,0,0.013833333333333333
22543,Taj Bradley,MIN,SP,134,-0.1744462133512531,0.6189246747060293,-0.09620885312451774,0.5591117899580851,0.13237780501947916,0.2131360097877412,-0.16791711389134878,0.20829715593527084,0.6132594090389358,116.64383333333333,0,0.006666666666666667,116.64383333333333,0,0.006666666666666667
22630,Keider Montero,DET,SP,61,-0.05318333412018193,-0.7475340138789921,-0.023937297077811805,-0.7443414245776516,-0.6789188823186524,-0.45112593708646204,-0.8396031688933846,-0.4461357964418031,-0.07478636064559548,197.8265,0,0,197.8265,0,0
23150,Osvaldo Bido,NYY,SP,16,0.021811105575719768,-1.3304736629706986,-0.12083986904876227,-1.5425203954607034,-1.1863308882054329,-0.8582475912568607,-1.5131905420432756,-0.8386239388582443,-0.2479333295803481,239.98883333333333,0,0,239.98883333333333,0,0
23301,Janson Junk,MIA,SP,95,0.308186252613909,-0.4042704076553464,0.38047145149820116,-0.13288936268635254,-0.00748240369853739,0.03358304215189023,-0.36358108206991074,0.03566306083015207,0.422573162466384,137.688,0,0.001,137.688,0,0.001
23313,José Buttó,SFG,SP,61,0.17182349401911037,-0.654852401197366,-0.08640595846057744,-0.7407971085939877,-0.6381916761643707,-0.39403804940082915,-0.8291753078867766,-0.3810164935284489,0.0255187350700586,190.55283333333333,0,0,190.55283333333333,0,0
23335,Joey Cantillo,CLE,SP,144,0.02788499781809518,0.7477974264285178,-0.009746419007002778,0.7426640472725887,0.26902392085649474,0.363777322089408,-0.12195106106447919,0.3639299024198374,0.8512430003099306,99.44133333333333,0.0026666666666666666,0.07416666666666667,99.44133333333333,0.0026666666666666666,0.07416666666666667
23429,JP Sears,SDP,SP,56,-0.13504371473760463,-0.8362431161489701,-0.021539429312658374,-0.8296008568184838,-0.724258690047511,-0.5146636725933816,-0.908441229524247,-0.5072548681333169,-0.1342190985040195,205.716,0,0,205.716,0,0
23499,Keaton Winn,SFG,SP,32,-0.35761158579571484,-1.1326954507140528,-0.24471489296862556,-1.258774437691696,-1.0297297794363491,-0.8136900240010752,-1.3234840772643692,-0.8069644705059971,-0.33617637820836366,238.77183333333332,0,0,238.77183333333332,0,0
23550,Aaron Ashby,MIL,SP,64,-0.04918510987721546,-0.41020712404210447,-0.005154401040381574,-0.6874383253288875,-0.6715169512393317,-0.3659981154820348,-0.7598447296003936,-0.36291236013824124,0.014742697607294117,187.00083333333333,0,0,187.00083333333333,0,0
23590,Ben Brown,CHC,SP,49,-0.299303180188716,-0.760451759373576,-0.08994551040322243,-0.9560556172956456,-0.8515084601593657,-0.5924583202358923,-1.0179711420825592,-0.587350633152558,-0.18752898904779378,215.18283333333332,0,0,215.18283333333332,0,0
23796,Ryan Weathers,NYY,SP,122,0.2434455041394595,0.27314955648691275,0.32137200429737367,0.35386588978170097,0.14132094595129713,0.27049693258489865,-0.13131878043603762,0.2720355881208706,0.6671422369463451,109.90016666666666,0,0.015166666666666667,109.90016666666666,0,0.015166666666666667
23899,Valente Bellozo,COL,SP,8,0.06377482125081545,-1.4865195974674723,-0.1120630737659188,-1.6852003502772512,-1.2768624076138186,-0.9358134543805416,-1.8088956995759282,-0.9077573159641559,-0.14751889226427642,242.21016666666668,0,0,242.21016666666668,0,0
23920,Brayan Bello,BOS,SP,153,0.4016115401594988,0.6090154132951964,0.25567740671806727,0.9059155342946217,0.775519238087949,0.5973763519394154,0.1992840058344683,0.596178595714693,0.9999486630452088,72.934,0.0105,0.20883333333333334,72.934,0.0105,0.20883333333333334
24282,Kai-Wei Teng,HOU,SP,35,-0.4652921839617601,-1.0238795000370624,-0.5746664449282661,-1.2048786204489499,-1.0254700518347823,-0.8675377069336104,-1.4227895051360349,-0.8539412726034104,-0.35389962141692505,243.1965,0,0,243.1965,0,0
24492,Grayson Rodriguez,LAA,SP,122,0.5341592061316391,0.5941540660276541,0.6326291316204452,0.34552533386944906,0.3840329162351368,0.5006951503338355,0.11206453462482352,0.4990272329820832,0.8974441419210012,83.42416666666666,0.0016666666666666668,0.11233333333333333,83.42416666666666,0.0016666666666666668,0.11233333333333333
24494,Simeon Woods Richardson,MIN,SP,135,0.1634808000137158,0.46743202645408105,0.05291228737740647,0.5811619140819224,0.20090025826136337,0.30098432238021683,-0.08870209643000404,0.30222956371954646,0.6877115559803003,106.3145,0,0.020166666666666666,106.3145,0,0.020166666666666666
24586,Kyle Bradish,BAL,SP,137,1.3735787278501759,1.1816758761315937,1.5018086176777463,0.6209108117721029,1.4069185687478702,1.2262029072697873,0.7598906505829961,1.219559206328003,1.7299371699836785,23.3265,0.5215,0.9333333333333333,23.3265,0.5215,0.9333333333333333
24719,Randy Vásquez,SDP,SP,131,-0.049061855323989594,-0.027765769288262923,-0.15298371441294706,0.5137852366066191,0.19231207862540056,0.09805373316967975,-0.2946504773971739,0.09556365694349381,0.4972244289106516,130.07116666666667,0,0.0025,130.07116666666667,0,0.0025
24728,Mike Burrows,HOU,SP,131,0.16809667668422534,0.48858139425949976,0.1918292141469355,0.5005622845730907,0.19175285619292265,0.31391674464585273,-0.09147301237358015,0.31156105942040774,0.7241054970584525,104.91083333333333,0,0.028,104.91083333333333,0,0.028
24975,Cooper Criswell,SEA,SP,51,-0.03987986284906073,-0.8885410545479118,-0.00913132077275499,-0.9176662019538401,-0.7839908900713546,-0.5293827284866227,-0.958890801626887,-0.5193493105347043,-0.13180465863512072,207.40933333333334,0,0,207.40933333333334,0,0
25098,Jacob Lopez,ATH,SP,131,0.3340945115330129,0.7156982015317936,0.24746934076608434,0.5131499824333129,0.3461080539932613,0.4373864861234468,0.007422794094664769,0.43950871425655114,0.8674031252488701,90.7975,0.0025,0.09016666666666667,90.7975,0.0025,0.09016666666666667
25311,Roddery Muñoz,HOU,SP,52,-1.001850422901933,-0.8495956224139904,-0.9576845225962021,-0.8980685972686504,-0.9184524708035653,-0.9296948214244762,-1.397545088734353,-0.9208035946043499,-0.4919296551130853,250.66733333333335,0,0,250.66733333333335,0,0
25377,Brady Singer,CIN,SP,169,0.10571581128084316,0.8920519737516077,0.04594436404109466,1.1866803345894974,0.8027732024241341,0.6132755947167744,0.21752360642571497,0.6110293470049533,1.0184086380691157,71.231,0.011,0.22383333333333333,71.231,0.011,0.22383333333333333
25385,Drew Rasmussen,TBR,SP,160,0.9726873861819965,0.9307363541635361,1.0666781883349459,1.0250415408054057,1.2416130240747756,1.0556457298144686,0.6215755590189961,1.0531620598468918,1.5095238129799706,32.81316666666667,0.289,0.8373333333333334,32.81316666666667,0.289,0.8373333333333334
25386,Jhony Brito,SDP,SP,16,0.4207197027177164,-1.350478676735605,0.49212220553908675,-1.543025524195884,-1.159778113805078,-0.6477702230191733,-1.2476097605671836,-0.6362226038400827,-0.09051299337745869,219.58583333333334,0,0,219.58583333333334,0,0
25436,George Kirby,SEA,SP,173,0.6968652192628394,1.1610724274650277,0.8727615068500646,1.2547619978642517,1.4932802938883039,1.1034508578533349,0.6597610762727476,1.0995969507959753,1.5694955372048807,29.921166666666668,0.34933333333333333,0.8753333333333333,29.921166666666668,0.34933333333333333,0.8753333333333333
25550,Matt Waldron,SDP,SP,9,0.02168325635024176,-1.461672691259066,0.011745252656216447,-1.6675816745426695,-1.2612674037707583,-0.9108410961850223,-1.7485599958210896,-0.8810725740524203,-0.16126031072502625,241.03883333333334,0,0,241.03883333333334,0,0
25636,Hunter Gaddis,CLE,SP,66,-0.08502206458043918,-0.7322805933957179,-0.12656268315263564,-0.6519791906716788,-0.6110719824101958,-0.444259062868248,-0.8861734971468562,-0.4387632093071735,-0.03301985823612183,196.87216666666666,0,0,196.87216666666666,0,0
25880,Hunter Brown,HOU,SP,183,1.07474331098155,1.9838562551969643,1.0895590341914672,1.4298255138501483,1.9346284117929264,1.5142720931057032,1.045605453353662,1.5043685086579512,2.0086541624260392,11.660666666666666,0.8551666666666666,0.9963333333333333,11.660666666666666,0.8551666666666666,0.9963333333333333
25977,Quinn Priester,MIL,SP,174,0.4025906554687144,0.9676427216505348,0.39367827821215906,1.2746776089786318,0.9592113667423854,0.8027792010351736,0.38213412823352355,0.798028291726534,1.2456359477779486,52.8345,0.06833333333333333,0.5071666666666667,52.8345,0.06833333333333333,0.5071666666666667
26079,Beau Brieske,DET,SP,50,0.18876685601287002,-0.9293218768902238,0.12923719544590456,-0.9372909870377999,-0.7443105203644119,-0.46548145401008995,-0.8821156185555128,-0.4561310280946529,-0.07433870086710706,199.5065,0,0,199.5065,0,0
26108,Andre Pallante,STL,SP,143,-0.4155279333548466,0.17278738229026466,-0.5084101974520552,0.7145315809039934,0.12747449227790625,0.02410426391159074,-0.37594996196234226,0.02696884423229726,0.42831463757225036,138.88966666666667,0,0.001,138.88966666666667,0,0.001
26221,Ryan Pepiot,TBR,SP,169,0.7534994431560784,1.4620116959925082,0.7251630255136463,1.1881167584217645,1.1591163373790692,1.0667785991242258,0.6351954112974918,1.0623621416930966,1.524768849825959,32.06066666666667,0.29933333333333334,0.8446666666666667,32.06066666666667,0.29933333333333334,0.8446666666666667
26253,Ryne Nelson,ARI,SP,167,0.7028222746387551,0.9589612361675218,0.8113204745938771,1.143880654319367,1.1892371674043034,0.9695302958636298,0.5453789851000687,0.9644712985531044,1.4217947114882274,38.9665,0.18566666666666667,0.74783333333333335,38.9665,0.18566666666666667,0.74783333333333335
26257,Joey Estes,ATH,SP,30,0.02817434336036708,-1.1967676732093486,0.18921156687111998,-1.2932114909384331,-1.019252667357821,-0.6681928530804814,-1.136453790657319,-0.661110249161063,-0.22325754145616195,223.70083333333332,0,0,223.70083333333332,0,0
26378,Nick Lodolo,CIN,SP,151,0.44437767440609127,0.9955814237102931,0.5810207864102026,0.8651790593668056,0.7551120922228771,0.7344616993408876,0.3346416801244805,0.7314678900337377,1.1549520912811229,59.10783333333333,0.03333333333333333,0.39766666666666667,59.10783333333333,0.03333333333333333,0.39766666666666667
26389,DJ Herz,WSN,SP,25,0.27322415379149023,-1.1310657531362813,0.15469740422178385,-1.3830671069072191,-1.0743266564394292,-0.6493649809398349,-1.1657183638648532,-0.642590994617976,-0.16803152815351036,220.96883333333332,0,0,220.96883333333332,0,0
26410,Alek Manoah,LAA,SP,104,-0.3688476480554559,-0.19109483895988943,-0.7813279266523234,0.030498791395497438,-0.2701224705165933,-0.31645754836431006,-0.7656074731056103,-0.3076974831959267,0.10834685548684189,180.78,0,0,180.78,0,0
26419,Bradley Blalock,MIA,SP,18,-1.8869120998113966,-1.3917899533874252,-1.5845144857519968,-1.5067107319415391,-1.2412838174023637,-1.535409980365878,-2.2471247470416884,-1.5241586524965482,-0.869816932237581,279.6965,0,0,279.6965,0,0
26440,Ryan Gusto,MIA,SP,55,-0.41613833423792274,-0.7679335218699,-0.2780175664956093,-0.8466798126156256,-0.7910884248130825,-0.6254690150767629,-1.0555814423876482,-0.6193588961924741,-0.21491605548602305,219.09966666666668,0,0,219.09966666666668,0,0
27463,Garrett Crochet,BOS,SP,197,1.099653130704681,2.5874094567392127,1.3270286626848922,1.6855200775069754,2.1637775523365432,1.7825581523362786,1.2744660821270068,1.7774654788180415,2.320696781593203,6.072166666666667,0.969,0.9995,6.072166666666667,0.969,0.9995
27468,Reid Detmers,LAA,SP,145,-0.07080041464758721,0.9574950294958764,0.00428629692480267,0.7610305010437839,0.2610244150208427,0.3870912910972007,-0.013626827829188854,0.3907144222155372,0.7864032607739379,96.359,6.666666666666666e-4,0.049,96.359,6.666666666666666e-4,0.049
27470,Emerson Hancock,SEA,SP,76,-0.329365482623025,-0.6594112683832014,-0.40445827583830085,-0.4737777195416666,-0.5410344717819371,-0.4840929515699033,-0.8882288780858043,-0.47719739561931074,-0.09882741594461145,201.87533333333334,0,0,201.87533333333334,0,0
27473,Cade Cavalli,WSN,SP,135,-0.04198272943580311,0.399552541433642,-0.0018751111705447403,0.5846270273841051,0.2163759617760567,0.23290351982136157,-0.2534936742934331,0.23410819283503448,0.7069367404965489,114.46033333333334,3.333333333333333e-4,0.026166666666666668,114.46033333333334,3.333333333333333e-4,0.026166666666666668
27474,Max Meyer,MIA,SP,137,-0.09210222652791977,0.45382987916665585,-0.0013597721196897067,0.6133529559849,0.26109425153902877,0.24885900553827303,-0.1818970492236036,0.24465847109934513,0.6863425243022497,112.4635,1.6666666666666666e-4,0.0205,112.4635,1.6666666666666666e-4,0.0205
27483,Bobby Miller,LAD,SP,26,-0.4276672958994683,-1.204593176678161,-0.31513933200088495,-1.3641141835786543,-1.1073661918053506,-0.8946188792238366,-1.4534882797519406,-0.8836406000701185,-0.38577921086379535,245.66366666666667,0,0,245.66366666666667,0,0
27487,Landon Knack,LAD,SP,23,0.09084839011563231,-1.2360362210080984,0.04042714857842036,-1.417659255070392,-1.0948160235886195,-0.7298851885504568,-1.2984106112170313,-0.7152800634637224,-0.20202364903030823,229.04116666666667,0,0,229.04116666666667,0,0
27498,Spencer Strider,ATL,SP,159,-0.28784030347235046,1.043660337492615,-0.3678306560785135,1.0090660361657398,0.3743029267654717,0.3606490933566799,-0.07299701504978275,0.3534516200729292,0.795731498770843,99.5455,0.0011666666666666668,0.0505,99.5455,0.0011666666666666668,0.0505
27500,Slade Cecconi,CLE,SP,155,-0.03055828139300721,0.5762835974349876,0.13292845013201263,0.9294869276651477,0.5361266396422831,0.43488961418611377,0.010883251618920797,0.43500396717457124,0.866081087878678,91.03833333333333,0.0015,0.08483333333333333,91.03833333333333,0.0015,0.08483333333333333
27517,Jared Koenig,MIL,SP,65,-1.621413631626073,-0.873023898193438,-1.658027541524846,-0.6722394685794044,-0.8449089101504346,-1.1365313513764963,-1.7047703577850417,-1.1253158630909699,-0.5997429991712268,264.364,0,0,264.364,0,0
27552,Graham Ashcraft,CIN,SP,65,-0.3365195599012326,-0.7574939074183991,-0.3097308796301562,-0.6682029124813753,-0.6274352957595514,-0.5458673746686317,-0.962314432435718,-0.5392771483858414,-0.14361147031466356,209.5975,0,0,209.5975,0,0
27581,Hayden Wesneski,HOU,SP,31,0.34413835609175436,-1.131501882090518,0.38768325544096394,-1.2768625883673765,-0.9463460429800585,-0.5354008406211772,-1.060119979361722,-0.5206919151899516,-0.05995829243206395,207.51133333333334,0,0,207.51133333333334,0,0
27589,Logan Allen,CLE,SP,121,-0.44054303766338637,0.02833125050157611,-0.5867014904701515,0.3309970047740082,-0.11655719170564233,-0.15520608634286137,-0.5475062617138916,-0.15069237748838155,0.2268443181650302,160.54583333333332,0,0,160.54583333333332,0,0
27597,Cody Bradford,TEX,SP,71,0.7431852699256094,-0.5239794512723461,0.7798355671657596,-0.5666589560210196,-0.25223046983851083,0.03680774479453471,-0.33884109711868626,0.03897997118674665,0.4069511582298244,137.31916666666666,0,5e-4,137.31916666666666,0,5e-4
27636,Mitchell Parker,WSN,SP,63,-0.44133740718810266,-0.806931148701646,-0.453883152237462,-0.7056155346506097,-0.7002256121447351,-0.6211918835549741,-1.0113929519457938,-0.6132914787024601,-0.24718517213444385,218.947,0,0,218.947,0,0
27649,Connor Phillips,CIN,SP,56,-0.31441408352626854,-0.6152825089200553,-0.5156139447595118,-0.826820732800081,-0.8178600550442429,-0.6216573990470331,-1.1416665000117596,-0.6122231080043039,-0.12801043187722458,217.59016666666668,0,0,217.59016666666668,0,0
27669,Tanner Gordon,COL,SP,55,-1.0650140577324823,-0.933614184121278,-0.7825207755945138,-0.8452302972906359,-0.8267586372371774,-0.8964551295461158,-1.3656892562420717,-0.8876913873249768,-0.45400823736031604,247.56283333333334,0,0,247.56283333333334,0,0
27688,Jack Kochanowicz,LAA,SP,25,-1.0625688895650913,-1.3222164853437852,-1.0382453389485875,-1.3830362514237273,-1.1457955112447165,-1.1987541366378025,-1.7550217807402828,-1.1905037792606228,-0.6697881677503303,268.01283333333333,0,0,268.01283333333333,0,0
27691,Louis Varland,TOR,SP,67,0.3884532648834697,-0.5386421258948575,0.4934195033685015,-0.635006104504668,-0.45760512399990877,-0.14753376450415354,-0.5406323750301896,-0.1458776420514566,0.2333881753937672,159.56983333333332,0,0,159.56983333333332,0,0
27707,Mitch Spence,KCR,SP,16,-0.06370189212229582,-1.3600260940692541,0.039884457592771885,-1.5441506618190637,-1.1832602026347034,-0.844743179493008,-1.4730758608873256,-0.8300569346319023,-0.25684232586599043,239.4595,0,0,239.4595,0,0
27756,Mick Abel,MIN,SP,118,-0.32557907308996403,0.3057199889656069,-0.2501428070387263,0.2794116272833912,-0.12687485741327634,-0.018419340789308826,-0.4734759127391521,-0.017110235386393308,0.4410516943310999,144.19016666666667,0,0.0013333333333333333,144.19016666666667,0,0.0013333333333333333
27758,Kyle Harrison,MIL,SP,89,0.22939429475374937,-0.16031151202743976,0.26320425947435055,-0.23889105871266936,-0.2712359136331625,-0.03147804840859508,-0.4170046528954263,-0.028419743093261125,0.3394165797209906,145.51716666666667,0,0,145.51716666666667,0,0
27768,Eury Pérez,MIA,SP,135,0.7371604350750198,0.9534590543639947,0.79404526846711,0.577003874895253,0.49155316210471167,0.7138238115033414,0.32456234979648696,0.7098581984755816,1.114876174945614,60.956833333333336,0.024,0.37033333333333335,60.956833333333336,0.024,0.37033333333333335
27779,Bryce Elder,ATL,SP,124,-0.22615014822026092,0.034196284989121986,-0.2807152974792204,0.3828818303295779,0.07499798726340887,-3.6602351180856915e-4,-0.3811878049267973,0.0022007687921923756,0.3738041750485204,141.8095,0,3.333333333333333e-4,141.8095,0,3.333333333333333e-4
27782,Brandon Pfaadt,ARI,SP,162,-0.22659916460615404,0.7890460055572595,0.031835685780053,1.0632657228705438,0.5476887335138625,0.44743771215896855,0.05305701655960147,0.4438363790563108,0.859693066895716,89.55366666666667,0.0021666666666666666,0.08266666666666667,89.55366666666667,0.0021666666666666666,0.08266666666666667
27792,Gavin Stone,LAD,SP,42,0.523783502425003,-0.9756181969187122,0.511388516164485,-1.078547623640615,-0.7855553624176128,-0.36748162881698043,-0.771730111280051,-0.360849450689521,0.018747806438988913,187.11633333333333,0,0,187.11633333333333,0,0
27819,Brandon Young,BAL,SP,27,-0.7382022088727471,-1.235603311846723,-0.6613983304650786,-1.3462508656230736,-1.1109664953916134,-1.0256217897527038,-1.588544686578652,-1.0157605488674064,-0.5032618240122831,256.39233333333334,0,0,256.39233333333334,0,0
27863,Jared Jones,PIT,SP,88,0.5212631808490671,-0.03577751506474523,0.5842921571547033,-0.26190003268749046,-0.17954133620100696,0.12835804901072012,-0.23644282944841447,0.13148426341665131,0.4796260348853219,126.57383333333334,0,0.001,126.57383333333334,0,0.001
27889,J.T. Ginn,ATH,SP,57,-0.06068912583904579,-0.6918103656667947,0.04667902258514349,-0.8096992047223187,-0.7205358102674844,-0.4481709758458375,-0.8669673386136374,-0.44844382941761185,-0.04720637649386991,197.40083333333334,0,0,197.40083333333334,0,0
29608,Joe Boyle,TBR,SP,67,-0.20474219178735825,-0.3577229031372338,-0.5510158337764395,-0.6296215404939745,-0.6907846701810955,-0.4867739611611136,-0.9182971223198443,-0.4858672711151356,-0.0635332097202528,202.10333333333332,0,0,202.10333333333332,0,0
29812,Robert Gasser,MIL,SP,84,0.5565476881667497,-0.3942567576036192,0.6068794653732968,-0.3321965663537265,-0.14993568918088934,0.057379144164730056,-0.3870939449808834,0.06026469082772047,0.48977590162813306,135.139,0,0.003,135.139,0,0.003
29837,Bryce Miller,SEA,SP,141,0.015445721954309495,0.423041608442132,0.09626843683563262,0.6818200234221473,0.28101213370979117,0.30560167027107543,-0.0995601474198785,0.30473125347879493,0.7233139681978158,105.88766666666666,5e-4,0.029,105.88766666666666,5e-4,0.029
29839,Emmet Sheehan,LAD,SP,143,0.919546857529967,1.1624200958811324,0.9581348749815826,0.7288784788431424,0.853420635060652,0.9309218855941364,0.4822241707002501,0.9272787492598882,1.3918162575973467,42.18966666666667,0.16,0.6898333333333333,42.18966666666667,0.16,0.6898333333333333
29863,Ryan Bergert,KCR,SP,60,0.2287526613507734,-0.6515116876048767,0.09004506048091004,-0.7624854224562472,-0.646573336333595,-0.3545571805080313,-0.7665801413385617,-0.34766409806658927,0.039569834628574274,185.59366666666668,0,0,185.59366666666668,0,0
29869,Michael McGreevy,STL,SP,146,0.13852844336373965,0.174234713588205,0.1448849762067405,0.7820698021704875,0.5290672221992374,0.3595054100231157,-0.05019644810527271,0.35505108416602427,0.7715974447915128,99.58266666666667,8.333333333333334e-4,0.043,99.58266666666667,8.333333333333334e-4,0.043
29878,Sean Burke,CHW,SP,141,-0.04426289991994502,0.6177746512433532,-0.20025326139349275,0.6848612043620232,0.20619669591420103,0.25783567698527265,-0.14670010978009848,0.2594158094516916,0.6720670919880857,111.363,3.333333333333333e-4,0.016833333333333332,111.363,3.333333333333333e-4,0.016833333333333332
29911,Andrew Abbott,CIN,SP,164,0.7025169804125857,0.9658870268808961,0.6243086817522179,1.0960802177688846,1.077035457941157,0.9003265839957441,0.4785271199372419,0.8958578683263726,1.3304111820247875,44.22866666666667,0.12133333333333333,0.6628333333333334,44.22866666666667,0.12133333333333333,0.6628333333333334
29914,Andrew Alvarez,WSN,SP,90,0.3987280251283052,-0.20656002034753188,0.2967717586238877,-0.22612733445061783,-0.1900040591568482,0.016184336143425626,-0.4659683550761073,0.018328065087434252,0.4906974283740489,140.0835,0,0.0018333333333333333,140.0835,0,0.0018333333333333333
29921,Spencer Arrighetti,HOU,SP,86,-0.002822320286351647,-0.09218366347240242,-0.13433998580148798,-0.295517041392218,-0.3951078695283644,-0.18400057029581987,-0.5984828671927447,-0.17971357763539403,0.20977373517929074,164.21366666666665,0,0,164.21366666666665,0,0
29928,Dylan Dodd,ATL,SP,46,-1.2841733022594453,-1.089131636341159,-1.1015913763547789,-1.0091187088559095,-0.9530225575476503,-1.0930813153859007,-1.6209338650059348,-1.084297916985109,-0.5960936567492509,262.183,0,0,262.183,0,0
29960,AJ Smith-Shawver,ATL,SP,8,0.4882679864757188,-1.4617846014628073,0.21822522605399453,-1.6852102068766381,-1.2727450857778944,-0.7896796728316159,-1.6481702738232895,-0.7655177224335221,-0.03643307211268469,229.6275,0,0,229.6275,0,0
30004,McCade Brown,COL,SP,15,-1.0878184800081088,-1.375390388292017,-1.1454137466632597,-1.561061888437627,-1.245930801510092,-1.313600867050234,-2.0990585800420214,-1.2904697521651003,-0.5972032874514444,269.7973333333333,0,0,269.7973333333333,0,0
30031,Julian Aguiar,CIN,SP,35,-0.406390274415918,-1.14181841862229,-0.4228125998873338,-1.2049990147214107,-1.0195655318656924,-0.849482680327555,-1.3875626577578368,-0.8387859677690933,-0.3480698790576582,241.76483333333334,0,0,241.76483333333334,0,0
30055,Cade Povich,BAL,SP,26,-0.3532767511871566,-1.1808594775994976,-0.26487504261900974,-1.3641329330035208,-1.1063304929961966,-0.8704337356422662,-1.3907087905224182,-0.8615125223844904,-0.3761672090005981,243.91483333333332,0,0,243.91483333333332,0,0
30056,David Festa,MIN,SP,73,-0.1404171762937887,-0.3895842454669522,-0.026790163750425058,-0.5297739040656736,-0.5789350406341971,-0.3348763387343587,-0.7506734839236052,-0.32493658272247794,0.05483026269404213,182.94416666666666,0,0,182.94416666666666,0,0
30076,Landen Roupp,SFG,SP,128,0.2183960682718929,0.3845312154792613,0.14354180804857214,0.44915613003146093,0.2590305664998316,0.2957090997033027,-0.11386488253663457,0.29387908855626566,0.70894090436163,107.0775,6.666666666666666e-4,0.024,107.0775,6.666666666666666e-4,0.024
30094,Jordan Wicks,CHC,SP,44,-0.11906090715193979,-0.9613432077951236,-0.12362764119398975,-1.0458078477343065,-0.8666495476229372,-0.630968363888185,-1.0920024087157376,-0.6226981131776805,-0.20680106745651866,219.46566666666666,0,0,219.46566666666666,0,0
30107,Christian Scott,NYM,SP,38,0.11924394011811726,-1.0355358819265992,0.18175606581806503,-1.1492750130004536,-0.9108874157612135,-0.5673162267091265,-1.0527751345929328,-0.5567165690887118,-0.11838130556168962,211.5945,0,0,211.5945,0,0
30113,Chad Patrick,MIL,SP,140,0.34317291955100726,0.7867467362645664,0.3780505958800775,0.6663588828906977,0.42278531991340584,0.525540245929194,0.10821438683710483,0.5278254058654517,0.9480034628931842,80.91616666666667,0.0045,0.14233333333333334,80.91616666666667,0.0045,0.14233333333333334
30122,Gavin Williams,CLE,SP,168,0.5874574067118513,1.3505740802947979,0.2910213622483392,1.169798793119316,0.8706563565740183,0.8615641988531353,0.4295882788236493,0.8592357159570598,1.2990075826551233,47.7165,0.09966666666666667,0.5946666666666667,47.7165,0.09966666666666667,0.5946666666666667
30134,Tanner Bibee,CLE,SP,182,0.32460757157201714,1.2182827127620812,0.351649004629645,1.4252778372731352,1.0161820520796851,0.8759264478695592,0.4357074259419162,0.8750124543891609,1.3228252204636157,46.592,0.114,0.6203333333333333,46.592,0.114,0.6203333333333333
30146,Jack Leiter,TEX,SP,148,0.15194230623457622,0.8887693464442118,0.09087907380553925,0.8117925804969183,0.397354568945153,0.47551238786507644,0.06311034138791131,0.47815286287477976,0.8842313547356581,86.33616666666667,0.0021666666666666666,0.1005,86.33616666666667,0.0021666666666666666,0.1005
30160,Richard Fitts,STL,SP,104,0.02929268859843628,-0.005683193076326762,0.06801490266429729,0.02959764591021243,-0.13698206184511838,-9.444567721859275e-4,-0.44857816848445736,4.195181696766165e-4,0.43606259142541887,142.03383333333332,0,0.0018333333333333333,142.03383333333332,0,0.0018333333333333333
30171,Mason Black,KCR,SP,40,-0.7930840154790675,-1.0334134499565732,-0.6750194253682391,-1.11563112797212,-0.9981204857175754,-0.9330719175816954,-1.4649193348132723,-0.9166333757222953,-0.4553915188561002,249.669,0,0,249.669,0,0
30182,Will Warren,NYY,SP,134,-0.1797388506137213,0.7037632588195628,-0.07987521235397668,0.5632675703612469,0.10777851211259389,0.22960737952939966,-0.1676447556291843,0.23206201063379736,0.630584190314385,114.66783333333333,0,0.012833333333333334,114.66783333333333,0,0.012833333333333334
30184,Noah Cameron,KCR,SP,142,0.7060390655424371,0.5074290318064226,0.604068396202351,0.7016020547980113,0.6883725902520959,0.6494051259234677,0.2476961519634396,0.6478435188375045,1.0610124974099804,67.54266666666666,0.0155,0.2826666666666667,67.54266666666666,0.0155,0.2826666666666667
30240,Hunter Dobbins,STL,SP,96,0.15260060873076264,-0.2565531631383296,0.17333067960143872,-0.11968199387064384,-0.16850557470718402,-0.036989661467606565,-0.451745023751792,-0.03841084564684724,0.3696925781584146,146.231,0,3.333333333333333e-4,146.231,0,3.333333333333333e-4
30279,Bryan Woo,SEA,SP,195,1.2538640817495166,1.8192823596300989,1.4405844054416146,1.647477548558515,2.3789721801306776,1.719758105952837,1.2383893066305702,1.7102068653068891,2.2309595293299624,6.913166666666666,0.9611666666666666,0.9998333333333334,6.913166666666666,0.9611666666666666,0.9998333333333334
31204,Justin Wrobleski,LAD,SP,56,-0.42543960443433726,-0.8023450365881262,-0.42684314448359695,-0.8274008238173631,-0.8187003878005494,-0.6638840251367925,-1.1276044165234829,-0.6556626548623876,-0.22080862758265665,223.1985,0,0,223.1985,0,0
31312,Colton Gordon,HOU,SP,40,-0.34760748189699475,-1.051524070882512,-0.16016430694105874,-1.1147340071967267,-0.9290157630181561,-0.7289912518843095,-1.2022359132919556,-0.7181938494140454,-0.2861834205996453,230.41016666666667,0,0,230.41016666666667,0,0
31318,Gunnar Hoglund,ATH,SP,42,-0.5648111783529681,-1.042072361034295,-0.46545019426117534,-1.0796917608485481,-0.9410803013387905,-0.8265798407957281,-1.3554914782308463,-0.8177432734539121,-0.33526026482977056,239.87216666666666,0,0,239.87216666666666,0,0
31475,Logan Henderson,MIL,SP,105,1.0552859134136972,0.3493598896770399,1.0220654085796137,0.04096374577009544,0.33839067725115557,0.5639161869718162,0.111973809885478,0.5606745502247139,1.0309342149747833,77.06766666666667,0.013833333333333333,0.20666666666666667,77.06766666666667,0.013833333333333333,0.20666666666666667
31508,Caden Dana,LAA,SP,86,-0.7172323277889077,-0.2756315207210949,-0.869656553048052,-0.29815209461235737,-0.6040078555702506,-0.5529615525931882,-1.0562666487847137,-0.5455047190322555,-0.07957919468373668,209.83583333333334,0,0,209.83583333333334,0,0
31612,Carson Palmquist,COL,SP,24,-1.8680402136047998,-1.272949482041756,-1.8462358037966993,-1.4002496997595721,-1.1964643722141464,-1.5248038743864654,-2.2028991419492643,-1.5160228837638403,-0.887453805152137,280.02133333333336,0,0,280.02133333333336,0,0
31623,Jacob Misiorowski,MIL,SP,138,0.5949502915989447,1.2791998683622943,0.61965682917963,0.6368829235895265,0.48779488704248675,0.7279216053233997,0.2797581361977155,0.7244621200923433,1.1822865936633051,60.12883333333333,0.04466666666666667,0.401,60.12883333333333,0.04466666666666667,0.401
31635,Hayden Birdsong,SFG,SP,58,0.06109537113577933,-0.4993716412452025,-0.2910669668521786,-0.79271734261470606,-0.7472847421676718,-0.4632098424938517,-0.8911150261369243,-0.45321049272751174,-0.06477212266131843,199.17766666666665,0,0,199.17766666666665,0,0
31676,Carson Whisenhunt,SFG,SP,29,-0.3715246729604579,-1.1860377998995697,-0.5342311391819544,-1.3100842735463831,-1.0794384461054625,-0.9121640866193707,-1.4917805055426574,-0.8948024689469912,-0.3813017585255139,246.65733333333333,0,0,246.65733333333333,0,0
31687,Shane Smith,CHW,SP,160,0.3551891173058247,1.0303386628361237,0.23674527209289759,1.031901441221659,0.6432887136649322,0.663706228852347,0.23253001566318815,0.6601495255805498,1.0976034971441566,66.2755,0.021666666666666667,0.30733333333333335,66.2755,0.021666666666666667,0.30733333333333335
31730,Jonathan Cannon,CHW,SP,105,-0.3822686709414036,-0.181302439303868,-0.30285003321894155,0.04408391686462193,-0.2552764555821565,-0.21532891616263528,-0.6142044418856938,-0.21349084001634078,0.1559598967649072,167.92366666666666,0,0,167.92366666666666,0,0
31741,Mason Barnett,ATH,SP,43,-0.7001487449253982,-0.9912663797639559,-0.6674787396780404,-1.0612375532316927,-0.953737692904695,-0.884417650830488,-1.4294520031281515,-0.8693474469048132,-0.37548093880593214,244.835,0,0,244.835,0,0
31757,Mason Miller,SDP,SP,66,0.5278865712424552,-0.37184571941289646,0.39645874952866905,-0.6529399317323428,-0.5139121978940794,-0.1251678544576443,-0.5654104081479491,-0.11875036432328392,0.28837476396666833,157.05633333333333,0,0,157.05633333333333,0,0
31827,Zebby Matthews,MIN,SP,124,-0.39504970631244973,0.49108899886994406,-0.07624741792316761,0.38643204818572663,-0.018686137551324616,0.08084291303051101,-0.33809858835478845,0.08418960555767505,0.49493366453147797,132.13833333333332,0,0.0021666666666666666,132.13833333333332,0,0.0021666666666666666
31838,Kodai Senga,NYM,SP,119,0.5448552390950208,0.35560278249677924,-0.10344465741758047,0.2978851293105229,0.1923813180262141,0.26216595410601307,-0.12985771940757213,0.2617189340117545,0.6536867853903883,110.90116666666667,1.6666666666666666e-4,0.014333333333333333,110.90116666666667,1.6666666666666666e-4,0.014333333333333333
31843,Kumar Rocker,TEX,SP,106,-0.4246307047267255,-0.08026174635702442,-0.35365164617864886,0.061198826730456,-0.24736902862592489,-0.20756603521584452,-0.6432945332961812,-0.20700705062590335,0.2213274009570625,167.20233333333334,0,0,167.20233333333334,0,0
31846,Spencer Schwellenbach,ATL,SP,89,1.013749398880006,-0.07233497701963326,1.1977080544646785,-0.2437813643551675,0.2156883946976611,0.4254158002024788,0.061472386608213386,0.4254398930514329,0.7891416755178067,91.866,0,0.0485,91.866,0,0.0485
31872,Cade Horton,CHC,SP,127,0.8490499796686832,0.3001600826220394,0.7664454661971226,0.43688962308799606,0.5119937933977596,0.5778537131628898,0.19526288488098598,0.5724685677138347,0.9751230827180993,74.9805,0.006,0.183,74.9805,0.006,0.183
31900,Adam Mazur,MIA,SP,35,-0.779136707520614,-1.1324468071761244,-0.7374378604256837,-1.2032227531853077,-1.0421634027605173,-0.9900289294954654,-1.5129222783345262,-0.9858446572234831,-0.4904213591278752,254.35966666666667,0,0,254.35966666666667,0,0
31967,Drew Thorpe,CHW,SP,52,-0.17021585285291208,-0.9385270504024518,-0.38614424919095025,-0.9029932134185067,-0.8066209601550456,-0.6455999987239063,-1.0997614211885138,-0.636961618467935,-0.21066972855858496,221.3365,0,0,221.3365,0,0
31986,Parker Messick,CLE,SP,121,0.6055838297948765,0.25516547526889116,0.6625357915380775,0.32690232576089334,0.43379019752503467,0.46100234026061093,0.02974701130082827,0.4591914497610613,0.9133726318270875,88.2385,0.0028333333333333335,0.10816666666666666,88.2385,0.0028333333333333335,0.10816666666666666
32095,Cam Schlittler,NYY,SP,121,0.782175007110345,0.7265114905761585,0.6993241071001385,0.32902723357973973,0.3846076363596443,0.592926097051258,0.17832989588739842,0.5877582980351306,1.0132533075778838,73.5335,0.008666666666666666,0.21266666666666667,73.5335,0.008666666666666666,0.21266666666666667
32227,Luis Morales,ATH,SP,119,0.6793124324474502,0.32918516747439897,0.5674625208605346,0.29058739762851904,0.2708501123235594,0.43157356680153613,0.003474632892001809,0.4329079250710739,0.8625639923994307,91.43883333333333,5e-4,0.08316666666666667,91.43883333333333,5e-4,0.08316666666666667
33482,Chase Dollander,COL,SP,114,-0.8939916198748343,0.07422203384601882,-0.8008699426109545,0.20427150398072005,-0.3331777536220891,-0.34715366445231566,-0.7490586943252446,-0.34540422553505346,0.04588078361871981,184.64033333333333,0,0,184.64033333333333,0,0
33527,Hurston Waldrep,ATL,SP,70,0.799087406710017,-0.39932965157775524,0.6651068501444382,-0.5816554153946436,-0.3377324675838508,0.02612338999941311,-0.36541919329670997,0.03000548734135967,0.40176749234748754,138.681,0,0,138.681,0,0
33628,Mitch Farris,LAA,SP,26,-0.5694562363894613,-1.2113284672727334,-0.6176315855407151,-1.363867932464447,-1.1219502144182316,-0.990544491773526,-1.6129915807846773,-0.970148013083218,-0.4369593621401535,252.70333333333335,0,0,252.70333333333335,0,0
33677,Paul Skenes,PIT,SP,189,1.4543514913019973,2.086701815503606,1.5445964737999467,1.5435617412569207,2.30901073839486,1.7980436292530166,1.336824657888848,1.7867967350036706,2.2964356440497404,5.512333333333333,0.9833333333333333,1,5.512333333333333,0.9833333333333333,1
33703,Nolan McLean,NYM,SP,145,1.1622142898583956,1.3097679547548524,1.1398366171523684,0.7649706073581339,1.0688963275903727,1.0964039300048831,0.6350647356750225,1.0837397716429469,1.577101713796099,30.770333333333333,0.3546666666666667,0.8543333333333333,30.770333333333333,0.3546666666666667,0.8543333333333333
33825,Yoshinobu Yamamoto,LAD,SP,155,1.215538784128011,1.3741094077125986,1.2035529273796075,0.9388666483546679,1.434389587877277,1.2431095294096564,0.8149333256370853,1.233720720182382,1.6869911138676723,21.7145,0.5473333333333333,0.9593333333333334,21.7145,0.5473333333333333,0.9593333333333334
33829,Shota Imanaga,CHC,SP,147,0.8285869208966068,0.5348667998662429,0.9192837017032353,0.7910114581694613,1.091859723126289,0.8434452048342689,0.4419171690663348,0.8346768698980018,1.2666498607209955,48.963166666666666,0.07916666666666666,0.5691666666666667,48.963166666666666,0.07916666666666666,0.5691666666666667
33838,Yariel Rodríguez,TOR,SP,36,-0.2883070862990366,-1.0377563710489026,-0.467120038703008,-1.1865480832102409,-0.9973481322488489,-0.8060261381542503,-1.3073402252278246,-0.7916135187607016,-0.34118447457239803,238.24266666666668,0,0,238.24266666666668,0,0
33876,Rhett Lowder,CIN,SP,82,0.7075152576325048,-0.3885352591283313,0.44537819263603784,-0.3680191247162332,-0.25787931578413315,0.02304776363038703,-0.41266158462764235,0.027670751376557553,0.4426080395465669,139.12233333333333,0,6.666666666666666e-4,139.12233333333333,0,6.666666666666666e-4
35321,Tomoyuki Sugano,COL,SP,116,-0.4797643094008808,-0.322065894239845,-0.36892471525901416,0.2400966782022487,-0.04382579675685391,-0.19178653421482042,-0.5817596085661354,-0.1919093174483158,0.19359306275808336,165.095,0,0,165.095,0,0
35323,Roki Sasaki,LAD,SP,123,-0.21563845684139699,0.18277093552326407,-0.5363917618197567,0.36286115470335645,-0.10440037346634942,-0.061414226290087214,-0.530431683780465,-0.057779181915469505,0.4029345649087507,149.39033333333333,0,0.001,149.39033333333333,0,0.001
35333,Chase Burns,CIN,SP,123,0.4036569134545098,1.0220888226327682,0.572331953322821,0.36354283287387806,0.1856943387022384,0.5142386183057656,0.07360658822401314,0.5130081436649092,0.9667617530402115,82.31433333333334,0.006333333333333333,0.15616666666666668,82.31433333333334,0.006333333333333333,0.15616666666666668
