TEAM,PLAYER,THR,PROJECTED ROLE,"Sun 
 2/22","Sat 
 2/21","Fri 
 2/20","Thu 
 2/19","Wed 
 2/18","Tue 
 2/17",vFA,vSI,G,IP,ERA,Sv,HLD,K/9,K%,NameASCII,PlayerId,MLBAMID
ARI,Kevin Ginkel,R,Co-Closer,,,,,,,94.9727,94.1486,29,25.2,7.36364,3,6,10.1688,0.239669,Kevin Ginkel,19876,656464
ARI,Paul Sewald,R,Co-Closer,,,,,,,90.5935,,22,19.2,4.57627,2,4,9.15254,0.246914,Paul Sewald,13892,623149
ARI,Ryan Thompson,R,Setup Man,,,,,,,91.1329,89.694,48,41.1,3.91935,1,17,7.83871,0.205714,Ryan Thompson,16647,657044
ARI,Kade Strowd,R,Setup Man,,,,,,,95.6029,96.1092,25,26.1,1.70886,0,5,8.20253,0.228571,Kade Strowd,26191,669704
ARI,Drey Jameson,R,Middle Reliever,,,,,,,98.4673,96.5156,3,3,3,1,0,0,0,Drey Jameson,26260,686753
ARI,Brandyn Garcia,L,Middle Reliever,,,,,,,,96.8628,14,14.1,5.65116,0,2,8.7907,0.212121,Brandyn Garcia,33568,805299
ARI,Taylor Clarke,R,Long Reliever,,,,,,,94.9838,94.8134,51,55.1,3.25301,1,5,7.15663,0.213592,Taylor Clarke,17611,664199
ARI,A.J. Puk,L,60-Day IL,,,,,,,96.5253,96.0492,8,8,3.375,4,2,13.5,0.342857,A.J. Puk,19343,640462
ARI,Justin Martinez,R,60-Day IL,,,,,,,99.8813,99.3015,17,15.1,4.1087,5,4,12.913,0.328358,Justin Martinez,24453,679885
ARI,Andrew Saalfrank,L,60-Day IL,,,,,,,89.1039,89.2096,28,29,1.24138,3,5,5.89655,0.168142,Andrew Saalfrank,26203,685314
ATH,Hogan Harris,L,Closer Committee,,,,,,,93.4384,,48,64.2,3.20103,4,3,9.04639,0.234657,Hogan Harris,21520,663687
ATH,Justin Sterner,R,Closer Committee,,,,,,,93.6035,,59,65,3.18462,0,16,9.69231,0.263158,Justin Sterner,27694,686993
ATH,Mark Leiter Jr.,R,Closer Committee,,,,,,,93.3861,93.7162,59,48.1,4.84138,2,14,10.0552,0.246575,Mark Leiter Jr.,15551,643410
ATH,Michael Kelly,R,Middle Reliever,,,,,,,95.8492,95.0323,42,39.2,3.17647,2,7,6.57983,0.174699,Michael Kelly,12791,547184
ATH,Scott Barlow,R,Middle Reliever,,,,,,,92.244,92.3904,75,68.1,4.21463,1,16,9.87805,0.247525,Scott Barlow,14993,605130
ATH,Elvis Alvarado,R,Middle Reliever,,,,,,,98.6904,98.1508,37,42.1,3.18898,0,4,10.6299,0.273224,Elvis Alvarado,21662,665660
ATH,Brady Basso,L,Middle Reliever,,,,,,,92.8382,92.181,11,11.2,2.31429,0,2,6.17143,0.142857,Brady Basso,25582,669620
ATH,Luis Medina,R,Long Reliever,,,,,,,,,,,,,,,,Luis Medina,21649,665622
ATL,Raisel Iglesias,R,Closer,,,,,,,94.833,94.6387,70,67.1,3.20792,29,2,9.75743,0.274436,Raisel Iglesias,17130,628452
ATL,Robert Suarez,R,Setup Man,,,,,,,98.6495,98.4874,70,69.2,2.97129,40,0,9.689,0.27881,Robert Suarez,30115,663158
ATL,Dylan Lee,L,Setup Man,,,,,,,94.0425,,74,68.1,3.29268,2,19,10.0098,0.285714,Dylan Lee,19996,669276
ATL,Tyler Kinley,R,Middle Reliever,,,,,,,95.1717,,73,72.2,3.9633,3,13,9.04128,0.237013,Tyler Kinley,18297,641755
ATL,Aaron Bummer,L,Middle Reliever,,,,,,,91.5685,90.8521,42,54.1,3.80982,0,2,8.44785,0.217021,Aaron Bummer,16258,607481
ATL,Joel Payamps,R,Middle Reliever,,,,,,,94.7766,94.9054,30,26.1,6.83544,1,4,8.20253,0.205128,Joel Payamps,14332,606303
ATL,Ian Hamilton,R,Middle Reliever,,,,,,,95.4308,94.7686,36,40,4.275,0,4,9.45,0.253012,Ian Hamilton,19261,641656
ATL,Joey Wentz,L,Long Reliever,,,,,,,93.4495,,39,98,5.60204,0,0,8.44898,0.208145,Joey Wentz,19962,666214
ATL,Joe Jiménez,R,Projected Injured List,,,,,,,,,,,,,,,,Joe Jimenez,15761,641729
ATL,Danny Young,L,Projected Injured List,,,,,,,,93.3149,10,8.1,4.32,0,4,14.04,0.351351,Danny Young,18439,664849
BAL,Ryan Helsley,R,Closer,,,,,,,99.3379,,58,56,4.5,21,1,10.125,0.25,Ryan Helsley,18138,664854
BAL,Andrew Kittredge,R,Setup Man,,,,,,,,95.0626,54,53,3.39623,5,15,10.8679,0.307692,Andrew Kittredge,12828,552640
BAL,Keegan Akin,L,Setup Man,,,,,,,93.6597,,64,63.1,3.41053,8,16,8.38421,0.220149,Keegan Akin,19362,669211
BAL,Yennier Cano,R,Middle Reliever,,,,,,,94.8164,95.0983,65,58,5.12069,2,17,8.22414,0.211155,Yennier Cano,25911,666974
BAL,Dietrich Enns,L,Middle Reliever,,,,,,,93.8642,92.7911,24,46.1,4.07914,2,4,9.51799,0.245,Dietrich Enns,13932,608650
BAL,Rico Garcia,R,Middle Reliever,,,,,,,95.3851,,29,34.1,3.14563,0,10,9.96117,0.267606,Rico Garcia,20023,670329
BAL,Tyler Wells,R,Long Reliever,,,,,,,92.5216,,4,21.2,2.90769,0,0,7.47692,0.219512,Tyler Wells,20000,669330
BAL,Félix Bautista,R,60-Day IL,,,,,,,,97.1434,35,34.2,2.59615,19,0,12.9808,0.352113,Felix Bautista,20666,642585
BAL,Colin Selby,R,60-Day IL,,,,,,,95.7306,95.4137,11,14,3.21429,0,0,9,0.233333,Colin Selby,24986,681882
BOS,Aroldis Chapman,L,Closer,,,,,,,98.4798,99.4639,67,61.1,1.17391,32,4,12.4728,0.372807,Aroldis Chapman,10233,547973
BOS,Garrett Whitlock,R,Setup Man,,,,,,,,95.945,62,72,2.25,1,24,11.375,0.31058,Garrett Whitlock,20191,676477
BOS,Justin Slaten,R,Setup Man,,,,,,,96.8738,,36,34,4.23529,3,6,6.61765,0.182482,Justin Slaten,25648,686580
BOS,Greg Weissert,R,Middle Reliever,,,,,,,94.2054,93.9099,72,67,2.8209,4,17,7.65672,0.205036,Greg Weissert,20375,669711
BOS,Zack Kelly,R,Middle Reliever,,,,,,,96.1983,96.2106,28,35.1,4.58491,0,3,8.91509,0.230263,Zack Kelly,20349,677161
BOS,Jovani Morán,L,Middle Reliever,,,,,,,92.229,,2,4,6.75,0,0,11.25,0.25,Jovani Moran,20422,663558
BOS,Kyle Keller,R,Middle Reliever,,,,,,,,,,,,,,,,Kyle Keller,18890,664918
BOS,Ryan Watson,R,Long Reliever,,,,,,,,,,,,,,,,Ryan Watson,sa3015070,670245
CHC,Daniel Palencia,R,Closer,,,,,,,99.5815,97.7345,54,52.2,2.90506,22,6,10.4241,0.283721,Daniel Palencia,27914,694037
CHC,Phil Maton,R,Setup Man,,,,,,,,89.7717,63,61.1,2.78804,5,22,11.8859,0.326613,Phil Maton,18064,664208
CHC,Hunter Harvey,R,Setup Man,,,,,,,96.421,,12,10.2,0,0,5,9.28125,0.282051,Hunter Harvey,15507,640451
CHC,Caleb Thielbar,L,Middle Reliever,,,,,,,92.8542,,67,58,2.63793,1,25,8.68966,0.254545,Caleb Thielbar,10078,573204
CHC,Jacob Webb,R,Middle Reliever,,,,,,,93.5073,,55,66,3,1,7,7.90909,0.217228,Jacob Webb,19274,657097
CHC,Hoby Milner,L,Middle Reliever,,,,,,,88.0206,87.6411,73,70.1,3.83886,0,18,7.4218,0.197952,Hoby Milner,13346,571948
CHC,Javier Assad,R,Middle Reliever,,,,,,,91.9451,92.0097,8,37,3.64865,0,0,5.59459,0.150327,Javier Assad,21741,665871
CHC,Colin Rea,R,Long Reliever,,,,,,,93.8215,92.8171,32,159.1,3.95397,1,0,7.17364,0.191843,Colin Rea,12317,607067
CHW,Seranthony Domínguez,R,Closer,,,,,,,97.6561,97.8163,67,62.2,3.15957,2,20,11.3457,0.302682,Seranthony Dominguez,19249,622554
CHW,Jordan Leasure,R,Setup Man,,,,,,,96.4142,96.2336,68,64.1,3.9171,7,14,11.3316,0.301115,Jordan Leasure,29950,673929
CHW,Grant Taylor,R,Setup Man,,,,,,,98.6573,,36,36.2,4.90909,6,9,13.2545,0.343949,Grant Taylor,33927,691799
CHW,Sean Newcomb,L,Middle Reliever,,,,,,,93.3925,92.5488,48,92.1,2.72924,2,4,8.87004,0.232737,Sean Newcomb,16943,656794
CHW,Mike Vasil,R,Middle Reliever,,,,,,,94.7332,94.4517,47,101,2.49505,4,2,7.30693,0.193853,Mike Vasil,30105,678024
CHW,Brandon Eisert,L,Middle Reliever,,,,,,,89.7981,88.3359,72,69.2,4.39234,2,8,9.55981,0.24183,Brandon Eisert,27668,685126
CHW,Jordan Hicks,R,Middle Reliever,,,,,,,97.4369,97.5011,34,67.1,6.9505,2,2,7.75248,0.184713,Jordan Hicks,19618,663855
CHW,Jedixson Paez,R,Long Reliever,,,,,,,,,,,,,,,,Jedixson Paez,sa3016264,699151
CHW,Prelander Berroa,R,Projected Injured List,,,,,,,,,,,,,,,,Prelander Berroa,22932,672860
CIN,Emilio Pagán,R,Closer,,,,,,,95.7194,,70,68.2,2.8835,32,2,10.6165,0.3,Emilio Pagan,14771,641941
CIN,Tony Santillan,R,Setup Man,,,,,,,96.1929,,80,73.2,2.44344,7,33,9.1629,0.249169,Tony Santillan,19926,663574
CIN,Graham Ashcraft,R,Setup Man,,,,,,,,,62,65.1,3.9949,0,23,8.81633,0.225352,Graham Ashcraft,27552,668933
CIN,Pierce Johnson,R,Middle Reliever,,,,,,,95.2343,,65,59,3.05085,1,16,9,0.247899,Pierce Johnson,13435,572955
CIN,Caleb Ferguson,L,Middle Reliever,,,,,,,93.9824,93.9451,70,65.1,3.58163,0,14,7.02551,0.188889,Caleb Ferguson,19349,657571
CIN,Brock Burke,L,Middle Reliever,,,,,,,96.2513,93.5177,69,61.2,3.35676,0,15,7.58919,0.202335,Brock Burke,17968,656271
CIN,Connor Phillips,R,Middle Reliever,,,,,,,98.0527,,21,25,2.88,0,1,11.52,0.326531,Connor Phillips,27649,683175
CIN,Sam Moll,L,Long Reliever,,,,,,,92.0629,91.3649,23,18.1,6.38182,0,2,10.8,0.271605,Sam Moll,14874,594580
CLE,Cade Smith,R,Closer,,,,,,,96.4886,,76,73.2,2.93213,16,19,12.7059,0.346667,Cade Smith,27867,671922
CLE,Hunter Gaddis,R,Setup Man,,,,,,,94.7205,,73,66.2,3.105,3,35,9.855,0.266423,Hunter Gaddis,25636,683769
CLE,Shawn Armstrong,R,Setup Man,,,,,,,93.6378,94.2784,71,74,2.31081,9,12,9,0.260563,Shawn Armstrong,12857,542888
CLE,Erik Sabrowski,L,Middle Reliever,,,,,,,93.8917,,33,29.1,1.84091,0,12,12.8864,0.347107,Erik Sabrowski,24978,681870
CLE,Matt Festa,R,Middle Reliever,,,,,,,91.9136,93.1544,63,54.2,4.11585,0,12,9.21951,0.247788,Matt Festa,19330,670036
CLE,Tim Herrin,L,Middle Reliever,,,,,,,94.7477,93.5662,54,42.2,4.85156,0,15,9.49219,0.231959,Tim Herrin,25139,682120
CLE,Connor Brogdon,R,Middle Reliever,,,,,,,95.5205,,43,47,5.55319,0,4,9.38298,0.246231,Connor Brogdon,21205,641401
CLE,Peyton Pallette,R,Long Reliever,,,,,,,,,,,,,,,,Peyton Pallette,sa3020742,688883
CLE,Andrew Walters,R,Projected Injured List,,,,,,,96.545,,2,1.1,13.5,0,0,13.5,0.333333,Andrew Walters,33834,689958
CLE,Emmanuel Clase,R,Restricted List,,,,,,,,98.6014,48,47.1,3.23239,24,1,8.93662,0.233831,Emmanuel Clase,21032,661403
COL,Victor Vodnik,R,Closer,,,,,,,98.6935,,52,50.2,3.01974,10,7,8.70395,0.227907,Victor Vodnik,24614,680767
COL,Jimmy Herget,R,Setup Man,,,,,,,93.0058,92.0432,59,83.1,2.484,0,9,8.748,0.233429,Jimmy Herget,17556,623474
COL,Juan Mejia,R,Setup Man,,,,,,,96.6089,,55,61.1,3.96196,1,12,9.97826,0.260536,Juan Mejia,23237,675848
COL,Seth Halvorsen,R,Middle Reliever,,,,,,,100.075,,42,39.2,4.9916,11,4,8.16807,0.208092,Seth Halvorsen,33294,678020
COL,Brennan Bernardino,L,Middle Reliever,,,,,,,92.3071,90.7327,55,51.2,3.13548,1,2,7.49032,0.191964,Brennan Bernardino,16835,657514
COL,RJ Petit,R,Middle Reliever,,,,,,,,,,,,,,,,RJ Petit,sa3017848,696275
COL,Keegan Thompson,R,Middle Reliever,,,,,,,,,,,,,,,,Keegan Thompson,19795,624522
COL,Antonio Senzatela,R,Long Reliever,,,,,,,95.0634,92.554,30,130,6.64615,0,0,5.05385,0.118123,Antonio Senzatela,15488,622608
COL,Jeff Criswell,R,60-Day IL,,,,,,,,,,,,,,,,Jeff Criswell,27608,676105
DET,Kenley Jansen,R,Closer,,,,,,,,93.2922,62,59,2.59322,29,0,8.69491,0.24359,Kenley Jansen,3096,445276
DET,Will Vest,R,Setup Man,,,,,,,96.8428,96.1812,64,68.2,3.01456,23,3,9.8301,0.264085,Will Vest,19769,676684
DET,Kyle Finnegan,R,Setup Man,,,,,,,96.4106,,56,57,3.47368,24,3,8.68421,0.240175,Kyle Finnegan,15009,640448
DET,Tyler Holton,L,Middle Reliever,,,,,,,92.1467,91.5697,70,78.2,3.66102,0,17,7.32203,0.205128,Tyler Holton,26231,663947
DET,Brenan Hanifee,R,Middle Reliever,,,,,,,96.1973,95.3809,54,60,3,0,10,6,0.153846,Brenan Hanifee,22304,669724
DET,Brant Hurter,L,Middle Reliever,,,,,,,92.1836,92.3572,43,63,2.42857,2,5,9.71429,0.245487,Brant Hurter,30133,676428
DET,Beau Brieske,R,Middle Reliever,,,,,,,96.0074,95.9183,22,22,6.54545,1,5,6.54545,0.15534,Beau Brieske,26079,689225
DET,Drew Anderson,R,Long Reliever,,,,,,,,,,,,,,,,Drew Anderson,15130,623454
HOU,Josh Hader,L,Closer,,,,,,,,95.4414,48,52.2,2.05063,28,0,12.9873,0.368932,Josh Hader,14212,623352
HOU,Bryan Abreu,R,Setup Man,,,,,,,97.2471,95.8385,70,71,2.28169,7,25,13.3099,0.35473,Bryan Abreu,16609,650556
HOU,Bryan King,L,Setup Man,,,,,,,91.9359,90.8518,68,68,2.77941,2,27,9.13235,0.250909,Bryan King,25890,687911
HOU,Enyel De Los Santos,R,Middle Reliever,,,,,,,96.1795,,65,66,4.36364,0,6,8.45455,0.221429,Enyel De Los Santos,18403,660853
HOU,Steven Okert,L,Middle Reliever,,,,,,,91.9696,,68,71.2,3.01395,1,10,10.5488,0.304348,Steven Okert,13580,595345
HOU,Nate Pearson,R,Middle Reliever,,,,,,,97.6638,97.2246,11,14.2,9.20455,0,1,4.29545,0.0933333,Nate Pearson,20160,663878
HOU,Roddery Muñoz,R,Long Reliever,,,,,,,96.1158,95.6502,9,11,8.18182,0,0,11.4545,0.27451,Roddery Munoz,25311,682610
KCR,Carlos Estévez,R,Closer,,,,,,,96.0749,,67,66,2.45455,42,0,7.36364,0.200743,Carlos Estevez,14542,608032
KCR,Lucas Erceg,R,Setup Man,,,,,,,97.7793,97.6745,61,61.1,2.6413,2,22,7.04348,0.192771,Lucas Erceg,19360,668674
KCR,Matt Strahm,L,Setup Man,,,,,,,92.192,92.258,66,62.1,2.74332,6,22,10.107,0.273438,Matt Strahm,13799,621381
KCR,John Schreiber,R,Middle Reliever,,,,,,,93.9745,93.4512,74,64,3.79688,1,23,8.71875,0.233962,John Schreiber,20020,670167
KCR,Nick Mears,R,Middle Reliever,,,,,,,95.3651,,63,56.2,3.49412,1,16,7.30588,0.208145,Nick Mears,25376,683232
KCR,Daniel Lynch IV,L,Middle Reliever,,,,,,,94.2446,93.9005,57,67.2,3.05911,1,7,5.98522,0.155709,Daniel Lynch IV,21537,663738
KCR,Alex Lange,R,Middle Reliever,,,,,,,96.1538,96.4077,1,1,0,0,0,9,0.166667,Alex Lange,19883,656638
KCR,Bailey Falter,L,Long Reliever,,,,,,,92.2756,92.2541,26,125.1,4.45213,0,0,5.81649,0.156371,Bailey Falter,20070,663559
LAA,Robert Stephenson,R,Closer Committee,,,,,,,96.5247,,12,10,2.7,0,0,9,0.238095,Robert Stephenson,13594,596112
LAA,Drew Pomeranz,L,Closer Committee,,,,,,,92.6099,,57,49.2,2.1745,1,14,10.3289,0.280788,Drew Pomeranz,11426,519141
LAA,Kirby Yates,R,Closer Committee,,,,,,,92.7504,,50,41.1,5.22581,3,15,11.3226,0.292135,Kirby Yates,9073,489446
LAA,Jordan Romano,R,Middle Reliever,,,,,,,95.3751,,49,42.2,8.22656,8,7,9.91406,0.251337,Jordan Romano,16122,605447
LAA,Ryan Zeferjahn,R,Middle Reliever,,,,,,,97.457,96.5203,62,57,4.73684,2,17,11.5263,0.284047,Ryan Zeferjahn,25420,666171
LAA,Brent Suter,L,Middle Reliever,,,,,,,,89.0408,48,67.2,4.52217,0,0,7.04926,0.182131,Brent Suter,13942,608718
LAA,José Fermin,R,Middle Reliever,,,,,,,96.9543,96.6432,40,34.1,4.45631,0,6,10.2233,0.256579,Jose Fermin,33908,820862
LAA,Chase Silseth,R,Long Reliever,,,,,,,95.5407,95.0364,10,11,1.63636,0,1,10.6364,0.265306,Chase Silseth,30074,681217
LAA,Ben Joyce,R,Projected Injured List,,,,,,,101.552,94.9504,5,4.1,6.23077,0,2,2.07692,0.05,Ben Joyce,31461,690829
LAD,Edwin Díaz,R,Closer,,,,,,,97.3531,,62,66.1,1.62814,28,0,13.2965,0.379845,Edwin Diaz,14710,621242
LAD,Tanner Scott,L,Setup Man,,,,,,,96.5358,,61,57,4.73684,23,8,9.47368,0.252101,Tanner Scott,17586,656945
LAD,Alex Vesia,L,Setup Man,,,,,,,92.686,,68,59.2,3.01676,5,25,12.067,0.337553,Alex Vesia,25007,681911
LAD,Blake Treinen,R,Middle Reliever,,,,,,,95.181,95.8565,32,26.2,5.4,2,10,12.15,0.27907,Blake Treinen,12572,595014
LAD,Jack Dreyer,L,Middle Reliever,,,,,,,92.6366,,67,76.1,2.9476,4,10,8.72489,0.241042,Jack Dreyer,30249,676263
LAD,Will Klein,R,Middle Reliever,,,,,,,97.7794,,14,15.1,2.34783,0,1,12.3261,0.3,Will Klein,27787,694361
LAD,Justin Wrobleski,L,Middle Reliever,,,,,,,96.0138,94.9576,24,66.2,4.32,2,6,10.26,0.271429,Justin Wrobleski,31204,680736
LAD,Edgardo Henriquez,R,Middle Reliever,,,,,,,100.777,100.675,22,19,2.36842,1,5,8.52632,0.230769,Edgardo Henriquez,26944,683618
LAD,Ben Casparius,R,Long Reliever,,,,,,,96.1641,94.948,46,77.2,4.63519,2,13,8.22747,0.213213,Ben Casparius,30085,676508
LAD,Brusdar Graterol,R,Projected Injured List,,,,,,,,,,,,,,,,Brusdar Graterol,20367,660813
LAD,Brock Stewart,R,Projected Injured List,,,,,,,96.2135,96.1623,43,37.2,2.62832,0,16,10.5133,0.27673,Brock Stewart,16727,592779
LAD,Evan Phillips,R,60-Day IL,,,,,,,95.712,95.6127,7,5.2,0,1,2,9.52941,0.272727,Evan Phillips,17734,623465
MIA,Pete Fairbanks,R,Closer,,,,,,,97.2747,,61,60.1,2.83425,27,0,8.80111,0.241803,Pete Fairbanks,17998,664126
MIA,Calvin Faucher,R,Setup Man,,,,,,,95.9904,95.7852,65,60.1,3.28177,15,7,8.80111,0.231373,Calvin Faucher,20116,676534
MIA,Tyler Phillips,R,Setup Man,,,,,,,96.0483,95.4328,54,77.2,2.78112,4,8,6.02575,0.166134,Tyler Phillips,20629,663969
MIA,Anthony Bender,R,Middle Reliever,,,,,,,95.9518,96.6072,51,50,2.16,4,19,7.56,0.205882,Anthony Bender,19742,669622
MIA,Cade Gibson,L,Middle Reliever,,,,,,,91.9117,91.5338,44,54.2,2.63415,0,4,7.07927,0.186957,Cade Gibson,31815,806188
MIA,Andrew Nardi,L,Middle Reliever,,,,,,,,,,,,,,,,Andrew Nardi,25942,677053
MIA,John King,L,Middle Reliever,,,,,,,93.4084,93.0341,51,48.1,4.65517,0,3,5.21379,0.126126,John King,22051,667463
MIA,Janson Junk,R,Long Reliever,,,,,,,93.5638,,21,110,4.17273,1,0,6.3,0.17226,Janson Junk,23301,676083
MIA,Ronny Henriquez,R,60-Day IL,,,,,,,96.6802,95.0901,69,73,2.21918,7,26,12.0822,0.323432,Ronny Henriquez,24094,678692
MIL,Abner Uribe,R,Co-Closer,,,,,,,99.5521,98.7034,75,75.1,1.67257,7,37,10.7522,0.302013,Abner Uribe,25327,682842
MIL,Trevor Megill,R,Co-Closer,,,,,,,99.0751,,50,47,2.48936,30,0,11.4894,0.3125,Trevor Megill,17722,656730
MIL,Jared Koenig,L,Setup Man,,,,,,,95.7697,95.7892,72,66,2.86364,2,27,9.27273,0.253731,Jared Koenig,27517,657649
MIL,Aaron Ashby,L,Setup Man,,,,,,,96.839,97.214,43,66.2,2.16,3,5,10.26,0.281481,Aaron Ashby,23550,676879
MIL,Angel Zerpa,L,Middle Reliever,,,,,,,96.425,96.752,69,64.2,4.17526,0,14,8.07217,0.210909,Angel Zerpa,22717,672582
MIL,Grant Anderson,R,Middle Reliever,,,,,,,93.3641,93.147,66,69.2,3.22967,0,6,9.55981,0.247492,Grant Anderson,20546,681982
MIL,Rob Zastryzny,L,Middle Reliever,,,,,,,91.8092,,26,22,2.45455,0,2,8.18182,0.215054,Rob Zastryzny,15094,642239
MIL,DL Hall,L,Long Reliever,,,,,,,93.9332,94.5739,20,38.2,3.49138,0,1,6.28448,0.174194,DL Hall,22207,669084
MIN,Taylor Rogers,L,Closer,,,,,,,,92.6955,57,50.2,3.375,0,10,9.41447,0.239819,Taylor Rogers,13449,573124
MIN,Justin Topa,R,Setup Man,,,,,,,,94.1867,54,60,3.9,4,4,7.35,0.182836,Justin Topa,15145,623437
MIN,Kody Funderburk,L,Setup Man,,,,,,,,93.2984,39,41,3.5122,1,7,8.78049,0.218579,Kody Funderburk,24993,681892
MIN,Cole Sands,R,Middle Reliever,,,,,,,95.0524,93.9853,69,72,4.5,3,13,8,0.214047,Cole Sands,21461,663485
MIN,Anthony Banda,L,Middle Reliever,,,,,,,95.985,95.768,71,65,3.18462,0,11,8.44615,0.227612,Anthony Banda,14706,607455
MIN,Andrew Chafin,L,Middle Reliever,,,,,,,89.6191,89.7775,42,33.2,2.40594,0,4,9.62376,0.251748,Andrew Chafin,12988,605177
MIN,Eric Orze,R,Middle Reliever,,,,,,,93.8444,,33,41.2,3.024,3,1,8.64,0.224719,Eric Orze,27626,679358
MIN,Travis Adams,R,Long Reliever,,,,,,,94.5783,93.9599,18,33.2,7.48515,0,2,8.28713,0.196203,Travis Adams,30180,701519
NYM,Devin Williams,R,Closer,,,,,,,94.062,,67,62,4.79032,18,15,13.0645,0.34749,Devin Williams,15816,642207
NYM,Luke Weaver,R,Setup Man,,,,,,,95.077,,64,64.2,3.61856,8,21,10.0206,0.274809,Luke Weaver,16918,596133
NYM,Brooks Raley,L,Setup Man,,,,,,,,90.5777,30,25.2,2.45455,0,10,8.76623,0.252525,Brooks Raley,10061,548384
NYM,Luis García,R,Middle Reliever,,,,,,,96.8297,97.0454,58,55.1,3.41566,2,12,7.80723,0.206009,Luis Garcia,6984,472610
NYM,Huascar Brazobán,R,Middle Reliever,,,,,,,96.6318,96.4725,52,63,3.57143,2,12,8.14286,0.217557,Huascar Brazoban,6107,623211
NYM,Bryan Hudson,L,Middle Reliever,,,,,,,90.6361,89.0959,16,15,4.8,0,2,11.4,0.253333,Bryan Hudson,19924,663542
NYM,Tobias Myers,R,Long Reliever,,,,,,,93.5091,,22,50.2,3.55263,0,1,6.75,0.172727,Tobias Myers,22191,668964
NYM,A.J. Minter,L,Projected Injured List,,,,,,,94.7966,,13,11,1.63636,0,7,11.4545,0.318182,A.J. Minter,18655,621345
NYM,Dedniel Núñez,R,Projected Injured List,,,,,,,96.2253,,10,9.2,4.65517,0,3,10.2414,0.268293,Dedniel Nunez,23055,673380
NYM,Reed Garrett,R,60-Day IL,,,,,,,98.0863,97.0766,58,55.1,3.90361,3,20,10.4096,0.268908,Reed Garrett,16866,657585
NYY,David Bednar,R,Closer,,,,,,,97.0716,,64,62.2,2.29787,27,4,12.3511,0.342629,David Bednar,19569,670280
NYY,Camilo Doval,R,Setup Man,,,,,,,98.1877,96.5023,69,65.1,3.58163,16,10,9.91837,0.258993,Camilo Doval,21992,666808
NYY,Fernando Cruz,R,Setup Man,,,,,,,93.8987,93.0412,49,48,3.5625,2,16,13.5,0.36,Fernando Cruz,7048,518585
NYY,Tim Hill,L,Middle Reliever,,,,,,,89.9029,88.2766,70,67,3.08955,0,15,4.97015,0.137546,Tim Hill,16814,657612
NYY,Jake Bird,R,Middle Reliever,,,,,,,,94.5593,48,55.1,5.53012,0,10,10.7349,0.266129,Jake Bird,21267,656234
NYY,Paul Blackburn,R,Middle Reliever,,,,,,,92.5471,92.5283,15,39,6.23077,1,0,7.84615,0.194286,Paul Blackburn,14739,621112
NYY,Ryan Yarbrough,L,Middle Reliever,,,,,,,88.2018,86.8502,19,64,4.35938,1,0,7.73438,0.208333,Ryan Yarbrough,16502,642232
NYY,Cade Winquest,R,Long Reliever,,,,,,,,,,,,,,,,Cade Winquest,sa3020805,685464
PHI,Jhoan Duran,R,Closer,,,,,,,100.555,97.6975,72,70,2.05714,32,1,10.2857,0.278746,Jhoan Duran,21029,661395
PHI,José Alvarado,L,Setup Man,,,,,,,99.6219,98.9887,28,26,3.80769,7,5,11.0769,0.280702,Jose Alvarado,17780,621237
PHI,Brad Keller,R,Setup Man,,,,,,,,96.3737,68,69.2,2.06699,3,25,9.689,0.271739,Brad Keller,15734,641745
PHI,Orion Kerkering,R,Middle Reliever,,,,,,,97.3828,96.2226,69,60,3.3,4,19,9.75,0.244361,Orion Kerkering,31776,689147
PHI,Tanner Banks,L,Middle Reliever,,,,,,,92.539,92.0565,69,67.1,3.07426,1,10,8.15347,0.228464,Tanner Banks,16990,621383
PHI,Jonathan Bowlan,R,Middle Reliever,,,,,,,95.7269,96.3127,34,44.1,3.85714,0,2,9.33835,0.255556,Jonathan Bowlan,24607,680742
PHI,Zach Pop,R,Middle Reliever,,,,,,,96.0587,96.2157,5,6.2,14.85,0,0,4.05,0.0769231,Zach Pop,20185,647315
PHI,Zach McCambley,R,Long Reliever,,,,,,,,,,,,,,,,Zach McCambley,sa3014478,685112
PIT,Dennis Santana,R,Closer,,,,,,,94.6642,94.6126,70,70.1,2.17536,16,12,7.67772,0.222222,Dennis Santana,17878,642701
PIT,Gregory Soto,L,Setup Man,,,,,,,97.3074,96.8443,70,60.1,4.1768,1,22,10.442,0.250896,Gregory Soto,19677,642397
PIT,Isaac Mattson,R,Setup Man,,,,,,,93.7265,,44,47.2,2.45455,0,12,8.4965,0.227273,Isaac Mattson,20385,676755
PIT,Justin Lawrence,R,Middle Reliever,,,,,,,94.9055,94.9916,17,17.2,0.509434,0,6,11.717,0.333333,Justin Lawrence,17639,664875
PIT,Mason Montgomery,L,Middle Reliever,,,,,,,98.6362,,57,46,5.67391,1,10,12.3261,0.301435,Mason Montgomery,29770,682254
PIT,Carmen Mlodzinski,R,Middle Reliever,,,,,,,96.0758,95.7806,34,99,3.54545,0,3,8.09091,0.21241,Carmen Mlodzinski,27572,669387
PIT,Evan Sisk,L,Middle Reliever,,,,,,,90.6544,90.0447,19,17.2,3.56604,0,2,12.7358,0.3125,Evan Sisk,24995,681895
PIT,Yohan Ramírez,R,Long Reliever,,,,,,,96.2406,96.5195,24,33.1,5.4,0,1,12.15,0.290323,Yohan Ramirez,19444,670990
SDP,Mason Miller,R,Closer,,,,,,,101.226,,60,61.2,2.62703,22,10,15.1784,0.444444,Mason Miller,31757,695243
SDP,Adrian Morejon,L,Setup Man,,,,,,,96.6176,97.7465,75,73.2,2.07692,3,20,8.55204,0.244755,Adrian Morejon,20039,670970
SDP,Jason Adam,R,Setup Man,,,,,,,94.6794,,65,65.1,1.92857,0,29,9.64286,0.259259,Jason Adam,11861,592094
SDP,Jeremiah Estrada,R,Middle Reliever,,,,,,,97.9135,,77,73,3.45205,3,30,13.3151,0.355263,Jeremiah Estrada,22210,669093
SDP,David Morgan,R,Middle Reliever,,,,,,,97.8213,96.8487,41,47.1,2.66197,0,1,9.50704,0.259067,David Morgan,31616,688158
SDP,Wandy Peralta,L,Middle Reliever,,,,,,,95.3923,95.3867,71,71.2,3.13953,0,4,7.91163,0.201278,Wandy Peralta,14295,593974
SDP,Yuki Matsui,L,Middle Reliever,,,,,,,92.1052,91.4844,61,63.1,3.97895,1,3,8.66842,0.224265,Yuki Matsui,33826,673513
SDP,Ron Marinaccio,R,Long Reliever,,,,,,,94.1011,,7,10.2,0.84375,0,0,10.125,0.285714,Ron Marinaccio,23488,676760
SDP,Jhony Brito,R,60-Day IL,,,,,,,,,,,,,,,,Jhony Brito,25386,666745
SEA,Andrés Muñoz,R,Closer,,,,,,,98.5158,97.8374,64,62.1,1.73262,38,0,11.984,0.326772,Andres Munoz,20373,662253
SEA,Matt Brash,R,Setup Man,,,,,,,95.7552,96.4158,53,47.1,2.47183,4,21,11.0282,0.291457,Matt Brash,25756,666374
SEA,Jose A. Ferrer,L,Setup Man,,,,,,,96.9156,97.7808,72,76.1,4.48035,11,21,8.37118,0.219136,Jose A. Ferrer,24017,678606
SEA,Eduard Bazardo,R,Middle Reliever,,,,,,,95.1291,95.4836,73,78.2,2.51695,0,12,9.38136,0.261981,Eduard Bazardo,20997,660825
SEA,Gabe Speier,L,Middle Reliever,,,,,,,95.0952,94.435,76,62,2.6129,0,24,11.9032,0.337449,Gabe Speier,17170,642100
SEA,Carlos Vargas,R,Middle Reliever,,,,,,,96.5128,97.6321,70,77,3.97403,1,14,6.31169,0.163142,Carlos Vargas,22915,672841
SEA,Casey Legumina,R,Middle Reliever,,,,,,,94.3764,93.9424,48,49.2,5.61745,0,3,9.96644,0.251142,Casey Legumina,25921,668984
SEA,Cooper Criswell,R,Long Reliever,,,,,,,,89.5752,7,17.2,3.56604,1,0,4.58491,0.1125,Cooper Criswell,24975,681867
SFG,Ryan Walker,R,Closer,,,,,,,,95.9881,68,61.1,4.1087,17,9,8.80435,0.225564,Ryan Walker,20423,676254
SFG,Joel Peguero,R,Setup Man,,,,,,,99.9291,99.7194,17,22.1,2.41791,0,4,6.85075,0.197674,Joel Peguero,21951,666711
SFG,Erik Miller,L,Setup Man,,,,,,,97.254,97.2345,36,30,1.5,0,10,6.6,0.171875,Erik Miller,26252,669062
SFG,José Buttó,R,Middle Reliever,,,,,,,95.3366,94.7972,55,67,3.89552,1,6,7.79104,0.204225,Jose Butto,23313,676130
SFG,Gregory Santos,R,Middle Reliever,,,,,,,,97.6242,8,7,5.14286,0,1,0,0,Gregory Santos,21894,666619
SFG,Matt Gage,L,Middle Reliever,,,,,,,92.4152,92.8693,33,31,3.19355,0,2,7.83871,0.19708,Matt Gage,17381,657424
SFG,Spencer Bivens,R,Middle Reliever,,,,,,,95.1444,94.8239,54,81,4,3,4,6.77778,0.177843,Spencer Bivens,30226,702352
SFG,JT Brubaker,R,Long Reliever,,,,,,,,93.2763,17,28.2,3.76744,0,0,6.90698,0.188034,JT Brubaker,17578,664141
SFG,Sam Hentges,L,Projected Injured List,,,,,,,,,,,,,,,,Sam Hentges,18548,656529
SFG,Jason Foley,R,60-Day IL,,,,,,,,,,,,,,,,Jason Foley,19531,671345
SFG,Randy Rodríguez,R,60-Day IL,,,,,,,97.4557,,50,50.2,1.77632,4,13,11.9013,0.338384,Randy Rodriguez,23974,678495
STL,Riley O'Brien,R,Co-Closer,,,,,,,,97.92,42,48,2.0625,6,6,8.4375,0.226131,Riley O'Brien,20348,676617
STL,JoJo Romero,L,Co-Closer,,,,,,,94.2994,93.6912,65,61,2.06557,8,24,8.11475,0.215686,JoJo Romero,19574,668941
STL,Matt Svanson,R,Setup Man,,,,,,,96.5569,96.7815,39,60.1,1.93923,0,5,10.1436,0.290598,Matt Svanson,29629,694335
STL,Ryne Stanek,R,Middle Reliever,,,,,,,98.6123,,65,56,5.30357,3,11,9.32143,0.227451,Ryne Stanek,15947,592773
STL,Justin Bruihl,L,Middle Reliever,,,,,,,,90.1964,15,13.2,5.26829,0,4,11.8537,0.276923,Justin Bruihl,23779,677865
STL,Matt Pushard,R,Middle Reliever,,,,,,,,,,,,,,,,Matt Pushard,sa3019955,690155
STL,George Soriano,R,Middle Reliever,,,,,,,96.0431,95.6249,24,36.2,8.34546,1,0,8.83636,0.208092,George Soriano,21863,666277
STL,Gordon Graceffo,R,Long Reliever,,,,,,,95.7348,94.6059,26,43,6.27907,1,0,8.37209,0.207254,Gordon Graceffo,29519,700669
TBR,Edwin Uceta,R,Closer Committee,,,,,,,93.8851,93.892,70,76,3.78947,1,21,12.1974,0.320872,Edwin Uceta,20539,670955
TBR,Griffin Jax,R,Closer Committee,,,,,,,97.0192,96.427,73,66,4.22727,0,28,13.5,0.349823,Griffin Jax,20253,643377
TBR,Garrett Cleavinger,L,Closer Committee,,,,,,,97.0596,96.2556,67,61.1,2.34783,2,21,12.0326,0.337449,Garrett Cleavinger,17897,664076
TBR,Bryan Baker,R,Middle Reliever,,,,,,,96.6968,,73,68.2,4.06311,3,19,10.8786,0.30292,Bryan Baker,19804,641329
TBR,Mason Englert,R,Middle Reliever,,,,,,,93.8517,92.7772,29,44.2,3.82836,0,1,8.86567,0.237838,Mason Englert,22288,669438
TBR,Steven Wilson,R,Middle Reliever,,,,,,,93.9758,,59,55.1,3.41566,2,9,8.29518,0.211618,Steven Wilson,20353,621051
TBR,Cole Sulser,R,Middle Reliever,,,,,,,92.8865,,18,22.2,1.98529,0,0,8.73529,0.244444,Cole Sulser,15256,642121
TBR,Yoendrys Gómez,R,Long Reliever,,,,,,,93.6744,93.2989,21,62.2,5.17021,1,0,8.32979,0.209386,Yoendrys Gomez,22872,672782
TBR,Manuel Rodríguez,R,60-Day IL,,,,,,,96.9288,97.2616,31,30.1,2.07692,0,11,7.41758,0.206612,Manuel Rodriguez,20794,655889
TEX,Robert Garcia,L,Closer,,,,,,,94.544,,71,64,2.95312,9,15,9.5625,0.252788,Robert Garcia,23363,676395
TEX,Chris Martin,R,Setup Man,,,,,,,94.8937,94.3937,49,42.1,2.97638,2,13,9.14173,0.247126,Chris Martin,11847,455119
TEX,Cole Winn,R,Setup Man,,,,,,,96.2986,95.458,33,41.2,1.512,0,4,7.56,0.216049,Cole Winn,22113,668390
TEX,Jakob Junis,R,Middle Reliever,,,,,,,91.2678,91.1025,57,66.2,2.97,0,6,7.425,0.20073,Jakob Junis,13619,596001
TEX,Alexis Díaz,R,Middle Reliever,,,,,,,93.5828,,18,17.2,8.15094,0,4,8.66038,0.2,Alexis Diaz,21132,664747
TEX,Tyler Alexander,L,Middle Reliever,,,,,,,90.8797,90.589,52,97.2,4.97611,1,3,7.55631,0.193853,Tyler Alexander,17735,641302
TEX,Josh Sborz,R,Middle Reliever,,,,,,,,,,,,,,,,Josh Sborz,18323,622250
TEX,Carter Baumler,R,Long Reliever,,,,,,,,,,,,,,,,Carter Baumler,sa3014480,691945
TOR,Jeff Hoffman,R,Closer,,,,,,,96.3551,96.4717,71,68,4.36765,33,0,11.1176,0.292683,Jeff Hoffman,17432,656546
TOR,Tyler Rogers,R,Setup Man,,,,,,,,83.4979,81,77.1,1.97845,0,32,5.58621,0.160535,Tyler Rogers,15541,643511
TOR,Louis Varland,R,Setup Man,,,,,,,98.1287,96.9795,74,72.2,2.97248,0,22,9.28899,0.253378,Louis Varland,27691,686973
TOR,Brendon Little,L,Middle Reliever,,,,,,,95.3626,93.4131,79,68.1,3.02927,1,30,11.9854,0.308475,Brendon Little,21574,663893
TOR,Braydon Fisher,R,Middle Reliever,,,,,,,95.5486,,52,50,2.7,0,5,11.16,0.306931,Braydon Fisher,24609,680755
TOR,Tommy Nance,R,Middle Reliever,,,,,,,,94.5186,30,31.2,1.98947,0,5,9.09474,0.253968,Tommy Nance,19178,667297
TOR,Mason Fluharty,L,Middle Reliever,,,,,,,,91.7017,55,52.2,4.44304,1,5,9.56962,0.260465,Mason Fluharty,31553,689254
TOR,Eric Lauer,L,Long Reliever,,,,,,,91.6413,,28,104.2,3.18153,0,1,8.7707,0.239437,Eric Lauer,19316,641778
TOR,Yimi García,R,Projected Injured List,,,,,,,96.1437,95.3073,22,21,3.85714,3,6,10.7143,0.277778,Yimi Garcia,12095,554340
WSN,Clayton Beeter,R,Co-Closer,,,,,,,96.3988,,26,25.1,4.26316,1,9,11.7237,0.317308,Clayton Beeter,27494,690925
WSN,Cole Henry,R,Co-Closer,,,,,,,94.4845,94.6225,57,52.2,4.27215,2,9,8.88608,0.215768,Cole Henry,27570,669371
WSN,PJ Poulin,L,Setup Man,,,,,,,90.741,89.6673,28,24.2,3.64865,1,5,9.85135,0.245455,PJ Poulin,23394,676571
WSN,Julian Fernández,R,Middle Reliever,,,,,,,97.0369,,4,5,5.4,0,1,9,0.25,Julian Fernandez,18341,642759
WSN,Jackson Rutledge,R,Middle Reliever,,,,,,,95.7333,95.2405,63,73.1,5.76818,0,3,7.97727,0.19697,Jackson Rutledge,26215,671131
WSN,Richard Lovelady,L,Middle Reliever,,,,,,,91.4822,91.0917,10,11.2,8.48571,0,2,9.25714,0.210526,Richard Lovelady,19337,663992
WSN,Gus Varland,R,Middle Reliever,,,,,,,,,,,,,,,,Gus Varland,24737,681402
WSN,Griff McGarry,R,Long Reliever,,,,,,,,,,,,,,,,Griff McGarry,sa3017130,676046