Season,mlbam_id,EV,LA,BarrelPct,HardHitPct,Events
2015,514888,86.1,11.2,3.1,28.6,580
2015,444876,84.6,9.6,0.9,16.5,553
2015,466320,89.6,9.7,2.4,36.2,553
2015,435079,86.1,17.7,2.7,26.6,549
2015,519184,83.1,5.1,0,14.6,536
2015,430947,85.7,6.6,0.9,19.4,536
2015,462101,87.3,10.1,1.5,27.1,535
2015,543829,84.5,2.1,1.1,17,535
2015,405395,90.7,14.2,7.7,38.3,533
2015,425902,90.9,9.9,6.4,44.5,530
2015,455976,88.3,6.8,0.8,33.6,530
2015,572122,89.3,16.8,7,34.6,529
2015,572041,88.9,8.9,5.7,39.1,529
2015,592518,91.4,12.8,7.6,41.7,528
2015,408252,86.2,10.7,2.3,26,524
2015,605141,90.4,15.4,5.5,37.5,524
2015,493351,84.7,8.6,1,22.2,522
2015,429664,91,5.5,7.3,45.7,521
2015,593428,88,6.8,2.5,33.8,518
2015,571448,90.6,16.3,8.3,40.2,517
2015,457763,89,10.8,6.1,37.5,512
2015,453568,86.8,15,3.7,29,511
2015,607680,85.8,14,1.8,26.5,510
2015,134181,89.5,12.6,5.5,40.4,510
2015,518626,92.5,10.5,12.2,46.5,499
2015,493316,92.2,12.2,11.1,44.8,497
2015,543333,89.8,6,7.1,40.8,495
2015,592743,86.4,3.5,1,29,490
2015,453943,89.6,18.8,9,38.8,490
2015,519203,88.7,17.3,8,38.3,488
2015,572821,87.2,19.1,5.9,31.1,488
2015,594809,88.1,7.5,3.1,30.9,486
2015,408045,89.5,4.4,3.7,39.9,486
2015,488726,89,9.5,3.9,36.2,483
2015,519058,89.4,15.2,6.4,36.5,482
2015,622110,88,7.5,4,32,481
2015,446334,89.6,15.4,8.5,39.7,481
2015,500208,88.1,11.5,2.1,31.4,475
2015,570256,89.9,10.4,4.4,39.8,475
2015,547989,91,9.9,9.3,41.8,474
2015,425509,88.2,13.4,4.4,34,474
2015,542255,85.5,6.8,1.3,19.9,473
2015,516416,86.9,4.3,1.3,27.1,472
2015,594777,86.2,11.6,6.8,32.2,472
2015,434778,91.9,10.1,8.9,47.4,470
2015,488862,89.7,4.3,3,36.3,468
2015,543401,89.4,9.2,2.8,38.5,468
2015,502517,89.9,11.9,4.7,37.9,467
2015,543939,87.5,11.3,3,33.8,467
2015,520471,86.1,13.2,2.1,22.1,467
2015,408236,88.8,14.2,8.4,36.8,467
2015,516782,87.8,5.5,6.7,35.1,464
2015,502210,88.4,14.8,5,32.8,464
2015,467827,88.2,9.3,3.2,30,464
2015,518934,90.5,2.9,1.9,40,462
2015,516770,86.3,7.1,4.3,28,461
2015,518792,89.1,4.6,2.8,34.6,460
2015,461314,89.5,12,8.3,40.5,457
2015,456715,90.2,9.5,5.5,38.1,457
2015,521692,87.3,13,5.3,32.6,454
2015,461858,89.8,13.6,7.9,39.4,454
2015,594828,88.9,10.5,7.1,39.2,452
2015,544369,85.4,10.4,1.6,24.5,449
2015,452104,86.8,11.9,5.1,32.5,449
2015,451594,87.2,12.2,4.5,30.2,447
2015,458731,88.8,11.1,4,34.9,447
2015,430945,88.2,11.3,8.9,34.5,447
2015,430832,92,16.9,12.6,45.6,445
2015,457803,89.7,15.6,8.1,37.6,444
2015,542993,83.2,8.1,0.5,14.7,442
2015,457705,90.6,13.9,9.3,44.6,442
2015,120074,93,15.7,13.1,49.1,442
2015,435522,88.9,14,4.8,37.6,441
2015,445988,89,9.1,2.3,33.6,441
2015,456714,89.4,8.5,7.5,40.6,441
2015,429665,90,16.8,10,43.9,440
2015,425877,86.4,10.4,2.3,25.3,439
2015,523253,88.4,15.4,3.7,32.2,435
2015,276519,85.7,16.2,2.5,23.1,433
2015,467793,89.2,12.4,7.2,39.7,433
2015,434158,89.4,18.4,8.3,40,433
2015,408314,84.6,13.4,0.2,18.6,431
2015,471865,90.3,9.1,10.5,38.6,428
2015,443558,92.6,9.2,14.1,47.8,427
2015,572761,88.9,16.9,9.1,35.8,427
2015,543760,87.1,13.6,4.5,28.9,426
2015,543434,90,7.4,4.7,39.1,425
2015,434636,86.3,11.6,0.7,22.6,425
2015,527038,86.4,14.6,1.9,25.7,424
2015,502671,92,12.9,12.5,46.3,423
2015,545361,92.9,14,16.4,48.6,422
2015,502110,91.3,16.2,17.3,48.5,421
2015,116338,88.5,10.8,5,34.9,421
2015,607054,87.1,9.8,3.3,26.3,418
2015,450314,88.6,8.2,3.6,34.9,416
2015,541645,88.5,6.8,4.8,37.5,416
2015,425783,90.9,7.7,8.4,44.1,415
2015,595281,87.6,9,2.4,30.9,414
2015,458015,90.2,11.5,10.9,42.2,412
2015,133380,87.4,15.8,5.6,34.5,412
2015,543213,85.8,10,1,19.6,409
2015,457727,88.2,2.1,2.7,35.9,407
2015,435622,90.8,6.4,6.9,41.1,406
2015,452678,88.3,17.3,5.4,32.3,405
2015,452252,89.5,10.8,7.2,36,405
2015,592206,88.3,16.9,7.7,34.5,403
2015,467055,88,10,4.8,33.5,400
2015,136860,90.6,15.6,5.8,41.9,399
2015,588751,87.6,7.6,1,31.3,396
2015,400121,87.7,15,4.1,33.2,395
2015,547180,91.4,14.7,12.9,47.5,394
2015,460075,92.3,7.7,10.7,45.4,394
2015,543063,90.3,8.6,8.7,42.9,392
2015,457708,89.9,16.2,10.3,39.2,388
2015,519083,87.1,14,2.3,35.1,385
2015,121347,91.3,12.2,10.9,43.9,385
2015,435062,90.3,1.2,3.9,41.4,384
2015,435559,87.7,13.7,1,29.9,384
2015,467092,90.5,4.5,6.3,44.5,382
2015,572008,86.9,14.6,2.6,24.9,381
2015,489149,89.9,11.7,6.9,37.7,379
2015,578428,83.7,4.5,0,18.7,379
2015,408299,84.2,14.2,0.8,20.4,377
2015,444432,92,13.3,9.8,43,377
2015,592663,88.4,8.9,4.3,34.3,376
2015,453064,90,12.7,5.3,40.4,376
2015,592885,91.7,0,4.8,45.1,375
2015,435263,89.5,17.5,5.3,36.5,375
2015,150229,85.4,10.5,3.5,25.7,373
2015,546318,88.7,7.5,3.2,33.9,372
2015,453056,86.5,11.6,3,28.4,370
2015,448801,92,17.5,17.3,45.9,370
2015,457706,89.6,7.3,3.8,39.8,369
2015,407781,86.3,12.1,8.5,31.1,366
2015,592178,89.7,19.6,11.5,43.8,365
2015,519048,91.4,11.5,10.4,45.9,364
2015,571788,86.6,7.8,0.6,24.2,363
2015,444482,91.6,6.7,8,43.4,362
2015,465041,88.2,6.9,4.1,35.6,362
2015,501571,90.7,8.2,1.7,40.2,358
2015,400085,83.2,3.3,0.6,13.8,356
2015,519390,86.9,16.4,5.6,30.1,356
2015,596059,88.3,12.3,5.4,32.8,354
2015,543281,86.4,12,1.4,24.4,352
2015,542303,91.8,7.2,6,45,351
2015,571740,83.7,11,0.6,8.9,350
2015,474832,89.8,16.1,10,41.8,349
2015,408234,93.8,12.2,10.6,53.3,349
2015,458085,88.5,11,5.5,33.3,348
2015,592192,89.3,12.8,7.8,36.2,348
2015,605113,86,12.4,1.7,22.4,348
2015,605412,86.8,11.5,2.3,29.4,347
2015,543543,90,8.4,4.3,40.1,347
2015,543238,88.2,6.1,2.3,30.7,342
2015,592696,87.7,14.5,6.2,30.8,341
2015,596019,89.9,6.3,3.5,36.7,341
2015,431145,89.2,9.7,8.2,40,340
2015,460576,88.2,13.6,5,33.1,338
2015,446263,91.7,19.8,11.6,42.3,336
2015,592261,85.8,10.2,1.2,22.4,335
2015,434670,90.1,6.6,7.5,41.6,334
2015,456030,88.1,9,3,25.4,334
2015,429667,91.3,14.9,11.7,45.2,332
2015,493114,85.4,1.8,0.9,19.6,331
2015,472528,89.5,17.4,8.8,39.3,331
2015,425766,85.5,12.1,1.2,21.5,330
2015,500871,86.5,14,6.1,23.9,330
2015,456422,85.8,9.2,1.8,18.5,329
2015,608365,86.7,15.1,5.2,29.2,329
2015,429666,87.2,9.6,1.5,30.7,329
2015,474568,87.2,8.3,2.1,29.3,328
2015,519299,85.5,11.6,0.3,18.7,326
2015,461235,89.1,19.8,11.7,39.5,324
2015,425567,88.3,15.2,2.5,31.8,324
2015,514917,85.9,6,1.2,26.9,324
2015,444843,86.3,11,5.9,32.5,323
2015,628356,90.5,7.1,9.6,46.4,323
2015,501896,89,6.4,7.2,38.4,320
2015,518692,90.6,14.4,11.3,44.7,320
2015,576397,88.8,14.1,6.3,35.4,319
2015,457759,89.5,14,7.2,37.9,319
2015,452220,86.4,16.9,3.1,25.7,319
2015,461815,88.3,7.7,3.1,35.2,318
2015,572191,88.7,9.8,6.3,35.6,317
2015,400284,88.6,13.3,2.8,34.4,317
2015,543510,88.3,8.6,3.5,37.3,316
2015,570560,85.4,6.6,1.3,20.6,315
2015,605125,87.2,14.8,5.7,33,315
2015,592626,91.2,13.7,11.8,45.2,314
2015,518960,88.8,9.7,4.1,33.8,314
2015,621043,90,8.3,8.9,40.6,313
2015,407893,89.6,15.7,9.3,41.3,312
2015,476883,91.9,7.1,12.3,47.1,310
2015,571506,90.8,8.7,8.7,43,309
2015,475174,87.8,7.4,3.2,33.7,309
2015,571697,85.2,11.3,1,22.5,307
2015,572365,87.3,4.6,2.6,32.1,305
2015,430910,85.6,8,0.3,17.2,302
2015,452234,89.9,11.7,7.9,42.4,302
2015,543068,88.3,11.9,8.7,35.8,299
2015,425560,89.6,13.2,8.1,35.9,298
2015,630111,89.3,5.1,4,38,297
2015,514913,85,12.5,2.4,23.8,294
2015,150212,87.5,7.8,4.5,30.8,292
2015,460026,89.1,11.2,3.8,35.1,291
2015,435063,88.5,15.6,8.3,38.3,290
2015,543305,88.8,11.9,3.1,33.3,288
2015,543807,89.9,9.1,9.5,41.5,284
2015,553993,88.6,14.8,5.3,33.5,284
2015,608070,86.7,11.9,1.8,24,283
2015,458675,89.5,21.1,9.6,35.5,282
2015,346874,88.8,10.7,5.7,35.6,281
2015,475582,91.8,8,9.7,48.4,277
2015,506560,85.6,11.2,1.1,16.2,277
2015,503556,88.8,11.2,3.6,34.3,277
2015,446386,87,13.5,3.3,29.1,275
2015,501981,89.8,12.5,14.7,42.9,273
2015,453923,87.2,10.1,2.2,31.7,271
2015,502082,85.7,16.5,3.3,30.5,269
2015,434658,86.7,12.4,3,28.3,269
2015,502143,91.9,6,10.1,46.6,268
2015,431094,88.3,12.3,2.2,29.6,267
2015,518735,90.7,11.5,9,42.3,267
2015,460086,88.4,15.7,5.2,34.1,267
2015,457787,86.3,12.7,6.4,28.5,267
2015,543228,87.5,17.7,6.4,32.8,265
2015,448602,87.7,13.2,8.4,33.1,263
2015,449107,86.8,10.7,0.8,30.6,258
2015,519208,89.9,11.8,5,35.7,258
2015,461416,87,3.9,2.3,33.5,257
2015,571875,89.6,11.8,6.3,37.9,256
2015,456078,89.3,12.5,10.6,36.5,255
2015,517370,90.1,8.2,5.5,42.9,254
2015,596748,88.8,9.8,5.9,37.2,253
2015,150029,90,15.3,7.9,40.7,253
2015,425796,88,14.2,4.8,33.3,252
2015,543376,87.7,16.3,5.6,31.7,252
2015,455759,85.6,19.4,4.8,26,250
2015,624585,91.7,11.1,10.1,43.1,248
2015,471083,88.3,12,8.5,35.2,247
2015,434563,84.9,9.8,1.6,18,245
2015,457477,86.8,14.8,2.9,23.3,245
2015,474892,91.2,21,15.5,46.9,245
2015,543685,90.3,10.1,4.9,35.5,245
2015,545350,85.7,13.9,5.3,26.2,244
2015,499624,90,9.7,9.2,43.9,239
2015,605486,87.3,4.7,1.3,32.2,239
2015,430203,86.8,12.5,2.1,27.3,238
2015,453539,85.2,3.2,1.3,21.8,238
2015,572019,88.3,10.7,5.9,34.2,237
2015,605512,89.8,9.8,5.6,38.8,232
2015,519306,88.9,13.9,9.5,39,231
2015,452095,90.4,11.8,4.8,39.6,230
2015,430637,87,12.6,8.3,33.9,230
2015,570731,89.8,12.7,8.7,40.6,229
2015,572287,88.8,21.8,8.8,33.8,228
2015,456665,86.9,19.5,5.3,31.9,226
2015,488771,88.5,15.8,5.8,30.7,225
2015,452655,87.7,7,2.7,32.7,223
2015,547982,87.9,8.7,2.2,30,223
2015,628329,88.2,0.9,2.7,32.1,221
2015,425784,85.9,16.7,6.4,28.3,219
2015,624577,89.3,12.2,8.8,36.9,217
2015,542208,86.2,12.2,0.9,23.7,215
2015,545341,92.2,16.3,16.8,46.3,214
2015,429713,89.2,12.4,4.2,36.4,214
2015,596119,86.8,10.3,2.8,27.2,213
2015,475253,91,11.4,12.8,46.4,211
2015,570482,87.2,14.8,4.3,33.8,210
2015,541650,86.3,12.1,2.4,28.8,208
2015,573131,90,12.6,7.9,42.1,202
2015,571466,85.6,8.5,0.5,19.3,202
2015,519237,88.8,14.2,7.5,34.8,201
2015,542454,86.1,5.9,0.5,23.5,200
2015,554429,90.8,12,6.5,42.5,200
2015,519025,88.6,15.4,7.5,36.2,199
2015,430948,84.2,12.5,0.5,17.6,199
2015,446308,87,11.7,6.2,32.5,194
2015,435401,85.6,5.3,1,22.7,194
2015,543216,87.1,9.5,1.6,26.6,192
2015,433217,87.1,10.5,5.2,26.6,192
2015,518595,88.7,16.8,6.8,35.4,192
2015,455104,89.6,16.3,6.8,35.4,192
2015,449181,87.9,10.3,5.2,37.7,191
2015,488681,86.9,10.9,1.1,25.3,190
2015,475247,89.3,10.1,6.3,32.1,190
2015,573135,86.2,6.6,2.1,34.4,189
2015,476704,89,16.2,2.6,34.9,189
2015,518618,87.2,15.7,9,35.6,188
2015,519317,96.1,15.7,24.1,52.9,187
2015,467070,84.8,15.5,2.7,25.7,187
2015,431171,88.6,5.3,3.7,34.2,187
2015,501659,88.8,6.8,5.9,34.1,185
2015,407812,90.4,8.1,4.9,39.9,183
2015,459964,85.7,16.1,3.3,27.9,183
2015,606466,87.2,6.8,1.7,27.8,180
2015,445055,86.3,2.5,1.7,29.1,179
2015,572039,89.8,12,9.5,41.3,179
2015,455139,87,16.2,7.9,33.7,178
2015,608700,88.6,10.1,3.4,32.2,177
2015,501647,88.3,5.8,4.5,33.9,177
2015,581527,88.1,5.4,8,36.9,176
2015,572033,85.7,15.8,4,27.4,175
2015,452239,88.3,10.3,5.1,32,175
2015,542994,90.1,2.4,6.3,39.4,175
2015,493596,84.7,11.4,1.2,23.1,173
2015,460060,86.8,13.1,2.9,26.2,172
2015,477195,87.8,5.9,5.2,39.5,172
2015,543768,88.6,15.4,7.6,36.8,171
2015,501983,88.3,10.1,3.5,38,171
2015,453400,88.7,10.8,5.3,37.1,170
2015,502481,83.8,5.2,0.6,20,170
2015,571976,89.5,9.8,7.1,40,170
2015,446359,85.9,17,3,22.5,169
2015,572816,89.7,14.5,10.7,38.1,168
2015,430897,86.8,8.4,3,29.8,168
2015,455117,87.5,10.8,2.4,30.5,167
2015,446481,86.9,8.3,6.6,25.9,166
2015,430652,84.6,5.1,1.2,22,164
2015,648717,86.9,14.7,7.9,32.9,164
2015,475100,88.2,17.1,5.5,31.7,164
2015,456488,88.7,2.8,2.5,31.5,162
2015,593934,94.1,16.3,20.4,54.9,162
2015,571771,90.4,11,5,43.4,159
2015,452254,90.1,2.1,13.2,39,159
2015,456121,88.1,5.5,3.8,37.1,159
2015,611177,89.1,8.1,8.2,42.4,158
2015,656941,91.9,15.5,12.2,42.3,156
2015,598265,89.3,10.1,6.4,39.1,156
2015,425549,83.7,20.6,2.6,15.5,155
2015,453203,84.1,8.4,0.6,21.9,155
2015,502126,87,12.5,4.6,28.1,153
2015,434604,90.4,0.4,9.8,39.2,153
2015,425664,83.4,17,0,17.9,151
2015,451089,89.4,6.9,2.7,40,150
2015,607385,87.8,14.2,5.3,31.3,150
2015,444379,90.6,7.7,9.5,38.5,148
2015,474443,86.3,4.8,2.7,28.6,147
2015,430404,88.1,18.3,4.1,33.3,147
2015,430321,88.1,9.5,2.1,35.6,146
2015,425900,87.2,15.5,5.5,27.4,146
2015,454560,87.7,9.8,6.8,32.2,146
2015,425834,88.8,12,6.2,37.2,145
2015,518614,87.1,13.2,2.8,25.7,144
2015,408047,88.7,9.9,5.6,39.2,143
2015,489138,88.7,15.8,6.3,35,143
2015,461865,85.6,3.6,0,22.4,143
2015,474233,88.9,19.6,7.1,34.8,141
2015,488721,85.5,13,3.5,24.8,141
2015,408307,89.8,9.9,7.1,41.4,140
2015,493472,87.5,9.1,4.3,36,139
2015,605509,87.3,4.2,0,31.2,138
2015,542921,87,8.8,5.8,37.7,138
2015,624424,92.3,13.4,9.5,47.4,137
2015,452672,85.7,9.2,0.7,22.6,137
2015,571431,89.1,11.6,5.9,34.8,135
2015,455755,83.2,7.9,0,16.3,135
2015,485567,86.6,3.2,5.2,31.3,134
2015,457454,90.6,19.7,14.3,42.1,133
2015,543776,83.9,3.4,0,23.5,132
2015,519295,87.5,13.7,4.6,30.5,131
2015,430605,90.7,11.6,9.2,47.7,130
2015,500743,87.8,4.4,0,30.8,130
2015,547379,90.6,3.3,8.7,39.4,127
2015,434567,90.1,13.4,7.2,42.4,125
2015,460099,86,10.9,7.3,28.5,123
2015,542194,87.3,9.1,2.5,31.1,122
2015,518653,84,9.7,0,11.6,121
2015,573627,88.1,5.6,5,41.3,121
2015,285078,88.2,9.1,8.3,39.2,120
2015,502261,86.3,6.5,2.5,33.3,120
2015,429711,90.8,9.8,16.9,46.6,118
2015,595386,90.4,7.4,5.9,46.6,118
2015,571974,89.7,8.4,5.2,42.2,116
2015,431151,89.3,14.4,9.5,40.9,116
2015,491696,86,11.3,0.9,25.2,115
2015,605227,86.7,9.5,2.7,25.7,113
2015,488810,85.1,7.8,6.2,28.3,113
2015,502054,91.7,6.8,11.5,44.2,113
2015,488671,91.2,13.2,10.6,48.7,113
2015,465674,82.3,11.5,2.8,14.7,109
2015,468406,83.7,14.8,0.9,14,107
2015,434540,89.1,12.3,3.7,38.3,107
2015,488912,87.2,9.2,0,27.4,106
2015,595978,88.1,12.8,1,24.8,105
2015,537953,86.5,13.3,2.9,32.4,105
2015,595885,93,21.3,15.2,53.3,105
2015,518953,84.6,13.4,2,20.8,101
2015,424325,87.7,18.3,5.9,33.7,101
2015,424825,83.8,13.2,1,20.8,101
2015,502582,89.1,10.7,1,30,100
2015,501255,83.1,8.8,0,17,100
2015,446653,87.4,11.2,6.1,29.3,99
2015,571437,90.9,11.6,3,43.4,99
2015,570267,87.6,6.8,14.1,34.3,99
2015,516811,82.7,4.9,1,16.2,99
2015,435064,82.5,8.9,1,22.9,96
2015,572204,88.1,11.4,8.3,36.5,96
2015,501303,83.8,11.7,1.1,22.1,95
2015,506702,83.6,15.2,1.1,17.4,92
2015,594838,87.1,6.3,5.5,33,91
2015,518568,84.7,9.6,0,19.8,91
2015,572180,89.7,8.2,6.7,37.8,90
2015,542340,90.7,2.8,3.4,38.2,89
2015,467143,86.2,14.2,3.4,29.2,89
2015,502182,89.8,9.1,2.3,31.8,88
2015,543742,90.8,10.1,5.7,40.9,88
2015,621439,86.4,12.5,3.4,21.8,87
2015,502374,90.2,15.7,10.3,36.8,87
2015,460077,84.5,22.3,2.3,18.6,86
2015,593643,80.5,8.8,0,12.9,85
2015,489267,86.3,10.6,6,29.8,84
2015,448605,92,13.9,14.3,42.9,84
2015,460269,87,15.2,7.2,28.9,83
2015,593495,81.9,5.7,0,11,82
2015,457775,86.8,2.1,1.2,26.8,82
2015,462564,89.8,17,6.2,43.2,81
2015,544925,88.8,14,7.4,35.8,81
2015,524968,91.2,13.3,8.8,42.5,80
2015,518902,83.2,19.4,0,11.4,79
2015,608369,90.4,9.2,10.1,41.8,79
2015,543590,90.7,9.1,7.6,41.8,79
2015,460055,86,10.9,2.6,22.1,77
2015,465784,88.4,-2.3,0,26,77
2015,543484,91.3,14.3,12,42.7,75
2015,596143,83,4.1,0,8.1,74
2015,456781,89.9,1.5,0,35.6,73
2015,608672,87.2,1.2,1.4,18.1,72
2015,502117,83,9.2,2.8,15.3,72
2015,425772,85.8,12.9,1.4,29.2,72
2015,571970,88.2,18.3,4.2,26.4,72
2015,449786,85.9,16.8,1.4,23.9,71
2015,476633,88.7,26,7,39.4,71
2015,543706,85.9,8.6,0,23.9,71
2015,592647,86.7,13.7,2.8,26.8,71
2015,592200,91.1,16.3,8.7,43.5,69
2015,458913,86,3.5,2.9,27.5,69
2015,592621,87.4,10.7,8.7,34.8,69
2015,592239,83.3,13.5,0,14.5,69
2015,493343,86.1,10.9,2.9,27.9,68
2015,453895,84.6,12,1.5,20.6,68
2015,608671,87.3,4,1.5,22.1,68
2015,519068,87.1,7.2,0,29.9,67
2015,543302,86.7,10.8,3,31.3,67
2015,599096,84.9,17.1,3,25.4,67
2015,543432,90.8,17.6,6.1,43.9,66
2015,477165,88.6,11.7,13.8,41.5,65
2015,621035,88.8,14.8,1.5,32.3,65
2015,545338,85.9,16.3,7.7,24.6,65
2015,453211,89.8,18.2,7.7,33.8,65
2015,594824,84.7,7.8,3.1,23.4,64
2015,425844,87.5,8,3.2,32.3,62
2015,600303,88.6,13.3,0,29.5,61
2015,517369,86.1,0.1,3.3,25,60
2015,527043,87.2,8.7,11.7,31.7,60
2015,592609,86,11.3,10.2,32.2,59
2015,453269,86.9,7.3,3.4,30.5,59
2015,430001,84.9,8.2,3.4,23.7,59
2015,519333,84.8,19.2,1.7,22,59
2015,572182,89.4,12.2,6.9,34.5,58
2015,527054,82.6,0.9,0,5.3,57
2015,553988,86.3,8.7,1.8,29.8,57
2015,572863,83,17.9,3.6,16.1,56
2015,217100,86.7,12.6,1.8,16.1,56
2015,457574,84.2,10.4,0,22.2,54
2015,477132,84.1,-3.5,0,17,53
2015,501800,85,6.1,1.9,22.6,53
2015,453286,81,-5.9,0,15.4,52
2015,592710,86.5,9.3,3.8,21.2,52
2015,595879,91.7,12.3,9.6,32.7,52
2015,466988,83.8,4.5,0,13.5,52
2015,434628,84.4,-0.3,0,23.5,51
2015,516809,88.6,7.1,2,35.3,51
2015,608336,91.1,15.2,15.7,51,51
2015,518577,84.4,8.3,3.9,27.5,51
2015,607387,86.1,9.3,5.9,37.3,51
2015,519455,82.3,3.1,0,17.6,51
2015,592407,86.4,18.8,7.8,27.5,51
2015,518516,88.5,13.5,9.8,33.3,51
2015,450317,90.6,15.5,14,42,50
2015,457788,79.9,9.4,0,16.7,48
2015,592273,87.8,1.3,8.3,31.3,48
2015,435078,79.1,10.2,0,14.9,47
2015,571868,87.7,23.7,6.4,27.7,47
2015,594798,83.9,4,0,21.3,47
2015,425557,85.7,2.8,6.4,36.2,47
2015,452035,87.9,17.1,10.6,31.9,47
2015,475115,92.4,6.2,4.3,34.8,46
2015,489232,90.1,16.3,8.9,35.6,45
2015,448306,89.5,6.8,0,33.3,45
2015,429717,84.9,-1.1,0,9.1,44
2015,542455,86.5,15.9,4.5,25,44
2015,543734,85.3,-2.7,0,23.3,43
2015,572128,86,20.2,11.6,30.2,43
2015,523989,76.1,-9.3,0,2.3,43
2015,488689,83.6,18.7,4.7,23.3,43
2015,542436,87,4.7,0,39.5,43
2015,448170,86.3,18.1,9.3,37.2,43
2015,571553,87.9,4.2,2.3,23.3,43
2015,516949,86.3,12.4,4.7,18.6,43
2015,519345,89.9,16.1,4.8,40.5,42
2015,407793,83.4,3.8,0,16.7,42
2015,543037,84.5,-1.8,0,14.6,41
2015,502317,87.7,30.2,2.5,27.5,40
2015,518790,82.4,-0.5,0,15,40
2015,489365,84.7,6.8,0,35,40
2015,451713,92.8,17.6,17.9,48.7,39
2015,421685,83.8,-10.9,0,12.8,39
2015,434538,87,10.3,2.6,33.3,39
2015,112526,85.7,0.1,0,15.4,39
2015,543294,84.3,-3.3,0,10.3,39
2015,571946,88.2,16.3,5.3,15.8,38
2015,594807,89.9,20.5,7.9,42.1,38
2015,593372,89.4,-7.3,0,36.8,38
2015,452657,90.1,-2.1,2.6,26.3,38
2015,608379,83,2.5,0,13.2,38
2015,473724,84.6,19.1,2.6,28.9,38
2015,460131,89.5,2.5,2.7,32.4,37
2015,595005,86.7,9.6,2.7,27,37
2015,477003,82.7,-3.7,0,13.5,37
2015,453562,87.3,11.5,10.8,27,37
2015,596144,87.9,11.3,0,27,37
2015,502190,85.9,17.5,5.4,21.6,37
2015,608701,89.5,1.4,5.6,44.4,36
2015,488768,87.1,-6.7,2.8,25,36
2015,430611,80.8,3.5,5.6,22.2,36
2015,502226,84.8,12.2,0,22.2,36
2015,519023,83.1,18,2.8,19.4,36
2015,518774,88.3,-2.9,2.9,28.6,35
2015,476192,86.4,6.6,2.9,25.7,35
2015,461829,80.4,21.1,0,2.9,35
2015,571918,89.4,4.4,2.9,41.2,34
2015,543408,80,-9.8,0,14.7,34
2015,542513,85.2,-5.1,0,20.6,34
2015,502046,80.5,-6.3,0,8.8,34
2015,457926,86.5,12.2,0,24.2,33
2015,543633,84.5,5.5,3,24.2,33
2015,502624,86.8,-3.9,0,12.1,33
2015,150359,84.5,-9,3.1,21.9,32
2015,623143,81.2,6.6,0,18.8,32
2015,476270,82.4,-1.2,0,31.3,32
2015,407822,78.1,-12.4,0,15.6,32
2015,543257,84.6,9.7,3.1,18.8,32
2015,346798,81.3,5.5,0,9.4,32
2015,456501,81,-1.7,0,0,32
2015,489305,89.5,7.6,0,34.4,32
2015,625329,91.2,5,0,38.7,31
2015,572138,91.8,25.8,6.5,38.7,31
2015,543380,78.9,-0.2,0,9.7,31
2015,502523,79.6,8.6,0,6.5,31
2015,476451,85.2,7,0,9.7,31
2015,467798,93.5,-0.8,0,51.6,31
2015,285064,81.3,-4.2,0,16.1,31
2015,218596,79,16.8,0,10,30
2015,452718,84.5,9.6,0,16.7,30
2015,458681,88.2,16.1,0,24.1,29
2015,622072,85.6,2.6,0,10.3,29
2015,570717,84.3,16.2,0,13.8,29
2015,430935,83.4,5.2,0,24.1,29
2015,502205,85.4,-2.3,3.6,21.4,28
2015,463610,84.4,7.4,0,21.4,28
2015,543101,83.8,4.2,3.6,17.9,28
2015,605538,81.3,-2.3,0,10.7,28
2015,592230,85.2,9.3,7.1,25,28
2015,607208,86.2,5.1,3.6,25,28
2015,592620,91.8,8.9,25,42.9,28
2015,547179,87.9,1.8,0,33.3,27
2015,502009,84.1,10,0,11.1,27
2015,519071,83.2,24.9,0,7.4,27
2015,544931,81.7,0.1,0,11.1,27
2015,448802,87.1,-0.7,0,25.9,27
2015,446381,85.7,14.2,0,29.6,27
2015,571912,90.9,16.3,7.4,44.4,27
2015,593647,85.7,6.1,0,30.8,26
2015,542963,79.6,9.1,0,11.5,26
2015,451109,84.4,23.1,11.5,34.6,26
2015,474494,89.5,5.5,7.7,26.9,26
2015,490063,80.1,3.4,0,12,25
2015,608596,89.3,20.3,20,36,25
2015,541608,86.8,1.8,0,32,25
2015,607776,92.1,12.4,4,44,25
2015,453178,83.3,-6.7,0,12,25
2015,474463,83.4,12.3,0,8.3,24
2015,605131,90.7,9.7,0,45.8,24
2015,425543,82,18.7,0,12.5,24
2015,519076,86.3,-3.8,0,12.5,24
2015,450203,83.5,7.7,0,8.3,24
2015,493128,84.9,2.2,0,8.3,24
2015,592789,86.7,10.3,8.7,26.1,23
2015,408241,87.4,2.3,0,26.1,23
2015,594988,91.5,3.6,13,52.2,23
2015,475479,86.8,-12.5,0,21.7,23
2015,456124,82.8,10.3,0,9.1,22
2015,450729,85.2,18.5,0,13.6,22
2015,571666,82.6,-4.7,0,13.6,22
2015,592662,82.4,-4.3,0,0,22
2015,628333,80.5,-18.6,0,4.8,22
2015,425532,85.4,4.4,0,19,21
2015,571761,94.9,15.3,9.5,61.9,21
2015,645848,88.9,10.2,4.8,38.1,21
2015,459431,91.3,-4.1,4.8,38.1,21
2015,605323,88,14.4,0,23.8,21
2015,606299,77.5,15.2,0,9.5,21
2015,543094,83.9,12.6,5,20,20
2015,543699,82.4,6.5,0,10,20
2015,457760,86.2,8.6,0,35,20
2015,534627,81.9,9.6,0,5,20
2015,518567,85.7,-3.2,0,15,20
2015,492841,85.9,-3.5,0,31.6,19
2015,503449,89.8,6,5.3,31.6,19
2015,554234,76.5,-8.1,0,0,19
2015,592593,83.4,-7.4,0,5.3,19
2015,500207,83.9,6,0,31.6,19
2015,488852,85.1,12.8,5.3,21.1,19
2015,628452,86.1,-0.4,0,16.7,18
2015,605228,85.3,-1.9,5.6,22.2,18
2015,592863,86.7,5.4,5.6,27.8,18
2015,543272,84.4,-0.5,0,5.6,18
2015,571735,80,-16,0,11.1,18
2015,605452,82.6,1,0,27.8,18
2015,591712,76.3,1.7,0,17.6,17
2015,534606,81.1,15.3,0,17.6,17
2015,594940,91.4,3.5,0,35.3,17
2015,502211,82.2,-10.8,0,17.6,17
2015,518911,89,5.6,5.9,35.3,17
2015,407862,88.7,16.4,5.9,47.1,17
2015,518452,79.3,-11.4,0,6.3,16
2015,425496,89.4,7.5,0,31.3,16
2015,571825,92,0.9,0,31.3,16
2015,570489,87.3,9,0,25,16
2015,552662,87.7,16.2,6.7,33.3,15
2015,571578,84.8,-4.4,0,26.7,15
2015,430681,77.1,14.8,0,13.3,15
2015,543308,92.6,24.7,0,46.7,15
2015,502285,88,13.7,0,13.3,15
2015,605388,88.3,-0.1,0,13.3,15
2015,595025,80.4,20.9,0,13.3,15
2015,543045,83,-11.6,0,21.4,14
2015,518542,87.3,12,0,28.6,14
2015,475243,79.7,18.1,0,14.3,14
2015,519082,81.9,1.4,7.1,14.3,14
2015,544928,90.3,-11.7,0,28.6,14
2015,542942,89.6,10.9,7.7,30.8,13
2015,571927,85.1,-4.3,0,30.8,13
2015,150302,78.7,15.6,0,15.4,13
2015,457918,85,6.9,0,15.4,13
2015,571527,83.4,6.4,0,0,13
2015,453311,82.6,-6.9,0,7.7,13
2015,502213,81,-16,0,16.7,12
2015,570615,89.8,24.7,8.3,33.3,12
2015,543321,85.8,-4.8,0,33.3,12
2015,456071,69.6,-18.4,0,0,12
2015,457711,86.5,12.7,0,16.7,12
2015,542583,88.1,12.5,0,25,12
2015,474699,85.2,19.5,0,16.7,12
2015,458689,82.3,1.5,0,27.3,11
2015,465753,82.7,-0.5,0,9.1,11
2015,430912,86.2,23.4,0,9.1,11
2015,460003,86.3,8.2,0,9.1,11
2015,572750,81.7,-4.6,0,0,11
2015,592314,84.4,5.5,0,9.1,11
2015,502409,89.6,-1.6,0,9.1,11
2015,592680,84.9,-8.9,0,18.2,11
2015,489067,81.7,0.4,0,9.1,11
2015,605200,79.4,23.4,0,0,11
2015,608641,87.6,-1.1,0,27.3,11
2015,518700,87.4,11.2,0,18.2,11
2015,545358,90.6,18.1,9.1,45.5,11
2015,548357,83.5,4.5,0,10,10
2015,499864,83.3,22,0,20,10
2015,516910,72.5,-18.5,0,0,10
2015,543054,77.7,-10.2,0,10,10
2015,488818,83.4,12.7,0,20,10
2015,435623,91.8,12.2,0,44.4,9
2015,457449,87.4,23.8,0,33.3,9
2015,593871,85.8,2.5,0,22.2,9
2015,451532,86.7,0,0,22.2,9
2015,595191,88.2,-6.3,0,22.2,9
2015,594694,86.9,4.8,0,33.3,9
2015,445590,78,-17.9,0,0,9
2015,519425,82.7,10.9,0,11.1,9
2015,408242,75.7,-1.2,0,11.1,9
2015,458582,89.7,17.9,0,11.1,9
2015,502570,77.4,1.3,0,0,9
2015,571467,89.9,2.4,0,22.2,9
2015,605400,90.8,-8.6,0,33.3,9
2015,554431,98.1,2.2,0,50,8
2015,543475,70.4,18.9,0,0,8
2015,474249,91,-16.1,0,0,8
2015,453385,84.6,9.1,0,25,8
2015,518755,99.1,22.1,12.5,50,8
2015,425794,85.2,13.6,0,12.5,8
2015,502676,82.6,23,0,12.5,8
2015,543424,83.2,-16,0,0,8
2015,572804,78.5,11.1,0,0,7
2015,605151,86.9,20,0,28.6,7
2015,592774,94.9,3.9,0,71.4,7
2015,433589,81.6,-28.8,0,0,7
2015,572788,90.5,8,0,14.3,7
2015,544725,85,-3.4,0,28.6,7
2015,518716,77.3,14.5,0,14.3,7
2015,607067,91.2,11.7,0,28.6,7
2015,605894,79.1,-13.3,0,0,7
2015,502100,85.2,3.9,0,14.3,7
2015,457789,83.8,14,0,28.6,7
2015,573064,85.7,-5.3,0,14.3,7
2015,429781,63.4,11.5,0,0,6
2015,457762,92.7,15.9,0,16.7,6
2015,446225,85.5,-14.5,0,16.7,6
2015,595001,96.9,30.1,16.7,50,6
2015,572102,87.9,-31.6,0,0,6
2015,548337,71.5,1.3,0,0,6
2015,544365,62.4,-11.3,0,0,6
2015,456034,91.8,-13.8,0,33.3,6
2015,453646,81,-28.4,0,0,6
2015,543459,82.4,20.9,0,16.7,6
2015,591720,78.2,27.1,0,0,6
2015,592274,87.2,7.4,0,33.3,6
2015,502239,84.1,5.7,0,20,5
2015,543105,83.1,15.1,0,20,5
2015,468504,80.7,-2.4,0,0,5
2015,592836,89.6,5.6,0,40,5
2015,445095,77.6,9.4,0,20,5
2015,545333,85.3,-8.4,0,0,5
2015,501245,85.7,-3.6,0,20,5
2015,425386,66.6,1.9,0,0,5
2015,506997,95.1,15.6,0,60,5
2015,547888,78.8,-35.3,0,0,5
2015,450351,89.5,-2.2,0,40,5
2015,519242,77.2,-6.9,0,0,5
2015,543903,84.1,-2.7,0,20,5
2015,279824,73.7,-0.2,0,0,5
2015,506693,86.9,13.6,0,20,5
2015,592351,86.9,-19.1,0,20,5
2015,572362,74,-17,0,0,5
2015,491676,78.3,-16.2,0,0,5
2015,598284,85,-6.6,0,0,5
2015,572233,88,2.4,0,60,5
2015,500779,83.6,-27.4,0,0,4
2015,453329,89.4,14.7,0,0,4
2015,543569,101.6,5.5,25,100,4
2015,462136,81.2,-1.7,0,25,4
2015,570632,84.2,-31.4,0,0,4
2015,506747,79.6,-14,0,0,4
2015,571787,76.7,-1.9,0,0,4
2015,605232,89.2,-22,0,25,4
2015,543521,83.1,38.3,0,0,4
2015,643327,85.2,-34.8,0,0,4
2015,434622,89.6,-16.3,0,25,4
2015,518863,85.4,4.6,0,0,4
2015,596146,91.1,2.8,0,25,4
2015,543391,96.6,-2.5,0,33.3,3
2015,429780,81.8,14.2,0,0,3
2015,493159,68.6,27.3,0,0,3
2015,461833,90.1,-17.6,0,33.3,3
2015,543219,91.9,12.4,0,66.7,3
2015,543184,78.4,-21.9,0,33.3,3
2015,543135,100.4,0.3,0,66.7,3
2015,594742,97.1,20,0,66.7,3
2015,430580,84.6,-25.4,0,33.3,3
2015,446372,72.8,20,0,0,3
2015,430599,82.4,-8.7,0,0,3
2015,432934,84.3,-9.1,0,0,3
2015,451596,86.9,11.2,0,33.3,3
2015,445926,85.7,10.3,0,0,3
2015,523260,82.9,-3.9,0,33.3,3
2015,456701,78.2,-4.3,0,0,3
2015,518170,94.4,-25.6,0,33.3,3
2015,593525,81,-0.8,0,0,3
2015,502034,95.9,1.9,0,33.3,3
2015,600474,87.1,10.9,33.3,33.3,3
2015,435044,85.2,-29.2,0,0,3
2015,502032,94.1,5.6,0,33.3,3
2015,595014,77.2,-28.7,0,0,3
2015,285079,89.3,21.5,0,0,3
2015,571760,82.9,-20.7,0,0,3
2015,502043,81.3,-18.9,0,0,3
2015,592166,94,14.9,33.3,33.3,3
2015,435221,66.4,-18.1,0,0,3
2015,605439,91.3,27.3,0,33.3,3
2015,516970,79.1,-41.1,0,0,3
2015,543881,79.6,-8.3,0,33.3,3
2015,429400,79.8,-13.7,0,33.3,3
2015,607259,89.6,39.1,0,0,3
2015,471911,34.3,-7.8,0,0,3
2015,592869,92.4,8.7,0,33.3,3
2015,458668,80.7,6.5,0,0,2
2015,592612,NA,NA,0,0,2
2015,592665,82.9,-7.5,0,0,2
2015,605253,83.5,19.6,0,0,2
2015,488703,85.3,-8.5,0,0,2
2015,545346,75.7,0.2,0,0,2
2015,592804,86.5,-9.5,0,0,2
2015,543901,67.8,-28,0,0,2
2015,543606,75.9,-16.9,0,0,2
2015,543243,87.6,-7.6,0,0,2
2015,542923,90,27.4,0,50,2
2015,519301,89,-7.6,0,50,2
2015,519085,NA,NA,0,0,2
2015,519043,76.7,-9.6,0,0,2
2015,594987,82.9,-20.7,0,0,2
2015,518603,67.2,15.8,0,0,2
2015,518468,100.4,-0.4,0,100,2
2015,518420,75.8,30.5,0,0,2
2015,595918,76,16.3,0,0,2
2015,516589,88.5,-29.4,0,50,2
2015,502327,60.3,-10.3,0,0,2
2015,502042,87.8,-2.9,0,50,2
2015,605156,81.1,4.5,0,0,2
2015,501992,100.2,33.5,50,50,2
2015,489119,72.9,-28,0,0,2
2015,476589,72.3,6.4,0,0,2
2015,475416,92.2,-7.1,0,0,2
2015,605177,82.2,33.8,0,0,2
2015,460059,91.3,-16.4,0,0,2
2015,605541,102.7,-12.2,0,50,2
2015,457448,76.9,-60.8,0,0,2
2015,607074,NA,NA,0,0,2
2015,453214,96.8,-13,0,50,2
2015,621209,72.9,-5.9,0,0,2
2015,621962,86.8,-17.8,0,50,2
2015,450172,72.9,21.1,0,0,2
2015,622663,89.8,11.6,50,50,2
2015,434643,71.3,9,0,0,2
2015,433587,88.7,-8.3,0,0,2
2015,431148,81.4,-11,0,0,2
2015,408042,64.7,42.7,0,0,2
2015,446192,101.1,19.4,0,100,2
2015,502023,84.8,-8.6,0,0,2
2015,542908,89,35.3,0,50,2
2015,519222,88.6,9.4,0,50,2
2015,543038,81,51.3,0,0,2
2015,448674,94.1,28.4,0,50,2
2015,572971,89.1,-30.4,0,0,2
2015,592596,90.3,-17.3,0,0,2
2015,501822,81,48.4,0,0,1
2015,502004,NA,NA,0,0,1
2015,430603,57.2,-22.3,0,0,1
2015,453344,97.7,-13.9,0,100,1
2015,502010,NA,NA,0,0,1
2015,502188,95.8,10.4,0,100,1
2015,453307,82.9,-20.7,0,0,1
2015,542883,82,-27.7,0,0,1
2015,621121,82.9,-20.7,0,0,1
2015,453172,NA,NA,0,0,1
2015,605135,NA,NA,0,0,1
2015,572038,97.1,11.6,0,100,1
2015,450665,NA,NA,0,0,1
2015,596057,102.7,25,100,100,1
2015,621281,83.9,-12.7,0,0,1
2015,450308,81.8,41.3,0,0,1
2015,570649,74.7,11.9,0,0,1
2015,519107,89.5,31.3,0,0,1
2015,449170,NA,NA,0,0,1
2015,448614,85.9,-5,0,0,1
2015,502522,NA,NA,0,0,1
2015,504379,NA,NA,0,0,1
2015,516414,78.4,-4.7,0,0,1
2015,517414,NA,NA,0,0,1
2015,553869,100.7,39.2,0,100,1
2015,445213,82.2,8.9,0,0,1
2015,445197,99.7,-13.3,0,100,1
2015,444857,NA,NA,0,0,1
2015,444836,NA,NA,0,0,1
2015,444446,58.4,27,0,0,1
2015,595307,NA,NA,0,0,1
2015,518764,74.4,10.1,0,0,1
2015,542979,77.2,-24.6,0,0,1
2015,533167,82.9,-20.7,0,0,1
2015,534910,59.4,-4.5,0,0,1
2015,596142,96.9,68.9,0,100,1
2015,542866,NA,NA,0,0,1
2015,592533,NA,NA,0,0,1
2015,571561,86,-11.1,0,0,1
2015,430613,94.7,16.2,0,0,1
2015,542882,92.9,2.9,0,0,1
2015,594857,72.4,16.3,0,0,1
2015,592341,NA,NA,0,0,1
2015,593958,NA,NA,0,0,1
2015,543278,78.8,-8.2,0,0,1
2015,429719,88.9,-26.7,0,0,1
2015,543548,57.6,44.5,0,0,1
2015,592340,97.3,-26.1,0,100,1
2015,425835,101.4,21.7,0,100,1
2015,543557,87.2,22.4,0,0,1
2015,543698,82.2,10.3,0,0,1
2015,425657,NA,NA,0,0,1
2015,543921,NA,NA,0,0,1
2015,425626,NA,NA,0,0,1
2015,571656,97.6,2.7,0,100,1
2015,543942,61.5,1.4,0,0,1
2015,594555,85.4,32.9,0,0,1
2015,545404,90.4,17.1,0,0,1
2015,547874,NA,NA,0,0,1
2015,474668,NA,NA,0,0,1
2015,474284,93.9,-26.7,0,0,1
2015,488674,82.9,-20.7,0,0,1
2015,488846,88,-11.7,0,0,1
2015,467785,80,69,0,0,1
2015,466948,92.5,2.5,0,0,1
2015,462515,99.6,-4.3,0,100,1
2015,489265,82.9,-20.7,0,0,1
2015,605169,89.3,2.8,0,0,1
2015,461325,75.2,-6.7,0,0,1
2015,282332,102.1,7.5,0,100,1
2015,459967,74.7,9,0,0,1
2015,605347,NA,NA,0,0,1
2015,571665,103,2.1,0,100,1
2015,547973,107.7,-3,0,100,1
2015,456776,94.9,-15.7,0,0,1
2015,500610,93.1,-7.2,0,0,1
2015,501381,86.9,-25.4,0,0,1
2015,606160,68.4,-13.1,0,0,1
2015,456068,82.9,-20.7,0,0,1
2015,501593,73.6,-24.1,0,0,1
2016,605141,89.7,12.5,5.2,39.9,599
2016,514888,88.3,11.4,6.9,36.4,580
2016,456030,88.6,8.6,2.5,28.9,564
2016,429664,90.1,11.5,7.3,42.8,560
2016,444876,84,9.4,1.4,17.6,556
2016,516416,89,7.9,5.9,33.8,542
2016,445988,87.9,8.6,1.3,30.8,536
2016,596019,88.7,7.9,4.1,33.5,534
2016,593428,89,11,5.3,32.7,532
2016,466320,89.5,11.2,2.1,34.2,530
2016,592518,90.3,14.5,9.3,43.2,525
2016,405395,91.6,11.7,9.2,44.1,524
2016,571448,89.5,18.9,9,39.8,523
2016,134181,90.1,14.5,8.5,40.4,520
2016,594809,89.1,4.9,3.1,36.2,514
2016,430945,88.7,14.7,8,34.7,513
2016,547989,89.7,10.3,7.9,39.4,508
2016,608070,88.4,13.2,3,32.9,508
2016,455976,90.7,10.7,4.9,42.6,507
2016,435079,87.1,18.3,3.8,30.8,506
2016,452655,86,6.6,2.8,29.7,501
2016,608369,91.1,10.3,8.3,44,496
2016,446334,90.8,18.1,12.1,41.5,496
2016,572122,90.3,16.8,9,41.3,491
2016,544369,86.1,14.6,2.9,25.3,490
2016,408252,86.4,10.3,2.7,25.5,490
2016,467793,90.8,14.4,9.8,43.2,488
2016,518934,91.8,6.1,4.9,47.7,486
2016,572821,88.1,18.8,8.3,36.2,484
2016,408234,93.6,12.3,15.9,50.6,484
2016,453568,87.7,15.2,6.8,33.5,483
2016,502517,90.7,16.8,8.5,41.5,482
2016,570731,87.4,11.9,6.9,35.1,481
2016,594777,89.8,15.1,6.2,40.5,481
2016,461314,88.2,14.5,11.1,38,479
2016,457763,90.5,9.9,6.9,43.2,479
2016,596748,89.5,11.8,6.9,40.7,479
2016,519203,89.1,16.3,9.2,36.2,478
2016,543333,92,4,9.2,44.2,477
2016,543401,89.9,14.8,6.7,39.5,476
2016,596059,89.6,14.2,7.8,37.6,474
2016,453056,86.9,10.7,1.7,31.4,474
2016,456488,89.6,8.4,4.4,37,473
2016,425877,87.8,9.4,3.6,28.1,473
2016,429665,90.8,15.8,12.3,40.8,471
2016,435622,90.7,4.8,7.5,43.6,468
2016,543807,89.4,8.8,10.5,38.5,467
2016,400121,90,15.5,8.4,42.1,466
2016,516770,88.5,8.9,5.4,34.2,465
2016,607680,87.1,11.6,3,30.2,464
2016,518626,92.2,14.9,12.3,49.2,463
2016,542255,85.5,8.2,0.7,15,461
2016,520471,87.4,13.6,2.8,27.4,460
2016,120074,93.2,16.9,15.5,47.2,458
2016,457705,89.6,16.6,8.5,41.7,458
2016,543685,91.1,16.9,5.9,41.5,458
2016,488862,89.3,1.9,2.8,36.1,457
2016,408236,88.2,9.6,4.6,33.9,457
2016,457759,90.6,17,8.8,41.4,457
2016,471865,90.2,9,8.6,41.2,456
2016,136860,90.1,12.6,6.8,38.5,455
2016,546318,87.7,10.3,4.2,30.9,453
2016,592178,89.3,20.8,11.7,38.9,452
2016,572039,88.3,13.7,8.6,37.8,452
2016,458731,86.5,7.4,2.4,24,450
2016,450314,89.2,9.5,4.5,35.6,449
2016,462101,87.4,9,1.8,31.8,447
2016,543063,88.9,12.9,5.4,34.7,447
2016,542303,90.8,10.9,7.8,42.2,446
2016,474568,86.9,11.1,2.2,26.3,445
2016,592885,92.6,2.7,9.7,49.9,445
2016,571976,88.6,10.1,7,39.2,444
2016,458015,89.6,11.6,9.7,39.9,444
2016,434778,92.8,11.3,10.8,49.9,443
2016,444432,92.8,15.1,15.6,44.7,443
2016,621043,91,7,7.7,43.5,441
2016,588751,88.1,8,1.1,31.4,440
2016,518792,86.8,10.7,3,30.9,440
2016,611177,89,7.9,5.2,34.9,439
2016,514917,87,5,1.8,29.2,438
2016,443558,94.6,11.2,16.5,52.4,437
2016,502671,91,11,7.8,42.6,437
2016,453943,89.1,20.5,10.1,35.6,435
2016,434670,90.6,9.3,10.4,42,433
2016,434636,85.7,12.4,3,21.8,432
2016,543760,88,15.4,6.7,35.3,431
2016,578428,83.6,8.3,0.7,20.8,427
2016,605412,86.3,12.9,4.5,26.8,425
2016,542340,90.3,4.7,6.4,38.2,424
2016,518692,91.3,17.3,13.2,44.7,423
2016,543281,86.5,13,2.1,22.9,423
2016,434158,87.8,18.7,6.9,33.1,420
2016,598265,90.3,10.1,8.6,39.3,420
2016,452678,88.9,15.5,5.7,33.3,420
2016,493351,84.5,9,0.5,23.9,418
2016,545361,90.9,13.8,14.4,40.3,417
2016,460075,90,4.6,8.4,38.9,416
2016,457803,88.9,14.8,8.4,38.2,416
2016,592743,86.7,4.5,1.2,29.6,415
2016,570256,89.9,14,6,40,415
2016,553993,86.6,16,6.3,29.1,413
2016,592663,88.6,9.8,3.9,35.2,412
2016,475174,88.6,11.2,4.1,37.4,412
2016,608577,88,8.6,6.8,35,411
2016,519390,85.9,19.4,5.1,26.8,410
2016,467092,90.8,4.8,7.4,43.2,407
2016,408045,89.9,3.8,6,42.9,403
2016,543543,90.6,12,9.7,42.5,402
2016,547180,88.9,15.2,7.3,36.1,399
2016,400284,87.7,11.9,4.3,33.8,399
2016,474832,87.2,21.2,11.3,32.4,398
2016,521692,88.8,18.9,6.3,37.8,397
2016,608365,87.6,15.2,9.3,31.6,396
2016,594807,88.6,19.2,12.1,41.4,396
2016,630111,90.6,10,10.6,42,395
2016,453064,90,14.2,9.6,40.8,395
2016,518960,87.6,14.5,7.4,35,394
2016,501981,92,13.3,17,48.2,394
2016,435062,90.5,1.7,5.8,42.1,394
2016,457708,91.3,15.5,12.5,45.5,393
2016,150029,91.4,15,7.4,44.6,392
2016,571697,86.9,12.3,3.9,24.5,387
2016,523253,90,13.6,7.5,38.9,386
2016,516782,87.5,9.2,5.4,37,386
2016,446359,86.3,15.2,2.3,27.5,385
2016,596144,89.3,12.4,2.4,36.9,382
2016,547982,87.6,12.9,5,31.3,380
2016,572816,89,18.1,11.1,38.1,378
2016,493114,87.2,3,0.8,24.9,378
2016,493316,91.7,16.3,9.8,47.5,377
2016,424825,85.5,13.7,2.4,23.3,374
2016,503556,89.3,9.3,5.4,35.9,373
2016,571875,91.3,10.4,11.5,43.4,373
2016,572761,90.7,18.2,11.3,41.9,372
2016,435063,89.6,18.5,13.3,39.4,368
2016,592273,88.8,9.3,6.8,36.7,365
2016,606466,85.8,7,0.3,19.9,362
2016,502143,90.1,9.8,7.8,41.1,358
2016,449181,89.6,8.3,5.3,37.4,358
2016,452104,87.2,11.9,5.9,33.1,354
2016,572008,88.1,8.6,2.8,32.8,354
2016,474892,91.7,18.6,17.6,46.2,353
2016,457787,90.1,14.8,8.2,33.4,353
2016,649557,89.5,12.6,4.5,39.2,352
2016,430947,85,6.2,0.6,15.1,352
2016,543768,88.6,16.2,8,34.2,351
2016,434658,86.5,14.5,3.4,29.9,351
2016,448801,91.1,17.2,15.1,44,350
2016,500208,88.5,12.9,3.8,33.3,345
2016,429666,90.2,12.3,3.8,39.2,344
2016,425834,88.3,9.2,5.8,36.6,344
2016,502210,88.1,14.3,3.5,32.7,343
2016,519048,90.6,14.4,9.6,39.5,342
2016,446308,87.9,16.4,7.3,33,342
2016,459431,90,11.1,7.7,44.5,337
2016,543068,89.5,12.4,8.3,39.2,337
2016,451594,88.1,12.4,5.6,33.8,337
2016,502110,91.5,13.4,14.2,47.2,337
2016,435263,88.9,18.9,5.7,35.8,332
2016,435522,89.1,18,7.3,37.5,331
2016,571740,83.4,10.5,0.3,11.5,330
2016,475582,92.6,9.1,7,45.6,329
2016,581527,87,11.4,4,31.1,325
2016,594828,89.4,12.9,10.5,35.7,325
2016,430832,91.5,14.8,8.3,45.7,324
2016,431094,86.7,15.9,1.2,26.6,323
2016,502082,86.2,18,2.8,24.8,322
2016,519184,83.6,5.5,0.6,16.3,320
2016,541650,88.8,12.4,3.8,38.2,317
2016,456715,88.6,9.2,4.4,33.4,317
2016,595879,88.4,14.1,5.7,32.3,316
2016,452252,91.2,10.8,8.6,42.7,314
2016,543213,85.7,9.7,1.6,22,314
2016,431145,89.2,10,9.3,40.3,313
2016,407812,93.1,8.6,8,47.8,312
2016,571466,86.1,9.6,2.6,23.2,310
2016,596146,89.7,8.5,3.9,37.5,309
2016,425766,87.5,13,1.6,31.5,308
2016,444379,86.3,7.7,4.9,32.1,308
2016,545341,91.4,16.3,9.8,46.1,306
2016,576397,87.7,14.9,9.8,36.1,305
2016,592206,89.4,16.9,14.4,39,305
2016,452254,91,5.5,6.9,41.3,303
2016,435559,87.3,14.6,2.6,30.5,302
2016,541645,90.2,5.4,8,40,300
2016,641313,87.8,6.6,5.3,34.3,300
2016,456078,88.8,12.9,6,37.5,299
2016,460086,87.8,15.2,8.7,36.6,298
2016,467827,87.4,4.9,5,32.2,298
2016,501896,91,2.2,8.1,48.5,295
2016,595281,87.9,14,4.4,32.4,293
2016,456422,85.1,8.3,3.1,17.4,293
2016,452234,89.5,8.3,8.9,40.6,293
2016,400085,84.2,7.4,0.7,20,290
2016,622110,87.3,7.3,3.5,30.4,286
2016,607054,88.2,3.7,3.1,32.9,286
2016,407893,88.4,12.8,7.4,37.3,284
2016,500871,85.6,15.1,3.2,24.4,283
2016,457727,87.9,4.6,2.8,32.2,283
2016,448602,87.9,12.2,6,37.1,283
2016,542993,82.8,7,0,12.5,279
2016,519083,87.4,18.9,5.4,32.6,279
2016,592626,92.3,15.3,12.5,47,279
2016,460576,87.8,11.1,6.5,32,278
2016,461235,88.5,22.5,13.4,39,277
2016,476704,86,11.9,0.7,24.5,277
2016,519237,91.3,9,9.1,47.1,276
2016,519317,93.9,13.9,15.6,47.6,275
2016,518735,91.3,12.4,12.4,44.7,275
2016,519306,89.9,13,10.6,38.1,273
2016,543829,82.8,3.7,0,14,273
2016,518618,85.5,13,8.1,32,272
2016,445055,86.1,7,1.1,23.2,271
2016,488721,88.1,7.8,2.6,32.8,271
2016,502481,84.3,4.9,0.4,21.9,269
2016,425902,88.8,11.5,6,31.7,268
2016,489149,90.5,12,7.5,41.7,266
2016,543939,86.8,10.9,3,26.3,266
2016,543305,89.1,10.7,4.6,35,263
2016,624577,90.4,11.7,6.5,41.1,263
2016,461858,90.2,12.3,6.5,40.3,263
2016,527038,86.5,18.4,5,29,262
2016,593934,92.4,16.9,14.1,49.2,262
2016,465041,86.5,6.4,1.5,30.5,259
2016,547957,90.5,6.5,5.1,36.5,255
2016,458675,88.5,18.2,8.3,36.8,253
2016,607208,89.9,11.5,6.8,36.4,250
2016,592696,87.7,11.3,4.8,31.7,249
2016,519295,87.5,13.1,4.4,30.9,249
2016,571830,89.9,16.8,11.8,41.9,246
2016,596115,91,18,13.9,44.5,245
2016,543434,88.9,16.8,6.6,34.6,243
2016,476883,92.7,13.3,12.8,49.2,242
2016,593160,88.1,12.2,2.9,34.4,241
2016,430637,87.6,11.4,5.4,33.6,241
2016,573135,86.7,8.4,2.9,27,241
2016,628356,90.3,11,8.3,39.8,241
2016,446386,87.3,13.9,4.2,27.9,240
2016,543510,88.4,16.2,9.6,36.8,239
2016,608671,86.2,0.8,1.3,26.9,238
2016,425900,84.9,17.4,1.7,22.3,238
2016,571788,86,6.2,2.5,26.3,236
2016,543257,86.5,13.2,5.1,28.4,236
2016,425509,87.6,13.6,6.4,33.9,236
2016,446381,86,10.6,1.7,23.8,235
2016,605113,87.1,9.2,2.6,29,231
2016,542208,84.8,14.9,2.2,27.5,229
2016,571506,91.8,10.1,10.1,46.7,227
2016,460026,90,10.7,5.3,37.2,226
2016,425796,87.9,8.5,5.4,32.6,221
2016,150229,87.5,7.4,1.8,33.9,221
2016,429667,92,16.6,15.5,47.7,220
2016,571431,89.8,20,11,40.2,219
2016,624424,90.2,15.1,10.1,39,218
2016,493193,87.5,6.8,7.8,36.7,218
2016,472528,87.4,16.1,7.4,31,216
2016,455104,89.3,15.1,5.6,39.1,215
2016,571980,91,10.6,8.5,45.1,213
2016,595777,86.4,6.9,2.8,28.6,213
2016,456665,89.8,15.4,9,40.3,211
2016,606299,85.1,11.2,1.9,23.7,211
2016,456714,90.3,8.7,8.1,41.7,211
2016,543105,88.9,15.8,6.6,39.3,211
2016,592387,88.7,13.5,9,40,210
2016,485567,86.6,4.6,3.8,32.1,209
2016,545350,86.8,11.6,4.3,34,209
2016,572073,85.9,13,2.4,22.6,208
2016,543776,84.9,7.5,1.9,26.6,207
2016,408314,85.2,17.6,4.3,26.1,207
2016,488771,89.5,11.6,9.7,40.1,207
2016,593871,86.8,15.8,2.5,26.5,204
2016,518595,89.1,8.8,3.4,39.7,204
2016,527043,89.2,12.6,6.9,37.1,202
2016,543590,90.3,9.7,9.9,37.1,202
2016,446481,90.4,12.8,11.4,36.6,202
2016,570717,84.5,9.5,1.5,20.2,198
2016,518614,87.9,10.7,3,35.4,198
2016,594988,89.7,7.1,5.1,39.4,198
2016,493596,88,12.6,4.1,32,197
2016,452095,93.3,12.8,11.9,48.5,194
2016,453923,85.2,12.8,2.6,20.3,192
2016,506702,86.9,11.3,4.2,26.7,192
2016,346874,88.1,10.1,7.3,37.5,192
2016,458085,87.2,7.3,4.2,30.2,189
2016,475253,91.6,18.7,11.8,42.2,187
2016,621439,89.5,17.3,5.3,31.6,187
2016,643603,88.1,15.1,7,31.2,186
2016,488818,84.7,13.3,0.5,22,186
2016,575929,88.4,6.9,8.6,33.9,186
2016,471083,86.4,9.2,4.9,25.4,185
2016,543228,87,16.8,5.4,32.1,184
2016,542436,84.1,2.2,2.2,24.3,181
2016,542454,88.6,7.5,3.9,33.9,180
2016,594838,86.5,6.9,1.7,24.7,178
2016,542908,87.1,22.8,6.2,29.2,178
2016,435064,85.3,14.6,3.4,26.3,175
2016,500743,84,7.1,0.6,21.1,175
2016,572114,90.3,29.7,16.7,41.4,174
2016,474443,84.5,6.4,1.2,20.2,173
2016,572204,88.4,8.5,10.6,35.9,170
2016,457477,88,16.1,4.7,27.2,169
2016,434563,87.9,12.3,3.6,36.9,168
2016,453400,90.6,11.5,4.8,42.8,166
2016,429711,92.2,11.6,10.8,47.6,166
2016,607387,90.5,10,6.6,40.4,166
2016,542364,85.7,6.4,0,23.6,165
2016,594824,85.5,6.8,3,23.6,165
2016,459964,89,13.3,9.1,39,164
2016,624585,89.9,17.8,10.4,36,164
2016,543216,88.9,13.6,4.3,37.2,164
2016,519208,87.7,13.9,4.9,32.3,164
2016,621311,87.8,10.8,4.9,32.5,163
2016,595963,87.3,6.2,1.8,30.1,163
2016,121347,89.8,10.7,7.5,38.5,161
2016,547172,85.6,8.7,2.6,19.2,156
2016,455117,87.6,11.3,7.7,29.5,156
2016,463610,87.2,8.6,3.2,32.1,156
2016,570267,92.9,9.3,10.9,53.2,156
2016,606115,87.7,6.1,1.9,29.9,154
2016,408047,90.2,9.3,3.9,35.9,153
2016,455759,88.2,21.8,4.6,36.6,153
2016,502523,84.3,8.8,0.7,15.1,152
2016,571771,88.4,13.8,6.6,34.2,152
2016,608324,88.1,18.5,6.7,36,150
2016,433217,88.5,6.5,2,35.3,150
2016,457454,89.3,21.4,11.6,34.7,147
2016,519333,85.4,13.9,4.8,23.8,147
2016,592200,86.1,20.4,6.1,31.3,147
2016,541608,87.6,13.1,2.1,25.3,146
2016,430605,90.3,11.5,6.2,43.2,146
2016,596142,92.7,7.9,15.8,48.6,146
2016,457706,88.3,12.9,2.1,32.2,146
2016,605480,85.9,0.8,2.8,22.1,145
2016,572191,88.1,8.5,7.6,37.9,145
2016,457775,87,11.1,4.9,33.3,144
2016,454560,86.9,14.6,2.8,33.3,144
2016,605125,85.9,15.3,3.5,29.9,144
2016,449107,85.9,7.1,0,26.6,143
2016,501659,88.5,8.9,5.6,39.2,143
2016,460099,86.7,13.4,4.9,32.4,142
2016,571757,87.7,10.4,9.9,32.4,142
2016,518542,85.6,5.9,2.1,22,141
2016,461865,84.1,7.1,2.2,21.6,139
2016,518649,85.5,17.6,7.2,31.7,139
2016,666560,88.6,14.3,16.7,42.8,138
2016,572365,88.4,7.7,3.6,33.3,138
2016,591720,85.2,4.9,0.7,23.2,138
2016,519222,86.6,8,4.3,27.5,138
2016,542194,88,11.6,7.2,35.5,138
2016,596143,87.4,9.1,2.2,25.7,136
2016,477165,87.9,9.8,8.9,35.6,135
2016,534627,84.4,6.3,0.7,17,135
2016,545338,88,17.3,5.2,29.1,134
2016,425784,86,10.5,4.5,29.9,134
2016,623143,83.9,14.5,0.7,21.6,134
2016,542921,89.6,11.3,6,45.1,133
2016,543877,87.1,1.4,1.5,33.1,133
2016,592261,86.9,5.4,1.5,30.3,132
2016,425783,92.1,10.3,7.6,47,132
2016,489267,89.6,15.4,11.5,39.2,130
2016,444482,89,8.3,4.6,37.7,130
2016,571437,88.2,5.5,3.1,34.9,129
2016,430001,91.5,10.9,13.4,44.1,127
2016,608701,88.9,4.3,0.8,39.2,125
2016,542455,86.5,12.2,9.8,33.3,123
2016,424325,87.3,16.1,9.9,32.2,121
2016,600303,88.6,16.3,5.8,31.4,121
2016,624428,85.8,9.8,1.7,21.5,121
2016,460060,85,14.7,2.5,23.3,120
2016,501571,87.3,14.1,4.2,30,120
2016,542979,93.5,9.6,9.2,50,120
2016,543484,90,18.8,5.9,37,119
2016,446263,89.8,15,10.1,45.4,119
2016,493329,88.8,10,3.4,36.1,119
2016,408299,85.8,13.7,0,23.1,117
2016,276519,84.7,11.2,1.7,17.1,117
2016,518568,85.7,6.5,0.9,26.5,117
2016,547379,89.2,7,6,34.2,117
2016,452220,89.8,17.7,5.2,31,116
2016,506560,86.9,11.2,0.9,24.1,116
2016,570560,88.1,15.9,4.3,27,115
2016,517370,89.9,6.3,9.8,37.5,112
2016,605137,88.3,5.8,4.5,37.5,112
2016,475247,88.6,8,5.4,35.1,111
2016,593495,84.1,5,0,15.7,108
2016,543302,89.9,10.7,9.4,36.8,106
2016,455139,86.1,16.3,10.4,34.9,106
2016,543376,86.5,13.6,0,22.6,106
2016,537953,89.4,13,2.9,34,103
2016,460269,87.4,8.7,5.8,32,103
2016,572287,90.2,22.4,15,41,100
2016,608700,84.9,3.9,2,24.2,99
2016,607385,90.1,16,6.1,33.3,99
2016,621020,89,8.7,7.1,35.7,98
2016,502100,85.5,9.1,4.1,23.7,97
2016,502317,86.7,18.9,9.4,27.1,96
2016,573627,90.5,17.3,13.5,42.7,96
2016,643393,84.8,10.9,1.1,17.9,95
2016,518700,83.2,9.4,0,12.6,95
2016,489365,85.8,14.1,2.1,23.4,94
2016,605512,89,14.9,5.3,40.4,94
2016,609275,89.3,10,5.4,26.9,93
2016,608061,85.7,13.2,2.2,29.3,92
2016,488671,91.3,6.9,8.7,40.2,92
2016,592407,85.1,24.4,6.5,21.7,92
2016,546991,87.6,8.5,4.3,29.3,92
2016,425772,88.1,15,1.1,30.8,91
2016,519058,91.5,11.4,8.8,42.9,91
2016,460077,85,12.9,4.5,22.5,89
2016,502054,92.5,8.2,15.7,49.4,89
2016,553882,84.4,14.3,1.1,11.2,89
2016,605509,85.6,5.7,0,22.5,89
2016,571970,84.5,12.5,3.4,27,89
2016,571912,89,12.9,3.5,39.5,86
2016,596847,89.7,10.5,4.7,38.4,86
2016,474233,88,15,3.5,34.1,85
2016,455755,86,8.8,0,27.7,83
2016,592620,86.6,8.1,6,34.9,83
2016,571745,92.1,14.2,6,45.8,83
2016,453203,83.8,10.4,0,13.3,83
2016,446653,89.6,8.1,4.8,31.3,83
2016,431151,92,20.9,19.5,46.3,82
2016,621563,91,5.4,1.2,36.6,82
2016,643217,86.9,14.8,3.7,26.8,82
2016,592808,89.3,7.5,8.6,34.6,81
2016,407781,87.1,17.1,7.5,37.5,80
2016,475100,86,15.6,7.6,35.4,79
2016,492841,86,14.7,1.3,19,79
2016,431171,89.6,6.4,2.6,34.6,78
2016,452672,82.3,7.8,0,17.9,78
2016,628338,83.2,11.1,1.3,16.7,78
2016,607776,91.5,8.2,9.1,42.9,77
2016,488681,87,14.7,8,26.7,75
2016,607223,88.6,11.8,8,41.3,75
2016,606192,90.2,12.7,4.1,27.4,73
2016,593647,87,15.3,6.9,27.8,72
2016,489232,92.5,18.3,13.9,47.2,72
2016,408307,86.4,0.8,0,23.9,71
2016,455369,86.8,17.4,1.4,26.8,71
2016,488912,87.2,13.5,2.9,26.1,69
2016,622194,91.2,4,5.8,47.8,69
2016,572033,86.9,14,6.1,28.8,66
2016,571974,88.7,18,3,30.3,66
2016,572019,86.5,8,4.6,27.7,65
2016,518653,81.7,3.1,0,11.1,63
2016,592230,89.5,12.4,3.2,34.9,63
2016,600301,85.3,11.5,4.8,22.6,62
2016,518953,84.8,13.7,0,23.3,60
2016,502544,85.2,15.4,3.3,20,60
2016,573131,89.2,15.2,8.3,40,60
2016,434567,87.9,13.8,8.5,30.5,59
2016,456501,82.4,-2.7,0,5.2,58
2016,514913,86.2,13.4,0,21.1,57
2016,570615,92.5,13.4,8.8,42.1,57
2016,608703,86.1,3.8,7,35.1,57
2016,444489,88.2,20.6,3.6,32.1,56
2016,502182,88.6,7.5,1.9,33.3,54
2016,456124,91.2,19.5,5.6,48.1,54
2016,518586,85.9,9.4,1.9,31.5,54
2016,501303,82.6,11.9,0,14.8,54
2016,574847,90.9,7.6,3.8,39.6,53
2016,554429,86.2,15.7,0,26.4,53
2016,607043,87.9,10.4,1.9,28.3,53
2016,543238,89.4,4.1,3.8,32.1,53
2016,453286,87.6,-1.1,0,18.9,53
2016,493472,88.3,7.3,1.9,32.7,52
2016,593372,82.7,-4.5,0,21.6,51
2016,571841,87,17.1,2,19.6,51
2016,452657,88.7,-0.1,3.9,27.5,51
2016,573113,86.2,4.5,0,17.6,51
2016,425794,89.2,16.4,4,34,50
2016,592680,90.5,2.8,2,36.7,49
2016,595191,86.9,5.3,0,26.5,49
2016,628317,80.9,13,0,0,49
2016,502582,85.8,14.1,2.1,22.9,48
2016,425844,86.8,13.4,4.2,20.8,48
2016,605228,86.4,-4.1,0,19.1,47
2016,592122,88.8,12.6,17,36.2,47
2016,572863,85.2,20.7,6.4,23.4,47
2016,596119,87.9,7.6,4.3,28.3,46
2016,621035,87.7,10.3,4.3,23.9,46
2016,594694,89.2,3.9,6.5,34.8,46
2016,543699,82.2,7.9,2.2,11.1,45
2016,434628,87,4.8,0,27.3,44
2016,544931,87.1,-3,0,27.3,44
2016,518490,87.1,-1.5,2.3,31.8,44
2016,518516,90.1,12.4,6.8,34.1,44
2016,506924,85.5,20.5,2.3,31.8,44
2016,527054,85.5,13.5,0,15.9,44
2016,453211,87.6,12.4,7,34.9,43
2016,592450,95.1,20.6,11.6,58.1,43
2016,491676,90.1,16.4,4.7,46.5,43
2016,489305,90.8,8.1,4.8,45.2,42
2016,543022,82.4,2.9,0,11.9,42
2016,593643,81.5,13.2,4.9,12.2,41
2016,593523,85.8,-2.9,2.4,26.8,41
2016,519023,83.1,8.9,0,17.5,40
2016,502188,87.3,10.1,5,35,40
2016,605232,86.5,-2,0,27.5,40
2016,596451,85.3,4.1,2.5,17.5,40
2016,457789,86.2,7.7,5.1,30.8,39
2016,516949,88.2,23.3,7.7,30.8,39
2016,605183,90,5.5,7.7,38.5,39
2016,543094,82.7,12.8,0,23.1,39
2016,502205,86.6,13.7,7.7,28.2,39
2016,571578,83.2,3.6,0,13.2,38
2016,605200,79,8.6,0,5.3,38
2016,640461,89.5,9.2,10.5,50,38
2016,502261,91.7,15.8,5.3,42.1,38
2016,592419,86.6,24.4,0,28.9,38
2016,453562,89.9,14.2,7.9,36.8,38
2016,476451,82.1,-3.9,0,2.6,38
2016,598284,86.2,16.2,16.2,29.7,37
2016,477132,87.1,-8.2,0,21.6,37
2016,518466,82.3,12.1,10.8,27,37
2016,457574,77.8,13.7,0,13.5,37
2016,543294,84.6,9.8,0,8.1,37
2016,407793,88,6.7,2.8,22.2,36
2016,502034,87.2,10,0,22.2,36
2016,502285,86.1,13.8,0,13.9,36
2016,544725,89.1,2.6,2.9,31.4,35
2016,594798,88.8,-2.1,0,25.7,35
2016,605486,84.7,-0.7,2.9,22.9,35
2016,592325,90,7.8,2.9,40,35
2016,454975,87.6,-5.1,0,29.4,34
2016,451705,84.4,4.1,0,29.4,34
2016,488726,89.3,10.3,0,29.4,34
2016,461829,82.1,7.9,0,8.8,34
2016,571681,82.6,8.3,0,18.2,33
2016,473724,84.7,24.3,0,15.2,33
2016,572041,88.1,16.6,9.1,30.3,33
2016,502190,86.6,15.5,3,27.3,33
2016,518452,82.6,-17.5,0,6.1,33
2016,592662,84.6,-6.5,3,15.2,33
2016,519445,86.8,10.9,0,30.3,33
2016,448802,87,3.2,3.1,28.1,32
2016,605538,84.2,-9,0,6.5,31
2016,592592,86.9,16.5,6.5,25.8,31
2016,592710,93,5.3,0,51.6,31
2016,612672,78.3,-10.8,0,0,31
2016,517369,85.6,6.7,0,32.3,31
2016,543742,86.2,2.6,3.2,25.8,31
2016,572128,89,15.2,3.2,22.6,31
2016,474319,91.9,13.8,13.3,43.3,30
2016,592731,90.3,7.3,13.3,43.3,30
2016,592669,89.4,16.2,13.3,43.3,30
2016,448855,83.7,-3.9,0,16.7,30
2016,622534,88.9,-0.1,0,33.3,30
2016,571927,83.8,0.4,3.3,16.7,30
2016,502226,83.6,-0.4,0,10.3,29
2016,606132,81.1,13.8,0,7.1,28
2016,571718,91.7,1.9,3.6,46.4,28
2016,466988,88.8,6.4,3.6,35.7,28
2016,501986,85,21,3.6,25,28
2016,457926,81.7,19.9,0,10.7,28
2016,543408,85.2,-3.7,0,7.4,27
2016,502032,85.8,4,0,11.1,27
2016,542881,79,-3,0,7.4,27
2016,506747,86.4,11.5,3.7,29.6,27
2016,592826,88.1,-5.2,0,33.3,27
2016,592789,94.9,21.6,30.8,50,26
2016,434538,90.4,5.3,3.8,38.5,26
2016,593700,84.7,13.3,0,19.2,26
2016,503449,88,17.7,7.7,26.9,26
2016,606131,79.7,4.3,0,19.2,26
2016,605452,91.2,3.7,3.8,34.6,26
2016,519076,76.6,-0.1,0,0,25
2016,595023,85.5,9.3,0,16,25
2016,608596,94.5,20,20,56,25
2016,431148,80.1,-1,0,0,25
2016,407822,81.4,-4.1,0,8,25
2016,600474,87.2,4.3,0,20,25
2016,543734,80.7,11.4,0,12.5,24
2016,516809,87,-0.1,8.3,37.5,24
2016,112526,82.9,8.7,0,16.7,24
2016,544925,90.1,13.8,12.5,33.3,24
2016,488768,81.8,-4,0,8.3,24
2016,605388,81.5,-11.1,0,0,24
2016,543045,83.1,-1.5,0,4.2,24
2016,502676,81.7,23.8,0,12.5,24
2016,592351,89.9,-11.6,0,34.8,23
2016,605131,89.1,24.5,0,21.7,23
2016,592192,92.8,21.1,13,43.5,23
2016,502624,89.5,-7.1,0,26.1,23
2016,430603,84.2,8,0,8.7,23
2016,543037,89.7,1.5,8.7,30.4,23
2016,573185,88.7,-13.1,0,4.3,23
2016,592239,83.8,20,0,18.2,22
2016,592314,87.8,2.9,4.5,22.7,22
2016,519043,82.6,13.6,0,13.6,22
2016,607067,82.5,13.6,0,9.5,21
2016,458582,91.5,13.5,9.5,33.3,21
2016,502046,73.4,-15.4,0,0,21
2016,602922,81.5,5.4,0,14.3,21
2016,543148,92.6,25.1,0,40,20
2016,491696,88.8,5.3,10,40,20
2016,608379,81.8,-14.5,0,10,20
2016,605151,87,-7.7,0,20,20
2016,435180,83.8,6.6,0,20,20
2016,641319,86.2,19,0,25,20
2016,499624,86.2,1.7,0,20,20
2016,543101,90.1,4.1,0,30,20
2016,592791,90.6,-8.8,0,15.8,19
2016,456781,89.7,10.7,5.3,42.1,19
2016,444843,87.6,15.6,5.6,22.2,18
2016,595978,91.2,18.1,5.6,38.9,18
2016,477003,80.8,-13.2,0,27.8,18
2016,571812,91,23.2,16.7,33.3,18
2016,503437,81.3,-0.4,0,5.9,17
2016,543184,83.5,-11.5,0,11.8,17
2016,572750,85.3,-15.8,0,17.6,17
2016,518774,76.6,2.9,5.9,5.9,17
2016,543706,87.6,8.4,0,29.4,17
2016,628711,86.4,0.7,0,17.6,17
2016,621566,91.2,25.5,0,23.5,17
2016,640463,82.8,11.8,0,11.8,17
2016,408241,85.1,7.6,0,17.6,17
2016,641958,82.3,11.1,0,17.6,17
2016,592835,84.1,10.6,0,29.4,17
2016,519141,86.4,-8.3,6.3,25,16
2016,493128,86.2,7.3,0,18.8,16
2016,592444,93.6,10.2,12.5,62.5,16
2016,595386,89.8,-9.6,0,25,16
2016,641771,86,-3.7,0,6.3,16
2016,592863,92,8.7,0,31.3,16
2016,502273,79,6.7,6.7,6.7,15
2016,592567,86.9,6.3,6.7,33.3,15
2016,621107,92.3,7.5,0,33.3,15
2016,605439,79.3,-14.2,0,6.7,15
2016,605227,83.9,25.8,0,20,15
2016,493343,85.3,5.2,0,26.7,15
2016,607625,86.1,9.4,0,20,15
2016,500874,89.3,5.8,0,26.7,15
2016,490063,77.3,-13.1,0,7.1,14
2016,552662,93.2,21.4,7.1,50,14
2016,519421,91.6,12,14.3,42.9,14
2016,543329,84,-3.3,0,28.6,14
2016,523989,81.8,-12.1,0,0,14
2016,519025,87.2,9.6,0,28.6,14
2016,448605,90.6,16.8,14.3,42.9,14
2016,519082,84.5,24.7,7.1,7.1,14
2016,594760,85.2,-2.7,0,21.4,14
2016,554234,87.6,5.8,0,0,14
2016,605400,84.5,-7,0,21.4,14
2016,504379,87,1.7,0,15.4,13
2016,592433,82,-6.7,0,7.7,13
2016,571946,91.5,5.5,15.4,46.2,13
2016,544150,92.6,-13.5,0,23.1,13
2016,429719,82,2.7,0,15.4,13
2016,548389,80.9,0.4,0,0,13
2016,461416,83.6,0.7,0,15.4,13
2016,543054,82.1,-18.5,0,7.7,13
2016,571553,90,12.9,7.7,30.8,13
2016,592593,76.2,-3.2,0,0,12
2016,572180,85.8,27.2,8.3,41.7,12
2016,492802,85.8,4.6,0,25,12
2016,622097,87.5,-2.4,8.3,25,12
2016,465753,87.5,2.2,8.3,16.7,12
2016,534947,89.1,6,0,16.7,12
2016,474865,83.5,12.4,0,8.3,12
2016,600524,80.8,-7.7,0,25,12
2016,542513,83.4,0.8,9.1,18.2,11
2016,642162,92.8,13.5,9.1,36.4,11
2016,448306,87.5,-0.4,0,18.2,11
2016,607732,91.8,11.1,0,27.3,11
2016,591712,89.2,21.6,0,36.4,11
2016,430910,82.1,-4.4,0,9.1,11
2016,641531,78.5,14.6,9.1,9.1,11
2016,430912,78,28.1,9.1,18.2,11
2016,570489,82.2,-0.6,9.1,36.4,11
2016,453385,86.1,6.4,0,9.1,11
2016,518560,78.9,1.4,0,9.1,11
2016,608348,89.3,10.5,0,27.3,11
2016,503444,88.9,0.6,0,20,10
2016,503351,91.1,0.8,0,60,10
2016,570632,80.8,-4.8,0,0,10
2016,475479,77.6,-5.5,0,0,10
2016,641820,95,14.6,30,50,10
2016,607345,92.4,6.1,0,50,10
2016,643327,84.3,-5,0,20,10
2016,548337,78.4,-16.4,0,10,10
2016,467100,87.3,8.1,0,20,10
2016,430580,78,-25.3,0,10,10
2016,489119,86.3,-26.9,0,20,10
2016,621052,82.3,-3.9,0,0,10
2016,623182,85.7,10.4,10,20,10
2016,468504,77.7,23.6,0,11.1,9
2016,643230,91,5.6,0,22.2,9
2016,477195,85.4,0.7,0,33.3,9
2016,596133,84.5,-11.5,0,33.3,9
2016,543424,82.4,-13,0,0,9
2016,456701,77.4,-22.3,0,0,9
2016,622072,79.9,-4.4,0,11.1,9
2016,607231,83.9,-19.2,0,22.2,9
2016,628452,79.1,-10,0,11.1,9
2016,596112,84,2,0,0,8
2016,285064,90,-1,0,12.5,8
2016,570481,86.9,-0.2,0,37.5,8
2016,501888,89.2,4.3,0,37.5,8
2016,607229,NA,NA,0,0,8
2016,518625,93.2,13.4,0,50,8
2016,545358,82.7,-11.2,0,0,8
2016,547007,87.6,-8.9,0,25,8
2016,595751,75.2,-4,0,12.5,8
2016,457918,86.3,32.4,0,0,7
2016,595001,90.9,1.9,0,28.6,7
2016,571918,85.3,7.1,0,28.6,7
2016,656546,93.8,-11.9,0,42.9,7
2016,642003,66.9,-7.2,0,0,7
2016,430935,88,21.5,0,0,7
2016,625643,82.6,-9.2,0,14.3,7
2016,435221,78.7,-13.4,0,0,7
2016,453895,81,26.3,0,14.3,7
2016,660162,89.6,-0.5,0,28.6,7
2016,600869,92.1,6.4,0,33.3,6
2016,596129,79.9,-6.5,0,16.7,6
2016,543521,82.7,-4.9,0,0,6
2016,543557,88.4,-16.1,0,33.3,6
2016,573186,88.5,4.8,0,16.7,6
2016,450729,87.2,-4.6,0,16.7,6
2016,449173,83,-6.9,0,16.7,6
2016,553988,77.3,4.3,0,33.3,6
2016,502239,73.4,0.6,0,0,6
2016,475243,83.2,29.2,0,16.7,6
2016,608336,85.8,37.6,16.7,16.7,6
2016,434604,82.8,13.2,0,16.7,6
2016,547004,93.7,13.2,20,40,5
2016,542583,82.4,-18.2,20,40,5
2016,433589,84.9,-22.8,0,0,5
2016,518991,66.3,3.5,0,0,5
2016,578570,84.7,10.8,0,40,5
2016,433587,82.9,-20.7,0,0,5
2016,518633,85.2,-4.8,0,0,5
2016,518577,79.3,7.1,0,0,5
2016,608566,75.7,35.3,0,0,5
2016,519085,84.4,-28.1,0,20,5
2016,608672,95.8,10.2,0,60,5
2016,450308,68.3,-24.1,0,0,5
2016,608337,85.4,-4.9,0,20,5
2016,476633,97.7,19.1,40,80,5
2016,594742,77.5,-3,0,0,5
2016,628329,99.8,5.1,20,80,5
2016,543380,73.3,-13.3,0,0,4
2016,543475,83.3,12.8,0,25,4
2016,608325,88.6,9.2,0,50,4
2016,519242,83,-18.5,0,0,4
2016,519144,71.9,-8.2,0,0,4
2016,570714,66.8,8.6,0,0,4
2016,572788,98.2,25.2,25,50,4
2016,592717,93.1,-16.6,0,50,4
2016,595918,82.8,-7.3,0,0,4
2016,502042,89.4,7.3,0,0,4
2016,458708,88.1,6.3,0,0,4
2016,451596,88.8,7.8,0,25,4
2016,450203,91.6,7.6,0,0,4
2016,448179,73.2,-23.1,0,0,4
2016,621389,82.1,-13.7,0,25,4
2016,642229,85.1,9.8,0,0,4
2016,542992,84.8,21.8,0,25,4
2016,607257,77,-7.8,0,0,4
2016,543272,87.1,17.6,25,25,4
2016,607192,93.8,-7,0,66.7,3
2016,605222,85.9,-33.5,0,0,3
2016,595025,93.2,1.9,0,66.7,3
2016,592254,92.2,-14.1,0,0,3
2016,645848,84.2,27.4,0,33.3,3
2016,429722,77.2,-14.3,0,0,3
2016,548357,71.1,-36.7,0,0,3
2016,424144,89.3,9.8,0,0,3
2016,596043,80.7,19.2,0,33.3,3
2016,519455,94.7,6.1,0,33.3,3
2016,518716,80.7,30.8,0,0,3
2016,547179,97,22.5,33.3,66.7,3
2016,527048,92.3,-21.4,0,0,3
2016,534606,90,-0.1,0,0,3
2016,446372,99.6,8.1,0,33.3,3
2016,593679,86.6,-7.4,0,0,3
2016,553869,75.3,8.9,0,0,3
2016,434671,62.1,-14.7,0,0,3
2016,543901,72.7,-29.9,0,0,3
2016,592779,90.5,-5.1,0,33.3,3
2016,572362,87.3,12.1,0,0,3
2016,434622,83,13.5,0,33.3,3
2016,543606,90.5,-7.6,0,33.3,3
2016,501255,81.7,22.4,0,0,3
2016,621121,90.1,10.5,0,33.3,3
2016,501822,82.2,-19,0,33.3,3
2016,621209,104.5,4.9,0,33.3,3
2016,434378,81.1,15.1,0,0,3
2016,608665,89,-14,0,0,2
2016,506433,101,4.2,50,100,2
2016,519301,84.4,0.3,0,0,2
2016,543308,99.7,-1.9,0,100,2
2016,542674,92.7,-15,0,50,2
2016,605253,87.1,0.5,0,0,2
2016,605182,60.2,-8.1,0,0,2
2016,547874,82.9,-20.7,0,0,2
2016,543548,99,3.7,0,50,2
2016,282332,NA,NA,0,0,2
2016,572888,80.7,6.4,0,0,2
2016,543391,76.8,-25.2,0,0,2
2016,543135,82.9,-20.7,0,0,2
2016,605508,82.3,-14.1,0,50,2
2016,656941,101.6,3.1,0,100,2
2016,279571,80,69,0,0,2
2016,596057,103.1,-1.1,0,100,2
2016,502009,88,25.8,0,50,2
2016,606160,90,0.2,0,0,2
2016,594943,78.8,-14.4,0,0,2
2016,502211,88.6,-10.8,0,0,2
2016,517414,82.7,-12.5,0,0,2
2016,502327,86.3,3.2,0,50,2
2016,449168,96.7,6.3,0,50,2
2016,462136,75.1,40.4,0,0,2
2016,467055,80.7,37.6,0,0,2
2016,488810,66.4,41.7,0,0,2
2016,571863,NA,NA,0,0,2
2016,517448,72.7,-7.7,0,0,2
2016,570639,92.2,1.4,0,0,2
2016,502457,86.7,-28.9,0,0,2
2016,592767,83.8,11.2,0,50,2
2016,517593,83.3,67.1,0,0,2
2016,553883,88.3,-6.8,0,0,2
2016,502043,84.7,-0.9,0,0,2
2016,456034,65.6,-12.2,0,0,2
2016,519168,89.4,18.5,50,50,2
2016,501697,91.2,34.3,0,50,2
2016,519263,80,69,0,0,2
2016,450172,94.1,-9.8,0,50,2
2016,445060,89.1,2.6,0,50,2
2016,544928,89.1,-16.2,0,50,2
2016,605304,104.9,0.9,0,50,2
2016,543243,88.2,-24.1,0,0,2
2016,572971,81.9,-34.5,0,0,2
2016,501992,71,-26.7,0,0,1
2016,500779,71.2,-18.1,0,0,1
2016,491708,99.9,-10.1,0,100,1
2016,605164,82.9,-20.7,0,0,1
2016,605397,NA,NA,0,0,1
2016,476589,NA,NA,0,0,1
2016,594951,82.9,-20.7,0,0,1
2016,605483,68.8,-36.6,0,0,1
2016,474463,87.8,-12.2,0,0,1
2016,472610,NA,NA,0,0,1
2016,605894,NA,NA,0,0,1
2016,471822,51,-7.7,0,0,1
2016,458913,107.9,12.5,0,100,1
2016,607074,NA,NA,0,0,1
2016,467008,78,-30,0,0,1
2016,502706,80,-34.1,0,0,1
2016,460283,89.8,3.2,0,0,1
2016,458678,NA,NA,0,0,1
2016,458006,95.7,20,0,100,1
2016,456071,NA,NA,0,0,1
2016,453646,NA,NA,0,0,1
2016,607259,71.2,-14.8,0,0,1
2016,607359,82.9,-20.7,0,0,1
2016,607374,88.4,35.3,0,0,1
2016,453265,NA,NA,0,0,1
2016,453214,59.2,18.5,0,0,1
2016,453178,85.5,-8.5,0,0,1
2016,592274,84,-5.8,0,0,1
2016,543456,66.9,-52.3,0,0,1
2016,608648,NA,NA,0,0,1
2016,518567,NA,NA,0,0,1
2016,608717,67.8,-6.3,0,0,1
2016,518715,97.8,4.1,0,100,1
2016,608718,100.2,-26.5,0,100,1
2016,446321,NA,NA,0,0,1
2016,623166,93.8,1.5,0,0,1
2016,621199,NA,NA,0,0,1
2016,572102,72.4,-11.4,0,0,1
2016,621242,NA,NA,0,0,1
2016,571882,70,-19.9,0,0,1
2016,621244,95,-10.8,0,100,1
2016,621281,93.2,5.5,0,0,1
2016,542882,79.3,-25.2,0,0,1
2016,571871,73.2,10.6,0,0,1
2016,518883,44.1,-68.9,0,0,1
2016,433584,77,-39.9,0,0,1
2016,432934,82.9,-20.7,0,0,1
2016,571710,76.3,-1.7,0,0,1
2016,570663,NA,NA,0,0,1
2016,570649,79,14.7,0,0,1
2016,640455,NA,NA,0,0,1
2016,430661,89.2,-32.1,0,0,1
2016,430641,78.7,8,0,0,1
2016,429780,87.7,-15,0,0,1
2016,425856,61.2,-52.5,0,0,1
2016,642239,98.4,-20.6,0,100,1
2016,425532,80,69,0,0,1
2016,407908,88.6,34.3,0,0,1
2016,643297,73.1,3.2,0,0,1
2016,547943,82.9,-20.7,0,0,1
2016,571602,79.8,14.6,0,0,1
2016,592647,103.7,-12.5,0,100,1
2016,520980,103.7,59.5,0,100,1
2016,446192,85.1,58.3,0,0,1
2016,546276,82.9,-20.7,0,0,1
2016,545333,NA,NA,0,0,1
2016,500887,91.2,23,0,0,1
2016,533167,82.9,-20.7,0,0,1
2016,502374,NA,NA,0,0,1
2016,543859,82.9,-20.7,0,0,1
2016,543746,87.9,35.7,0,0,1
2016,518911,82.9,-10.9,0,0,1
2016,501936,80,-44.2,0,0,1
2016,501625,82.9,-20.7,0,0,1
2016,501957,NA,NA,0,0,1
2017,542255,82.8,10.2,0.5,13.1,575
2017,596019,89.1,14.6,7.1,35.9,566
2017,543829,81.6,2.4,0.2,11.2,566
2017,605141,88.4,14.3,4.5,37.9,554
2017,466320,88.3,8.9,3.8,35.1,554
2017,462101,86.5,7.6,4.2,31.3,547
2017,592743,86.1,7.8,2.5,28.7,530
2017,518934,89.3,3.3,1.9,41.4,527
2017,592518,91.3,13.6,10.5,47.5,524
2017,608070,88.2,15,5,34.7,521
2017,446334,86.7,12.7,5.2,32.4,516
2017,453568,87.3,13.4,8.7,36.4,515
2017,514888,86.1,9.7,6.7,28.1,511
2017,429664,90.3,7.5,6.3,44,510
2017,444876,84,14,2.2,21,508
2017,593160,87.6,16.4,5.1,29.6,507
2017,571448,88.8,17.6,8.5,37.9,507
2017,547989,90.6,11.1,9.5,45.2,506
2017,405395,88.7,13.5,5.4,39.2,504
2017,520471,86.3,15.2,2.4,23.5,503
2017,408252,84.6,8.2,2.4,25.1,502
2017,543333,89.8,3.9,7,39.4,501
2017,607680,86,13,3.4,29.1,498
2017,430945,86.9,11.9,6.4,31.1,488
2017,570731,87.8,13,7,37.2,487
2017,456715,89.1,10.2,3.5,35.6,486
2017,519203,88.4,15.5,9.3,39.1,486
2017,455976,88.3,8.8,3.3,34.7,486
2017,596748,88.8,11.5,6,36.2,485
2017,458015,87.5,14.1,9.1,32.8,482
2017,458731,86.4,10.3,3.8,31,480
2017,467793,88.6,13,7.5,38.6,479
2017,572821,87.9,16.7,8.4,34.7,478
2017,592206,89.1,14.2,10.7,42,477
2017,572122,88.3,21,8.6,33.9,474
2017,493329,89.9,10.4,3.4,43.5,473
2017,542303,90.9,10.2,9.3,45.6,471
2017,544369,84.5,17.7,3.6,20.9,471
2017,592885,90.6,4.6,7,45.8,471
2017,476704,89.1,18.7,6,37.7,470
2017,643217,87.5,14.7,5.5,33.4,470
2017,605412,85,11.4,2.6,23.9,468
2017,608324,87.6,16.4,4.7,34.3,467
2017,519058,87.4,18.2,8.6,33.8,467
2017,435079,86.3,19.5,4.9,30.1,465
2017,502517,89.6,17.3,4.8,41.8,460
2017,457705,88.4,14.2,7.7,38.9,457
2017,593428,87.3,8.1,1.3,30.2,457
2017,571740,80.5,10.2,0.4,11.7,456
2017,596059,89.1,15.9,6,36.6,449
2017,592696,87.2,13.3,7.4,31.8,448
2017,408045,90.6,6.2,4.5,46.3,445
2017,516416,87.6,6.7,3.2,34.5,442
2017,594777,88.3,12.3,5.7,35.5,441
2017,543807,89.2,9.3,9.3,43.2,441
2017,572816,87.2,13.9,7.5,31.7,438
2017,519317,92,11.2,17.4,45.6,437
2017,425877,87.9,14.5,5.9,35,437
2017,605137,87.6,8.6,6.4,34.3,436
2017,592387,88.3,12.8,7.6,40.4,436
2017,475253,89.6,17.1,13.6,43,434
2017,444482,88,4.2,4.1,35.4,434
2017,457763,88.7,11.6,3.5,34.8,433
2017,543685,89.8,18.3,6.5,38.4,432
2017,452655,85.3,11,3.3,25.1,430
2017,608577,89,11.3,6.5,37.1,430
2017,408314,84.3,15.8,2.6,24.2,430
2017,592663,88.2,10.1,6.3,35.5,429
2017,434778,91.1,9.5,10,46.6,428
2017,594807,87.3,21.1,8.9,32.6,428
2017,641313,85.6,8,5.1,31.1,428
2017,592178,87,17,9.6,36.6,427
2017,429665,89.2,16.8,10.3,42.5,426
2017,430832,88.3,17,6.6,35.6,424
2017,593871,85,16.3,2.6,25.8,423
2017,443558,93.2,12.4,14.2,48.3,423
2017,606299,82.8,11.2,1.7,20,421
2017,457803,88.4,18.4,10.5,38.8,419
2017,425783,88.7,7.9,8.6,37.8,418
2017,502210,87.7,17.8,3.8,31.6,418
2017,474568,85.8,9.1,3.1,32.4,416
2017,456488,86.4,6.3,1.7,32.4,416
2017,502671,91.5,11.6,13.3,47.5,415
2017,543063,87.5,11.3,5.8,33.5,414
2017,444432,89.8,12.7,7.1,38.5,411
2017,606115,85.7,6.8,3.9,27.6,411
2017,608369,89.7,11.1,8.5,44.3,411
2017,457759,89.4,18.5,8.6,38.6,409
2017,500208,85.4,14.7,3.9,27.6,409
2017,541645,90.3,7.6,8.8,40.8,408
2017,641820,88.6,7.1,10,41.2,408
2017,514917,85.7,4.5,2.9,29.7,408
2017,624577,88.5,10.4,9.4,37.6,404
2017,543768,88.6,14.9,7.4,39.4,404
2017,475582,91.4,8.3,12.2,49.1,403
2017,578428,82.9,8.7,1.2,21.1,402
2017,452678,87.2,12,4.7,33.5,402
2017,546318,87.2,9.7,6.2,32.3,402
2017,596146,88.7,13.2,4,36.7,401
2017,543281,84.9,16.5,2.7,24.1,401
2017,452254,89,4.2,5.8,37.6,395
2017,571976,89.4,15.4,9.1,44.6,394
2017,519048,89.3,11.6,12,36.4,393
2017,553993,86.2,14.8,6.9,32.1,392
2017,592325,86.3,10.9,4.1,29.3,391
2017,571875,88.3,12.2,9.3,36.3,389
2017,452104,87.2,11.7,4.6,33.2,388
2017,622534,85.3,10.4,2.6,29.3,386
2017,570560,84.8,10.4,3.4,24.6,384
2017,521692,88.7,18.7,9.4,38.9,381
2017,434670,88.5,12.6,9.5,38.4,380
2017,572761,89.7,22.8,8.2,37,379
2017,457708,88.8,15.7,13.2,41.3,378
2017,501981,92.2,14.2,17.7,52.4,378
2017,518960,85,7.8,2.4,24.3,376
2017,621035,87.1,12.2,8,34.1,373
2017,621020,86.9,8.3,3,32.5,372
2017,136860,87.3,13.4,4.6,31,371
2017,450314,87.2,9.3,4.6,32.2,369
2017,518792,86.6,11.4,4.1,31.3,369
2017,571830,89.3,14.1,7.3,40.3,369
2017,542921,88.4,8.5,9.5,40.7,368
2017,489149,88.6,17.6,12.8,42.3,366
2017,456030,85.2,10.5,1.1,21.1,364
2017,446359,85.8,14.8,4.4,28.9,364
2017,500871,86.5,17.8,8.3,30.6,363
2017,459964,88.2,15.1,8.8,34.4,363
2017,408234,91.1,12.4,10.5,48.2,362
2017,503556,88.7,11.7,6.6,36.6,361
2017,598265,88.3,9.5,7.5,40,360
2017,541650,84.9,10.3,3.1,27.6,359
2017,471865,87.5,6.2,5.9,37,357
2017,460086,86.3,13.8,4.5,31.3,356
2017,596142,90.8,13.1,11.8,42.9,355
2017,453943,87.5,20.3,9.6,30.3,354
2017,572041,88.1,8.5,5.6,38.4,354
2017,516770,87.4,6.9,4.5,36.5,353
2017,594988,89.1,11.6,10.2,40.8,353
2017,624428,85.8,9.2,2,24.2,353
2017,570267,89.2,10.5,9.4,40.4,350
2017,571697,86.4,13.2,6.6,35.3,349
2017,448602,87.2,11.8,8.3,35.9,348
2017,519306,88.8,11.7,11.5,38.6,347
2017,518692,89.7,16,13.3,42.7,347
2017,592273,88.2,7.7,4.9,38.7,344
2017,461314,88.3,8.4,9.4,38.8,340
2017,592450,95,15.8,25.7,54.7,338
2017,641355,90.8,17.5,12.2,45.7,337
2017,502143,88.2,8.9,5.7,37.5,336
2017,467827,86,8.3,2.1,29.7,334
2017,621043,90.5,9.3,9.3,44.9,334
2017,595879,87.9,10.1,8.4,36,333
2017,607208,89.1,7.1,5.4,39.2,333
2017,475174,89.2,19.4,9.9,41.1,333
2017,572365,86.2,9.9,3,29.4,332
2017,502054,89.6,6.9,9.3,43.7,332
2017,446308,85.7,12.4,3.9,29.3,332
2017,400121,88.7,13.3,5.4,34.5,331
2017,434158,87.7,20.2,10.9,34.4,329
2017,576397,86.4,15.5,7.9,31.5,328
2017,628338,84.6,10.2,1.5,22.8,324
2017,547180,91.1,14.1,11.4,42.6,324
2017,451594,88.5,13.1,6.5,36.9,323
2017,570256,86.5,13.1,3.8,30.6,320
2017,455117,85.4,12.9,5.6,31.3,319
2017,605486,87.1,9.9,4.4,29,319
2017,621439,88.1,15.2,5.6,32,319
2017,545361,88.8,18,13.3,39.9,316
2017,501896,88.9,3.1,6.4,42.9,314
2017,596115,89.4,19.2,10.5,38.3,313
2017,518618,85.9,16.7,5.8,32.7,312
2017,518735,88.2,12.6,7.4,38.8,312
2017,435522,85.9,17,4.8,31.3,311
2017,571466,86.2,9.7,2.3,25.6,310
2017,502110,91,15.4,19.5,49.3,308
2017,460075,89.9,7.7,8.4,44,308
2017,543257,86.4,12.2,2.9,26.8,307
2017,519346,88.2,12.8,11.1,39.3,306
2017,518626,90.9,14.1,14.1,44.9,306
2017,592669,88,15.3,11.1,34.1,306
2017,445055,85.7,10.3,0.7,22.7,304
2017,457727,87.2,4.6,3.3,32.7,303
2017,488862,89,2.3,5,39.1,299
2017,493114,86.1,4.5,1,24.8,298
2017,543939,86.4,9.7,3,28.9,298
2017,502481,82.4,9.5,1.7,18.5,297
2017,435263,87.6,14.5,5.4,33.8,296
2017,453056,85.6,10,2.7,25.4,295
2017,657557,86.6,18.1,9.2,40.1,294
2017,134181,86.7,12.5,5.8,32.5,294
2017,488726,88.4,9.9,4.1,36.1,292
2017,518595,88,13.5,6.5,35.7,292
2017,446263,90.3,19.2,12.1,43.8,290
2017,527038,87.5,17,5.9,33.9,288
2017,571506,89.2,9.7,10.8,40.4,286
2017,595281,86.9,8.1,5.2,30.5,286
2017,592261,83.6,11.5,2.8,21.9,284
2017,575929,88.2,7.1,10.3,35.9,282
2017,545341,89,16.2,16,41.4,281
2017,591720,81.5,8.8,0.7,13.2,281
2017,572008,86.6,12.4,3.6,27.6,281
2017,430947,82.7,7.5,1.8,15.8,281
2017,474832,89.3,22,11.1,40.6,279
2017,446381,82.7,11.7,0.4,12.2,278
2017,571745,87.7,10.9,6.1,35.4,277
2017,542340,88.3,3.1,5.5,34.2,274
2017,656941,89.6,18.6,15.1,41.5,272
2017,543401,86.2,17.5,4.8,31.6,272
2017,543484,88.4,10.2,5.5,38,271
2017,571437,89.3,11.2,10.4,42.8,269
2017,595978,87.8,17.8,6.7,34.3,269
2017,519184,82.7,4.5,0.4,13.1,268
2017,543510,87.2,15.7,7.9,34.1,267
2017,588751,87.8,9.8,3,34.6,267
2017,593528,87.6,14.7,9,39.6,267
2017,594694,84.5,6.7,2.3,26.1,266
2017,435063,88.3,22.2,15.8,41.5,265
2017,448801,90.1,15,12.8,45.5,265
2017,572191,87.5,12.4,9.8,38.3,265
2017,407812,89.9,11.8,10.2,44.3,264
2017,624424,89.1,13.7,12.2,43.4,262
2017,608365,88,14.8,5.7,35.2,261
2017,543877,85.2,8,2.7,22.2,261
2017,543760,87.1,17.2,4.6,30,261
2017,435622,87.6,0,2.7,31.3,258
2017,523253,88.9,12.1,3.9,34.4,257
2017,518614,87.2,13,5.1,29.2,257
2017,572039,86.1,10.3,6.6,34.9,257
2017,571431,88.9,15.9,10.6,40.3,255
2017,461865,83.7,7.9,1.6,26.7,255
2017,400284,86.9,11,4.3,28.5,255
2017,444489,87.1,17.6,3.9,29.8,255
2017,434658,86,11.3,2.4,24.8,255
2017,571602,89,17.7,15.4,41.7,254
2017,594828,88,17.4,5.5,35.7,253
2017,608336,93.3,23,22.1,52.2,253
2017,452234,89.8,9.9,7.1,40.9,252
2017,593934,92.3,13.1,15.9,47,252
2017,546991,87.2,8.6,4,32.3,251
2017,488771,87.2,13.2,6.8,32,250
2017,460576,88.6,15.9,8.8,34.9,249
2017,456665,87.2,13.8,6.9,35.9,248
2017,516782,83.2,9.3,5.6,29.2,248
2017,649557,85.7,12,2.8,24.2,246
2017,472528,87.5,17.2,11,33.3,246
2017,543068,88.9,18.2,10.2,38.6,246
2017,456078,89.4,14.4,10.2,44.3,246
2017,543228,86.4,16.2,5.7,32.7,245
2017,517369,89.3,6,4.5,39.1,244
2017,500743,83.8,9.3,0,22.7,243
2017,542979,87.2,10.3,11.6,34.9,241
2017,664023,88.5,13.3,13.3,39.4,241
2017,491676,85.2,9.3,1.7,26.1,241
2017,435559,87.2,18.6,7.1,34.5,240
2017,543305,86.7,11.7,7.5,32.5,240
2017,435062,87.5,1.2,7.9,34,239
2017,452095,89.6,11.2,6.3,40.1,237
2017,641319,84.5,14.3,1.7,18.8,237
2017,461235,89.6,17.8,14.8,41.9,236
2017,544725,85.2,4,4.2,28.4,236
2017,607345,85.7,5.2,3.4,28.9,235
2017,543543,89.3,11.1,6,38.4,232
2017,493316,90.1,18.9,11.2,44.6,232
2017,572287,90.3,20.5,14.5,46.9,228
2017,452252,90.7,10.7,8.4,45,226
2017,519390,85.4,17.4,6.6,30.1,226
2017,431145,88.3,6.9,7.1,37.9,225
2017,571771,88.5,13.6,7.2,36.5,221
2017,457706,88.9,10.5,5,34.2,220
2017,608384,88.1,7.8,7.7,41.4,220
2017,485567,84.8,5.4,4.1,27.3,217
2017,500874,90.9,11.3,10.7,45.3,215
2017,519299,84.7,13.9,1.4,22.6,213
2017,553882,83.6,11.9,0,18.6,211
2017,460026,88.6,13.1,8.1,41,210
2017,467055,89.4,10.9,6.7,37.5,209
2017,429666,87,9.2,2.9,31.1,207
2017,592626,90.1,10.2,8.7,41.7,206
2017,605548,89.1,8.2,8.9,39.9,203
2017,453064,86.4,9.2,5,33.7,202
2017,506702,83.7,15.2,2.5,24.9,201
2017,465041,87.5,6.6,4.5,31.8,201
2017,572073,83.3,15.4,1.5,20.9,201
2017,656305,90.1,19.9,12,39.5,200
2017,501571,86,8.6,2,32.7,199
2017,502100,85.5,9.7,1,23.7,199
2017,605480,81.2,7,1.5,16.8,197
2017,489267,87.7,17.3,3,33.2,197
2017,600301,87.3,12.5,4.1,32.7,197
2017,461858,87.9,11.8,4.1,38.5,196
2017,622666,88.1,9.5,4.7,35.8,193
2017,488671,91,12.4,15,50.8,193
2017,640461,89.4,12.3,11.4,43,193
2017,641553,83.2,14.7,3.6,22.4,192
2017,408236,87.4,14.1,3.6,30.7,192
2017,444379,85.8,19.1,7.9,30.4,191
2017,455759,85.1,16,4.2,30.9,189
2017,542583,89.1,11.8,11.2,42.8,188
2017,606466,87.5,7.9,2.7,34.6,188
2017,573135,84.9,13.2,0.5,25,188
2017,502082,86.3,16.6,10.2,36.9,187
2017,455104,87.9,15.6,9.1,36.6,186
2017,455139,87.6,17.7,11.3,38.3,186
2017,595375,85.7,6.4,3.2,28.6,185
2017,571718,87.9,14.5,9.2,35.7,185
2017,608061,84.4,14.4,2.2,24.9,185
2017,645277,87.3,15.9,4.9,26.6,184
2017,150029,88.1,14.2,8.2,40.7,184
2017,543376,84.4,10,6,30.9,183
2017,594824,84.3,9.3,0.5,24.9,183
2017,519237,88.6,8.4,9.9,41.2,182
2017,519222,86.6,7.9,1.7,36.2,177
2017,547172,83.8,5.8,0.6,18.8,176
2017,591741,87.2,7.2,4.5,31.8,176
2017,467092,86,5.9,8.6,36.6,175
2017,605131,88.2,9.5,5.7,36.8,175
2017,593700,84,10.7,1.8,26.9,169
2017,547957,88.7,9.7,3.6,36.3,168
2017,453923,86,13.8,3,23.5,166
2017,573627,86.3,11.3,9.1,30.9,165
2017,646240,89.7,8.6,8.5,44.2,165
2017,459431,85.9,11.9,6.7,32.1,163
2017,400085,80.1,5,0.6,11.8,162
2017,543302,89.1,10.3,7.5,37.3,160
2017,457787,87.4,13.5,6.9,28.7,160
2017,622194,88.6,7.3,2.5,39.9,159
2017,519333,83.8,17.3,1.3,19.6,155
2017,605509,83.3,6.6,0.7,15.7,153
2017,553869,86.4,6.4,2,36.7,151
2017,611177,87.4,6.3,3.3,34,151
2017,547379,86.2,6.8,6.6,39.1,151
2017,642707,82.3,9.8,2,21.2,151
2017,581527,87.6,13.9,6.7,34,150
2017,425784,87.3,15.2,10.7,36,150
2017,621002,85.8,8.3,3.4,30.4,148
2017,491696,86.5,14.7,4.1,32,147
2017,537953,87.3,10.9,4.8,30.6,147
2017,501303,84.5,14.7,2.1,22.9,144
2017,545350,88.2,18.4,11.9,35,143
2017,460060,86.3,15.1,1.4,24.6,142
2017,471083,85.2,14.4,5,25.2,140
2017,607054,86.8,5.5,5,33.8,139
2017,553988,84.7,5,2.2,27.5,138
2017,488721,85.7,7.2,3.6,26.5,137
2017,489138,88,17.8,8.1,33.1,136
2017,570482,87.4,9.5,1.5,27.4,135
2017,519083,87.7,20,5.2,34.1,135
2017,642162,85.4,17.2,6.7,29.6,135
2017,506560,84.1,9.7,0.8,16.8,131
2017,621566,92.6,17.8,16.3,48.8,129
2017,501659,88,4.4,6.3,36.7,128
2017,542454,87.5,5,4.7,32.3,128
2017,605113,84.7,9.9,2.3,24.2,128
2017,460269,86.1,15.6,3.1,31.3,128
2017,656555,90.9,18.4,13.5,45.2,126
2017,425772,87,12.3,1.6,23.8,126
2017,446386,84.8,15.1,2.4,23,126
2017,606132,81,13.2,1.6,12.9,125
2017,660162,88.5,12.3,9.6,35.2,125
2017,572033,85.2,19.4,5.6,29.8,124
2017,460077,85.1,18.6,0,24.6,123
2017,543308,85.7,8,8.9,32.5,123
2017,650490,91.6,0.5,3.3,50.8,122
2017,607043,89.2,10,6.7,37.5,120
2017,642086,89.7,9.8,8.4,42,119
2017,445988,86.7,6.9,1.7,32.8,119
2017,592192,88.1,19.8,5.9,33.9,118
2017,623182,86.6,10.4,7.6,32.2,118
2017,542908,84.9,16.4,4.2,23.3,118
2017,630111,91.4,9.1,11.1,49.1,117
2017,595284,88.9,4.6,2.6,40.2,117
2017,642708,84.3,7.2,2.6,25,116
2017,454560,86,11.5,2.6,31,116
2017,571918,86.9,4.4,2.6,26.5,115
2017,592620,86.7,10.2,10.7,30.4,112
2017,547004,88,4.1,6.3,35.7,112
2017,455755,84.5,10.1,0,16.7,112
2017,474892,89.8,22.2,11.8,38.5,110
2017,547170,83.6,12.3,5.5,26.4,110
2017,600303,87.5,14,2.8,29.4,109
2017,571788,83.7,5,0,15,108
2017,446653,85,9.8,5.6,31.5,108
2017,595885,90.1,20.7,8.4,41,107
2017,595144,87.1,7.2,1.9,29.5,106
2017,596144,85.8,12,2.9,28.6,105
2017,519023,83.4,17.4,5.8,26.9,104
2017,571681,83,9.4,2.9,23.5,102
2017,514913,85.7,14.5,1,26.5,99
2017,518466,87.3,14.8,10.1,37.8,99
2017,608385,88,8.1,7.1,32.7,98
2017,433217,84.4,8.8,3.1,23.5,98
2017,624507,85.9,17.5,4.1,25,98
2017,516949,86.6,19.6,7.2,27.1,97
2017,600869,86.7,13,4.1,33,97
2017,572114,86.1,29.8,16.5,30.9,97
2017,607385,89.9,14.8,6.3,37.5,96
2017,571912,83.3,11.8,4.2,20.8,96
2017,620443,86.4,5.4,1,29.2,96
2017,542513,83.7,7.6,1.1,17.9,95
2017,547982,86.7,12.7,4.2,31.6,95
2017,527043,85.2,8.7,4.3,27.7,94
2017,624414,87.4,4.2,3.2,30.4,94
2017,640449,88.7,13.8,12,40.2,92
2017,605233,89,5.2,5.4,39.1,92
2017,621471,85.8,11.4,2.2,18.9,90
2017,434563,87.7,12,5.6,37.1,89
2017,596103,87.5,1.6,3.4,31.8,88
2017,643335,84.1,7.6,0,22.1,86
2017,545338,83.6,7.2,2.4,31,84
2017,608700,87.1,8.8,3.6,33.3,84
2017,572228,90.9,11.2,9.6,43.4,83
2017,458913,85.3,3.3,1.2,30,82
2017,502226,85.9,10.2,4.9,24.7,81
2017,592808,85.7,7.4,7.5,30.4,80
2017,621559,84.8,15.2,5.1,21.5,79
2017,543706,84.3,-2.4,0,19.2,78
2017,607387,84.9,11.7,9,32.1,78
2017,591994,87.7,10.2,3.9,31.2,77
2017,458675,89.1,15.2,15.6,44.2,77
2017,452672,83.4,2.9,1.3,18.2,77
2017,452220,88.1,20.5,2.6,23.4,77
2017,608703,86.4,8.3,2.6,32.5,77
2017,572863,83.5,21.9,2.6,21.1,77
2017,592710,87.2,1.6,1.3,27.6,76
2017,592444,86,9.1,7.9,35.5,76
2017,592230,85.5,6.6,5.3,30.3,76
2017,446481,86.6,13.2,3.9,27.6,76
2017,570481,88.4,3.7,9.3,41.3,75
2017,449107,82.4,12.4,0,14.9,74
2017,572669,86.2,14.5,13.5,39.2,74
2017,595751,88.1,8.2,9.5,36.5,74
2017,594809,87.1,7.8,4.1,34.7,74
2017,492802,81.2,6.7,0,15.3,73
2017,543216,84.9,10.7,2.8,21.4,71
2017,571841,83.9,13.4,2.8,16.9,71
2017,608701,85.5,6,4.2,32.9,71
2017,570489,82.9,7.1,2.9,20.6,68
2017,573088,88.2,7.1,1.5,38.8,67
2017,449181,87.9,12.1,4.5,31.8,66
2017,592685,87.3,14.3,13.8,35.4,65
2017,642156,87,15.3,3.2,24.2,62
2017,593527,79,11.2,0,11.3,62
2017,664056,87.1,9.5,9.7,37.1,62
2017,624585,89,19.6,6.6,34.4,61
2017,451089,85.8,14.3,8.5,30.5,59
2017,608325,80.5,16.2,1.7,17.2,58
2017,608348,81.9,5.6,0,31,58
2017,656669,86.7,17.2,5.3,29.8,57
2017,605119,87.7,8.5,5.3,38.6,57
2017,285079,72.5,0.6,0,0,56
2017,451192,89.6,7.5,7.1,42.9,56
2017,595426,87.5,14.2,5.4,25,56
2017,431094,86.3,23.3,3.6,25,56
2017,458085,85.5,10.6,0,29.1,55
2017,621433,86.5,13.5,9.3,31.5,54
2017,527054,83.6,-4.5,0,9.4,53
2017,594798,84.5,9.5,0,18.9,53
2017,606192,87.1,19.9,17,35.8,53
2017,518700,83.4,5.4,1.9,17,53
2017,607752,88.4,7.8,0,37.7,53
2017,502317,85,13.4,5.8,24.5,52
2017,453286,83,-4.7,1.9,19.2,52
2017,457477,85.9,13.2,0,27.5,51
2017,592419,82.7,10.2,0,20,50
2017,468504,82.1,5.9,0,14.3,50
2017,592592,85.5,13.1,0,28,50
2017,608671,88.5,1.5,0,19.1,49
2017,425844,89.4,8.5,0,38.8,49
2017,614173,90.9,10.3,14.3,36.7,49
2017,641487,83.4,18.6,0,22.4,49
2017,593372,81.7,-6.5,0,8.3,48
2017,506703,90.7,7.6,4.2,46.8,48
2017,430001,89.1,16.2,6.3,39.6,48
2017,605200,80,6,0,4.3,47
2017,643603,88.9,20.8,13,32.6,46
2017,605170,85.1,1.9,4.3,35.6,46
2017,543037,83.2,4.5,0,10.9,46
2017,642423,83.4,2.8,0,8.9,46
2017,595777,85.2,14.1,2.2,26.1,46
2017,669720,84.8,8.3,2.2,28.9,45
2017,640447,84.9,16.1,6.8,18.2,44
2017,544931,85.2,-0.8,4.5,27.9,44
2017,448605,84.8,17.6,4.5,25,44
2017,593523,84.7,8.3,0,25.6,43
2017,607776,82.8,8,4.7,30.2,43
2017,605204,88.9,0.7,14,44.2,43
2017,461829,73.1,9.3,0,2.4,42
2017,502188,82.3,-0.6,4.8,16.7,42
2017,518568,84.3,4.5,0,21.4,42
2017,477132,81.6,0,0,7.5,42
2017,425509,86.1,12.4,0,35,41
2017,518542,84.2,10.8,2.4,24.4,41
2017,502273,85.9,10.7,0,24.4,41
2017,620446,86.7,11.2,4.9,29.3,41
2017,628317,76.5,1.3,0,4.9,41
2017,429711,86.2,0.2,5,43.6,40
2017,519068,92.3,8.2,10,55,40
2017,624407,83.9,11.2,2.5,35,40
2017,430605,82.8,9.7,5,32.5,40
2017,543699,82.8,-0.9,0,10,40
2017,664057,84.7,1.6,0,30.8,39
2017,642180,84.7,7.5,0,28.2,39
2017,596143,81.1,0.1,0,7.9,38
2017,488818,81.2,8.9,2.6,16.2,38
2017,620439,88.1,23.6,5.3,39.5,38
2017,502190,81.6,4.8,2.7,18.9,37
2017,666561,82.7,13.6,5.4,16.2,37
2017,543022,80.7,-3.1,0,8.1,37
2017,594838,83.8,12.1,0,16.7,36
2017,593525,86.6,16.4,2.8,19.4,36
2017,456501,76.6,-7,0,8.3,36
2017,543094,86.6,13.4,0,27.8,36
2017,605125,86.8,23.7,8.3,33.3,36
2017,571578,81.1,-5.5,0,13.9,36
2017,609275,87.2,10.8,5.7,32.4,35
2017,407793,85.7,-5.1,0,28.6,35
2017,592662,83.6,10.4,0,14.7,35
2017,608566,80.9,-12.5,0,20,35
2017,452657,88.5,-1.3,5.7,31.4,35
2017,641771,84.4,-2,0,14.3,35
2017,425794,81.4,6,5.9,11.8,34
2017,622270,83.5,5.6,2.9,23.5,34
2017,466988,84.9,20.4,0,17.6,34
2017,607257,87.6,19.7,14.7,23.5,34
2017,592836,84.4,-3.3,2.9,20.6,34
2017,453385,81.7,0.9,0,11.8,34
2017,458681,80.3,3.6,0,14.7,34
2017,543038,88.5,14.3,17.6,41.2,34
2017,434567,90.7,18.2,12.1,39.4,33
2017,606131,79.7,3.7,0,15.6,32
2017,643393,84.5,18.9,0,3.1,32
2017,571757,88.4,13.7,0,34.4,32
2017,608379,86,-2.7,0,12.5,32
2017,519043,80.3,1.8,0,9.4,32
2017,643265,89,13.7,3.1,43.8,32
2017,641598,86.8,10.5,3.2,45.2,31
2017,453562,81.2,10.5,3.2,16.1,31
2017,465753,85,10.3,3.3,30,30
2017,621446,90.9,5.9,6.7,43.3,30
2017,573185,78.5,-8.3,0,3.3,30
2017,502029,84.8,24.2,6.7,20,30
2017,467100,81.7,-7,0,7.1,29
2017,448179,80.1,-1.9,0,6.9,29
2017,547912,84.1,-4.3,3.4,24.1,29
2017,571980,84,4.7,0,31,29
2017,570632,85.8,8,0,25,28
2017,656185,88.8,12.4,3.6,25,28
2017,592866,80.5,-0.5,0,10.7,28
2017,448802,79.9,-1.7,3.6,14.3,28
2017,621389,89.3,12.6,3.6,26.9,28
2017,592407,81.5,15.8,0,14.3,28
2017,592791,76.8,-12.2,0,10.7,28
2017,622497,88,8.3,3.6,39.3,28
2017,607369,84.1,10.3,3.6,35.7,28
2017,475247,86.9,8.8,0,21.4,28
2017,476451,74,-13.6,0,7.7,27
2017,542642,88.1,1.4,7.4,33.3,27
2017,601713,78.6,-5.8,0,11.1,27
2017,453203,80.3,5.6,0,14.8,27
2017,641432,90.3,3,0,37,27
2017,622072,82,-6.3,0,11.5,27
2017,605227,90.2,16.3,7.7,50,26
2017,518902,80.3,22.7,0,7.7,26
2017,572204,88.4,7.6,7.7,50,26
2017,502624,81.3,-3.2,0,0,26
2017,475100,86.5,17.9,15.4,42.3,26
2017,595943,82,13.3,0,20,25
2017,519037,88,16.9,4,24,25
2017,605400,82.1,-11.3,0,8,25
2017,643327,78,7.4,0,8,25
2017,607536,81.8,-3.3,4,12,25
2017,592122,88.7,16.7,16,32,25
2017,607229,89.1,-5.4,0,21.7,24
2017,519025,90.6,11.7,12.5,58.3,24
2017,607625,87.1,-7.5,4.2,20.8,24
2017,456701,75.1,-19.6,0,8.3,24
2017,444843,83.9,6.9,8.3,34.8,24
2017,519076,74,-13.7,0,8.3,24
2017,434604,91.8,10.7,8.7,47.8,23
2017,490063,78,-16.1,0,8.7,23
2017,543294,78.8,0,0,17.4,23
2017,492841,87.2,13.3,0,13,23
2017,518516,89.2,18.1,17.4,39.1,23
2017,623993,86.9,22.3,0,34.8,23
2017,592314,78,7.7,0,4.5,22
2017,534947,80.5,-7.7,0,4.5,22
2017,476883,94.2,5.8,9.1,59.1,22
2017,570799,85.6,3.5,9.1,27.3,22
2017,444857,78.2,18.4,0,0,22
2017,518774,83,-4.9,0,13.6,22
2017,527049,81.3,1.1,0,27.3,22
2017,594576,76.6,-2.9,0,9.5,21
2017,457926,81.9,13.7,0,14.3,21
2017,519295,85.3,7.1,0,33.3,21
2017,622491,76.8,-1.1,0,0,21
2017,595191,79.2,-0.8,0,14.3,21
2017,545358,88.7,19.3,14.3,33.3,21
2017,506924,83.8,10.1,4.8,14.3,21
2017,605452,87.4,0.4,0,33.3,20
2017,592826,84.1,5.9,0,30,20
2017,595956,83.8,6.6,0,20,20
2017,622441,75.9,18,0,15,20
2017,543557,83.3,-2.2,0,20,20
2017,645302,87.7,7.5,5.3,26.3,19
2017,502117,85.7,4.4,0,21.1,19
2017,474699,80.3,-14.9,0,15.8,19
2017,656546,81.2,-8,0,0,19
2017,596129,88.8,11.6,5.3,26.3,19
2017,657077,81.1,-2,5.3,18.8,19
2017,600474,83.6,9.7,0,10.5,19
2017,276520,82.4,17,0,0,19
2017,622608,79.8,2.1,0,10.5,19
2017,607471,86.7,7.5,5.6,22.2,18
2017,606160,76.1,-8.4,0,16.7,18
2017,450172,79.3,2.4,0,5.6,18
2017,594902,88.3,12.4,5.9,35.3,17
2017,571927,87.9,-3.1,0,29.4,17
2017,571657,87.2,8.6,0,17.6,17
2017,448855,80,19.9,0,0,17
2017,643565,81.4,7.1,0,23.5,17
2017,596105,90.1,3.7,0,35.3,17
2017,542963,85.9,22.8,5.9,29.4,17
2017,607237,83.4,-2.4,0,5.9,17
2017,547943,86.2,11,0,31.3,16
2017,554430,84,6.8,0,25,16
2017,595238,85.6,5.2,6.3,31.3,16
2017,659275,72.4,18.3,0,0,16
2017,488912,82,8.2,0,12.5,16
2017,543045,82.9,-4.6,0,6.7,16
2017,656794,77.5,-15.9,0,0,16
2017,518649,89.6,5.3,18.8,46.7,16
2017,592351,80.7,7.1,6.7,20,15
2017,628333,77.4,-12.9,0,6.7,15
2017,493596,79,11,0,14.3,15
2017,608596,79.8,17.1,0,20,15
2017,542881,79.8,14.7,0,6.7,15
2017,500779,83.5,-8.7,0,6.7,15
2017,607219,76.8,-24.1,0,7.1,14
2017,641857,80.8,-4.6,0,21.4,14
2017,542208,80.4,14.8,14.3,21.4,14
2017,592863,87.5,13,0,28.6,14
2017,430912,75.4,1.9,0,21.4,14
2017,643410,80.1,-14.6,0,14.3,14
2017,574847,79.8,-3,0,23.1,13
2017,502239,82.5,2.2,0,0,13
2017,571679,86.6,-1,0,38.5,13
2017,596133,75,-10.7,0,7.7,13
2017,453211,82.7,28.1,0,15.4,13
2017,608717,77.5,-13.3,0,7.7,13
2017,643230,85.4,-3.4,0,15.4,13
2017,543309,79.7,21.2,0,16.7,12
2017,607732,79.5,6.4,0,16.7,12
2017,545337,82.2,3.5,8.3,33.3,12
2017,608718,68,-16.7,0,0,12
2017,572750,75.8,-1.6,0,0,12
2017,596847,93.6,6.5,18.2,45.5,11
2017,543590,95.7,12.2,36.4,54.5,11
2017,607192,78.6,-12.4,0,9.1,11
2017,642082,84.9,12.1,18.2,36.4,11
2017,543611,89.6,21.5,0,45.5,11
2017,592593,81.4,-6.8,0,9.1,11
2017,475243,88,25,9.1,36.4,11
2017,112526,78,-8.5,0,0,10
2017,503449,86.2,22.5,0,20,10
2017,596112,81.2,4.7,0,20,10
2017,608371,84.4,7.8,0,10,10
2017,572000,86.7,11.9,0,20,10
2017,591971,78.3,20.5,0,0,10
2017,621563,92.8,11.6,10,50,10
2017,592567,91.9,13.6,0,50,10
2017,545121,81.5,8,0,10,10
2017,642336,94.4,5.7,0,50,10
2017,621107,84.4,7.1,0,22.2,9
2017,595918,79.3,9.1,0,33.3,9
2017,457454,87.3,35.3,0,37.5,9
2017,435221,89.9,-0.3,0,33.3,9
2017,518586,88,6.1,0,33.3,9
2017,605540,82.2,-20.1,0,33.3,9
2017,642094,83.8,2.7,0,0,9
2017,543148,93.9,5.3,22.2,55.6,9
2017,543089,73,8.8,0,22.2,9
2017,518452,81.6,6.6,0,0,8
2017,502570,83.1,24.1,0,12.5,8
2017,600466,85.5,5.2,0,25,8
2017,621512,90.5,9.8,0,50,8
2017,605357,86.4,16.7,12.5,37.5,8
2017,502151,83.9,3.4,0,12.5,8
2017,622097,87.1,4.5,12.5,12.5,8
2017,543432,87.3,13.3,0,37.5,8
2017,657145,84.8,-2,0,12.5,8
2017,570717,81.1,-6.4,0,25,8
2017,543734,79.7,-4.7,0,0,7
2017,592348,84.2,10,0,28.6,7
2017,434628,72.8,-6,0,0,7
2017,542436,82,39.7,0,0,7
2017,592200,83,21.7,14.3,28.6,7
2017,506747,90.3,10.1,28.6,42.9,7
2017,608672,87.2,12.3,0,14.3,7
2017,600524,84.8,22.5,14.3,14.3,7
2017,547179,83.5,-11.3,14.3,14.3,7
2017,609280,96.2,-2.8,28.6,57.1,7
2017,429722,86.9,4.2,0,0,7
2017,572233,95.2,16.3,42.9,42.9,7
2017,623167,85,2.2,0,14.3,7
2017,543475,81.6,-7.8,0,0,7
2017,543362,88.6,23.9,0,16.7,6
2017,543213,92.4,20.1,0,33.3,6
2017,543408,77.8,-12.4,0,0,6
2017,572180,82.5,41.7,0,16.7,6
2017,595453,91.1,21.1,0,50,6
2017,489232,93.5,7.3,0,50,6
2017,429719,81.4,12.6,0,0,6
2017,543459,85.3,-4.5,0,16.7,6
2017,517414,79.1,4.7,0,16.7,6
2017,571974,94.3,5.6,16.7,66.7,6
2017,488768,91.5,-2.5,0,20,5
2017,543548,89.7,-17.6,0,20,5
2017,506433,68.8,8.4,0,0,5
2017,519455,81.7,-7.2,0,40,5
2017,607297,88.3,41.7,0,20,5
2017,641816,78.8,-18.9,0,0,5
2017,571553,94,9.7,40,60,5
2017,612672,68.5,1,0,0,5
2017,608331,81.2,-8.8,0,0,5
2017,607074,97.2,6.2,0,20,5
2017,605483,88,-11,0,20,5
2017,542993,70.3,26.4,0,0,5
2017,605232,89.4,2.1,0,0,5
2017,607223,84.1,19.5,0,20,5
2017,546990,90.8,3.4,20,40,5
2017,593958,80.3,-4.2,0,0,5
2017,592789,103.9,11.2,0,80,5
2017,456068,73.3,-18.2,0,0,5
2017,548389,71,16,0,0,5
2017,502042,71.9,-15.1,0,0,5
2017,545363,70.6,7.8,0,0,5
2017,458708,82,10.8,0,0,4
2017,506693,98.5,0,0,50,4
2017,622766,74.6,-15.3,0,0,4
2017,502748,86.9,-8.8,0,25,4
2017,474463,78.4,-24.1,0,50,4
2017,543606,91.5,-3.1,0,25,4
2017,543054,82.9,-20.7,0,0,4
2017,450308,90.2,-7.8,0,25,4
2017,623451,78.1,-4.6,25,50,4
2017,502179,82.7,-7.3,0,50,4
2017,605397,81.4,-9.5,0,0,4
2017,542194,95.9,30,25,75,4
2017,592731,87.4,5.9,25,75,4
2017,640463,84.1,11.7,0,25,4
2017,445276,92.7,-5.9,0,50,4
2017,489334,81.6,11.5,0,25,4
2017,572227,88.8,6.8,0,25,4
2017,656427,80.4,-10,0,25,4
2017,543652,80.3,22.8,0,0,4
2017,622217,67.5,-11.1,0,0,4
2017,622663,97,-1.7,0,75,4
2017,534606,76.2,-5.2,0,25,4
2017,573186,88.5,16.1,33.3,66.7,3
2017,471911,NA,NA,0,0,3
2017,571946,91.7,11.3,0,66.7,3
2017,543208,91.9,-12.6,0,66.7,3
2017,621121,89.3,25.6,0,33.3,3
2017,621244,69.2,32.4,0,0,3
2017,571510,79.5,-29,0,33.3,3
2017,570810,72.8,-4.1,0,0,3
2017,607455,67.1,-7.7,0,0,3
2017,605538,88.7,-19,0,0,3
2017,607231,85.7,-23.2,0,33.3,3
2017,489119,78.7,-24.5,0,0,3
2017,621295,88.3,-13.5,0,0,3
2017,607352,72.3,-28.6,0,0,3
2017,622210,86.1,-14,0,0,3
2017,605254,85.3,-29.8,0,0,3
2017,605242,75,-37.7,0,33.3,3
2017,545346,72.6,-41.9,0,0,3
2017,445060,89.4,34.3,0,0,3
2017,627894,65,-31.9,0,0,3
2017,544925,81.3,6.9,0,0,3
2017,502009,82.3,15.6,0,0,3
2017,596071,66.8,-9.5,0,0,3
2017,596043,83.3,-14.1,0,33.3,3
2017,628711,82.9,-20.7,0,0,3
2017,642239,68.8,3.8,0,0,3
2017,450203,82,-13.2,0,0,3
2017,450306,67.2,2.2,0,0,3
2017,592879,84,40,0,33.3,3
2017,592779,69.8,29.2,0,0,3
2017,452027,90.8,-18.6,0,0,3
2017,658792,98.5,-3.4,0,100,3
2017,592426,80.5,-3.7,0,0,3
2017,453178,85.8,-14.1,0,0,3
2017,664641,84.3,-6.7,0,0,3
2017,607200,82.9,-20.7,0,0,2
2017,640455,90.6,-16.2,0,0,2
2017,623352,70.6,-40.8,0,0,2
2017,606959,92.1,26.4,0,0,2
2017,605182,76.7,-37.6,0,0,2
2017,605151,98.9,-8.9,0,50,2
2017,598271,92,-4.7,0,0,2
2017,596271,66.1,-35.9,0,0,2
2017,594992,78.1,-13.4,0,0,2
2017,594835,100.5,3.4,0,50,2
2017,592547,95.4,-8.6,0,100,2
2017,592169,83.9,2.1,0,0,2
2017,571670,84.9,-2.5,0,0,2
2017,570240,87.2,2.8,0,0,2
2017,545333,98.4,-11.3,0,100,2
2017,544150,80.7,-28.1,0,0,2
2017,543867,72.9,-5.1,0,0,2
2017,543272,NA,NA,0,0,2
2017,541640,90.2,2.1,0,0,2
2017,519242,97,7.1,0,50,2
2017,519008,86.6,-19,0,0,2
2017,518748,78.8,-10,0,0,2
2017,518397,74.3,-32.1,0,0,2
2017,502171,90.9,52,0,0,2
2017,502051,82.6,-33.5,0,0,2
2017,501697,96.7,7.6,0,50,2
2017,501381,99,3.5,0,50,2
2017,500724,87.9,-22.2,0,0,2
2017,453281,86.7,-6.6,0,0,2
2017,451596,96.3,-9.8,0,50,2
2017,450729,79.1,24.7,0,0,2
2017,446372,86.9,24.5,0,0,2
2017,451705,84.2,3,0,0,2
2017,456124,106,5.5,50,100,2
2017,444468,60.9,-13.9,0,0,2
2017,434622,87.6,-6.4,0,0,2
2017,434378,79.9,-0.9,0,0,2
2017,430935,85.8,-10.7,0,50,2
2017,605253,90.1,-3.4,0,0,2
2017,407822,NA,NA,0,0,2
2017,596119,84.4,44.8,0,0,2
2017,595373,63,22.1,0,0,2
2017,501593,96.5,28.8,0,100,1
2017,641796,70.2,55.9,0,0,1
2017,430661,NA,NA,0,0,1
2017,548357,88.7,24.1,0,0,1
2017,554374,81.8,-37.5,0,0,1
2017,570663,NA,NA,0,0,1
2017,488846,94.6,4,0,0,1
2017,571871,74.9,34.7,0,0,1
2017,477569,82.6,12.3,0,0,1
2017,572971,88,-10.9,0,0,1
2017,573064,77,23.4,0,0,1
2017,467008,104.6,14.9,0,100,1
2017,462515,79.7,-2,0,0,1
2017,462136,77.2,-15.1,0,0,1
2017,573244,64.2,-23.8,0,0,1
2017,584171,NA,NA,0,0,1
2017,458676,98.1,-12.4,0,100,1
2017,457918,54,30.8,0,0,1
2017,592127,94.9,17.6,0,0,1
2017,456034,66.4,24.6,0,0,1
2017,623395,100.2,-3.5,0,100,1
2017,592332,73.3,-27,0,0,1
2017,452718,NA,NA,0,0,1
2017,592741,94.5,-13.3,0,0,1
2017,627500,95,-17.2,0,100,1
2017,592680,89.6,20.6,0,0,1
2017,593679,53,-50.7,0,0,1
2017,594742,70.4,81.9,0,0,1
2017,594760,106.8,-2.5,0,100,1
2017,448609,71.2,46.7,0,0,1
2017,446399,93.1,-17.2,0,0,1
2017,572241,90,20.9,0,0,1
2017,628452,99.8,17.9,0,100,1
2017,445926,NA,NA,0,0,1
2017,594772,74.3,15,0,0,1
2017,594840,82.9,-20.7,0,0,1
2017,600526,72,10.8,0,0,1
2017,605154,65.9,13.1,0,0,1
2017,605194,89.5,-5.6,0,0,1
2017,450641,NA,NA,0,0,1
2017,641941,71.8,-12.6,0,0,1
2017,642231,77.7,-39,0,0,1
2017,502205,NA,NA,0,NA,1
2017,605388,91.9,12.6,0,0,1
2017,605795,68.8,-18.8,0,0,1
2017,434672,60,53.7,0,0,1
2017,434671,54,31.1,0,0,1
2017,608650,75.1,-22.5,0,0,1
2017,621112,98.4,-15.3,0,100,1
2017,282332,71.7,57.9,0,0,1
2017,518693,82.1,-28.7,0,0,1
2017,518633,91.8,-19.7,0,0,1
2017,518468,82.7,-15.9,0,0,1
2017,519144,73.5,-24,0,0,1
2017,621199,NA,NA,0,0,1
2017,519263,95.2,-2.9,0,100,1
2017,519294,88.4,-5.3,0,0,1
2017,519322,36.7,20.7,0,0,1
2017,533167,NA,NA,0,0,1
2017,504379,85.8,47.2,0,0,1
2017,543219,93.8,18.2,0,0,1
2017,502706,88.4,6.6,0,0,1
2017,543542,70.8,15.7,0,0,1
2017,643414,89.7,-28.4,0,0,1
2017,623149,NA,NA,0,0,1
2017,502046,80.6,-28.5,0,0,1
2017,547749,90.6,-10.8,0,0,1
2017,547888,NA,NA,0,0,1
2017,502004,82.7,6.6,0,0,1
2017,656756,88.9,-24.8,0,0,1
